date,open,high,low,close,volume
2024-06-03,4003.469,4036.448,3981.76,4005.462,708610810
2024-06-04,3995.133,4054.342,3991.628,4043.257,655400509
2024-06-05,4038.562,4083.925,4035.883,4043.347,589610267
2024-06-06,4049.93,4056.308,4000.882,4012.326,703993875
2024-06-07,3999.041,4011.955,3907.826,3941.151,585418042
2024-06-11,3912.163,3959.6,3895.43,3952.883,617435373
2024-06-12,3937.384,3953.622,3919.048,3919.048,659378124
2024-06-13,3936.922,3949.338,3903.714,3909.192,817393653
2024-06-14,3910.867,3918.182,3847.69,3918.182,1101601184
2024-06-17,3889.616,3950.829,3888.049,3940.947,905121589
2024-06-18,3939.65,3961.007,3928.587,3945.402,737793500
2024-06-19,3949.071,3951.14,3894.488,3894.488,650854145
2024-06-20,3888.322,3910.196,3849.847,3853.19,697131766
2024-06-21,3844.112,3855.107,3803.708,3837.333,638916387
2024-06-24,3815.924,3844.996,3796.138,3800.084,702184572
2024-06-25,3791.707,3799.593,3729.4,3748.096,688718426
2024-06-26,3741.485,3811.355,3730.888,3805.635,781843414
2024-06-27,3787.859,3794.531,3758.156,3761.907,687648986
2024-06-28,3741.917,3790.274,3712.875,3721.632,753148434
2024-07-01,3710.202,3722.584,3628.752,3687.431,687504283
2024-07-02,3675.85,3691.179,3642.898,3652.32,693875661
2024-07-03,3650.156,3670.244,3616.868,3637.098,618043537
2024-07-04,3648.479,3666.91,3617.124,3619.043,631062698
2024-07-05,3621.735,3650.464,3586.041,3634.92,725082202
2024-07-08,3628.21,3628.21,3568.926,3576.582,623710062
2024-07-09,3573.067,3634.165,3545.369,3618.301,873516957
2024-07-10,3600.754,3650.363,3599.99,3617.463,754433227
2024-07-11,3663.737,3721.677,3638.775,3698.787,1050985375
2024-07-12,3699.398,3709.039,3665.045,3691.097,775654170
2024-07-15,3676.753,3686.178,3654.661,3665.103,669153187
2024-07-16,3659.036,3712.965,3659.036,3709.276,899034059
2024-07-17,3699.823,3741.1,3684.424,3721.399,980070975
2024-07-18,3695.028,3773.407,3686.669,3768.976,936576038
2024-07-19,3749.29,3801.524,3746.715,3789.731,819308512
2024-07-22,3793.5,3803.282,3760.917,3783.769,720947989
2024-07-23,3773.968,3773.968,3665.708,3665.723,675545339
2024-07-24,3654.387,3674.625,3594.724,3606.314,667160057
2024-07-25,3592.609,3619.445,3579.21,3596.401,636136872
2024-07-26,3605.271,3644.908,3598.594,3626.8,625880354
2024-07-29,3614.385,3614.385,3546.845,3547.785,579549267
2024-07-30,3537.04,3545.806,3511.542,3532.11,509754507
2024-07-31,3517.405,3664.363,3517.405,3658.17,957930814
2024-08-01,3655.574,3666.523,3603.381,3610.149,731428282
2024-08-02,3588.129,3646.476,3580.364,3586.446,719771624
2024-08-05,3561.306,3631.795,3534.884,3534.997,866173010
2024-08-06,3566.778,3596.213,3535.803,3563.251,709589134
2024-08-07,3558.982,3583.513,3547.046,3560.673,598712226
2024-08-08,3549.143,3590.375,3525.733,3556.414,550163061
2024-08-09,3570.183,3588.207,3519.046,3519.533,474909638
2024-08-12,3515.986,3529.187,3501.045,3509.002,465820097
2024-08-13,3504.954,3518.157,3477.229,3518.157,473489952
2024-08-14,3511.416,3511.416,3461.925,3462.131,440091020
2024-08-15,3453.827,3522.045,3452.344,3483.198,616497315
2024-08-16,3480.398,3493.585,3464.345,3474.891,530376533
2024-08-19,3469.229,3514.228,3468.906,3471.0,541686323
2024-08-20,3468.625,3472.106,3424.651,3430.691,692887067
2024-08-21,3419.708,3440.545,3407.143,3409.567,754275593
2024-08-22,3407.369,3417.302,3372.962,3380.242,739824662
2024-08-23,3362.733,3400.222,3362.733,3385.891,617781524
2024-08-26,3394.407,3404.527,3361.74,3373.934,771911012
2024-08-27,3361.249,3376.135,3351.453,3359.832,763712455
2024-08-28,3352.145,3367.653,3335.155,3350.729,618491508
2024-08-29,3321.983,3411.632,3321.983,3389.359,775306284
2024-08-30,3411.854,3541.319,3411.854,3493.57,1030636211
2024-09-02,3486.056,3492.718,3403.795,3405.48,786097635
2024-09-03,3396.077,3459.696,3395.087,3446.421,631291013
2024-09-04,3428.044,3490.809,3420.847,3451.859,626103306
2024-09-05,3452.483,3494.637,3452.004,3473.619,581060386
2024-09-06,3471.396,3473.281,3409.581,3411.279,483597539
2024-09-09,3389.004,3436.825,3383.508,3407.24,544542208
2024-09-10,3410.812,3438.985,3377.552,3413.129,543888447
2024-09-11,3408.472,3458.72,3396.175,3448.19,584117766
2024-09-12,3455.131,3475.521,3415.656,3418.123,602947981
2024-09-13,3419.295,3419.295,3371.149,3371.212,578201049
2024-09-18,3368.522,3387.814,3349.438,3371.813,465779517
2024-09-19,3393.897,3439.262,3347.016,3407.307,650950118
2024-09-20,3409.835,3409.835,3365.562,3389.734,531284833
2024-09-23,3390.692,3412.712,3360.272,3364.087,480396529
2024-09-24,3399.76,3526.971,3370.332,3522.117,1081765608
2024-09-25,3595.531,3655.049,3571.579,3574.205,1199081812
2024-09-26,3565.056,3704.726,3527.204,3700.292,1230686963
2024-09-27,3785.566,4144.359,3785.566,4056.142,2108958675
2024-09-30,4288.976,4667.329,4207.413,4641.191,3211553745
2024-10-08,5502.834,5502.834,4964.182,5382.228,4242396988
2024-10-09,5132.629,5249.776,4777.57,4777.57,3656116116
2024-10-10,4825.078,4890.513,4622.117,4694.582,2285267833
2024-10-11,4635.07,4658.468,4373.226,4439.579,1873652531
2024-10-14,4492.314,4562.672,4375.353,4549.223,1826187198
2024-10-15,4545.729,4582.999,4408.292,4411.703,1766559141
2024-10-16,4314.963,4403.406,4292.946,4322.469,1428495554
2024-10-17,4353.374,4392.62,4291.552,4294.917,1536963096
2024-10-18,4277.951,4752.819,4272.757,4592.568,2458617171
2024-10-21,4638.937,4739.142,4564.379,4621.485,2359019088
2024-10-22,4606.123,4646.266,4553.705,4615.507,1903867162
2024-10-23,4595.591,4685.639,4565.938,4597.154,1859968380
2024-10-24,4547.676,4576.003,4521.059,4536.479,1417931072
2024-10-25,4562.974,4723.025,4540.087,4652.968,1788781483
2024-10-28,4632.819,4646.181,4573.192,4645.815,1590380162
2024-10-29,4657.98,4668.312,4551.784,4555.53,1740267673
2024-10-30,4502.658,4561.432,4448.718,4499.154,1448579570
2024-10-31,4485.323,4563.365,4441.716,4499.071,1629413599
2024-11-01,4478.992,4488.903,4407.587,4411.729,1533466173
2024-11-04,4411.14,4543.912,4411.14,4543.912,1141293679
2024-11-05,4534.107,4757.941,4511.893,4744.545,1910890293
2024-11-06,4743.009,4886.021,4683.329,4721.012,2049679323
2024-11-07,4689.103,4893.807,4680.409,4893.807,2064254119
2024-11-08,4971.205,4998.921,4842.883,4850.256,2259518932
2024-11-11,4802.564,4990.121,4800.221,4986.658,2358602681
2024-11-12,5020.454,5099.596,4947.8,5004.229,2942529100
2024-11-13,4951.411,5046.612,4888.966,5025.422,1995676690
2024-11-14,5011.355,5033.051,4862.396,4871.02,1624886233
2024-11-15,4833.703,4876.17,4682.322,4682.322,1562086600
2024-11-18,4685.798,4705.741,4539.747,4572.063,1528899445
2024-11-19,4591.744,4710.057,4540.996,4707.888,1283137238
2024-11-20,4678.875,4770.579,4659.834,4736.277,1436555277
2024-11-21,4704.225,4765.327,4697.042,4732.029,1303329295
2024-11-22,4718.951,4727.649,4539.672,4539.672,1440766866
2024-11-25,4560.388,4580.133,4475.485,4545.326,1138101754
2024-11-26,4518.991,4590.894,4511.728,4516.094,1021413843
2024-11-27,4486.3,4649.89,4460.009,4648.743,1189731099
2024-11-28,4640.765,4645.563,4553.646,4561.716,1055225440
2024-11-29,4549.127,4747.866,4549.127,4670.096,1302169490
2024-12-02,4650.453,4743.749,4647.99,4736.522,1397529718
2024-12-03,4734.479,4752.532,4675.029,4718.486,1195824593
2024-12-04,4712.921,4736.131,4652.339,4670.487,1160641232
2024-12-05,4651.603,4701.324,4643.276,4670.535,1039202583
2024-12-06,4669.58,4807.319,4657.71,4759.59,1357476211
2024-12-09,4751.862,4767.548,4687.663,4722.947,1238666877
2024-12-10,4949.413,4953.284,4757.996,4765.683,1928154726
2024-12-11,4751.576,4782.95,4728.5,4751.821,1553372919
2024-12-12,4736.312,4821.244,4732.321,4801.622,1496033906
2024-12-13,4763.727,4777.592,4697.177,4697.177,2172982458
2024-12-16,4702.143,4711.645,4632.76,4651.46,2556261762
2024-12-17,4633.81,4688.189,4621.314,4625.452,1817901617
2024-12-18,4635.21,4670.567,4605.901,4644.528,1802987247
2024-12-19,4599.946,4672.595,4588.754,4660.237,2059242827
2024-12-20,4650.537,4698.352,4640.47,4647.123,1872763399
2024-12-23,4637.398,4660.101,4593.995,4593.995,1772443996
2024-12-24,4601.642,4662.188,4601.642,4658.41,1430905342
2024-12-25,4664.747,4665.344,4605.758,4628.018,1388523052
2024-12-26,4622.871,4665.148,4610.065,4646.072,1517697728
2024-12-27,4642.393,4685.541,4618.512,4640.028,1566465471
2024-12-30,4625.216,4680.915,4625.216,4636.376,1454343179
2024-12-31,4630.04,4641.265,4537.014,4537.014,1717139975
2025-01-02,4534.62,4535.911,4339.888,4377.685,1595182004
2025-01-03,4382.642,4398.678,4298.292,4302.459,1351389010
2025-01-06,4315.854,4344.163,4272.276,4300.945,1055212413
2025-01-07,4274.493,4329.213,4259.826,4328.506,1189275494
2025-01-08,4301.37,4343.865,4214.677,4303.614,1365758655
2025-01-09,4277.521,4325.821,4277.2,4294.695,1141082304
2025-01-10,4286.578,4333.551,4238.812,4238.812,1176346100
2025-01-13,4205.009,4274.026,4203.6,4239.639,920325536
2025-01-14,4246.687,4423.411,4219.185,4415.885,1701505700
2025-01-15,4398.545,4398.545,4336.631,4347.293,1314530524
2025-01-16,4371.152,4430.591,4324.087,4363.377,1342970270
2025-01-17,4347.98,4452.543,4347.959,4419.457,1232059978
2025-01-20,4457.432,4516.733,4457.432,4490.079,1332015397
2025-01-21,4525.32,4525.32,4465.948,4519.328,1470180226
2025-01-22,4504.651,4511.255,4442.883,4473.227,1440610598
2025-01-23,4515.797,4555.858,4481.62,4481.768,1713934155
2025-01-24,4459.262,4553.15,4458.13,4542.13,1929083759
2025-01-27,4542.972,4545.157,4446.429,4446.434,1430701780
2025-02-05,4490.891,4499.312,4442.659,4470.748,1968446143
2025-02-06,4463.967,4600.357,4456.192,4593.87,2337759575
2025-02-07,4612.575,4745.901,4593.944,4698.024,2818919207
2025-02-10,4705.194,4718.699,4652.86,4710.539,2379632558
2025-02-11,4710.889,4710.889,4660.895,4669.737,2135126879
2025-02-12,4647.819,4746.881,4630.957,4742.297,2102319961
2025-02-13,4730.845,4745.904,4688.243,4691.11,2318750141
2025-02-14,4679.619,4788.53,4679.619,4776.109,2332851182
2025-02-17,4820.504,4842.192,4762.045,4802.902,2724050668
2025-02-18,4794.002,4818.288,4704.679,4729.38,2407597346
2025-02-19,4711.141,4837.635,4711.141,4834.665,2229362824
2025-02-20,4833.367,4862.418,4797.593,4838.887,2386414847
2025-02-21,4844.312,4939.63,4844.197,4927.07,2943917863
2025-02-24,4928.104,4942.327,4853.799,4894.333,2592328498
2025-02-25,4816.154,4898.307,4811.508,4842.714,2096124297
2025-02-26,4854.584,4916.382,4822.01,4893.281,2215837789
2025-02-27,4891.944,4917.834,4809.415,4874.771,2463297224
2025-02-28,4843.812,4848.158,4674.114,4687.271,2140414879
2025-03-03,4703.516,4808.87,4675.052,4737.082,1905011918
2025-03-04,4689.204,4755.406,4668.997,4745.185,1561128125
2025-03-05,4744.767,4768.477,4707.148,4739.143,1530118824
2025-03-06,4766.731,4832.24,4759.596,4814.584,2061250533
2025-03-07,4794.529,4797.898,4733.898,4756.308,1792360118
2025-03-10,4764.814,4781.015,4712.205,4748.168,1419647520
2025-03-11,4691.417,4770.621,4687.734,4755.905,1827047434
2025-03-12,4764.588,4768.251,4715.133,4726.093,1950654905
2025-03-13,4721.903,4731.09,4631.989,4655.908,1604883508
2025-03-14,4652.604,4767.062,4639.793,4758.043,1830298845
2025-03-17,4775.486,4781.045,4720.271,4727.375,1791749641
2025-03-18,4748.325,4786.504,4733.244,4746.022,1559136232
2025-03-19,4733.282,4766.116,4708.955,4739.223,1481471019
2025-03-20,4733.371,4735.148,4677.754,4682.011,1202402138
2025-03-21,4669.723,4691.43,4580.82,4588.069,1516111661
2025-03-24,4588.106,4602.125,4534.738,4588.129,1298486506
2025-03-25,4590.136,4610.82,4556.333,4577.18,1124745896
2025-03-26,4570.094,4599.552,4565.236,4566.171,960992244
2025-03-27,4551.389,4628.155,4530.086,4590.384,978713615
2025-03-28,4577.224,4600.628,4549.985,4549.985,830199422
2025-03-31,4531.466,4547.434,4470.285,4498.996,1037621655
2025-04-01,4508.292,4543.766,4482.681,4494.568,942312546
2025-04-02,4498.107,4521.815,4475.367,4486.078,747849149
2025-04-03,4434.288,4457.942,4380.602,4388.86,1171417042
2025-04-07,4107.186,4162.369,3800.203,3899.205,2453184037
2025-04-08,3952.572,4043.806,3908.688,3967.169,1996181504
2025-04-09,3897.487,4038.34,3840.132,4000.805,1956541591
2025-04-10,4120.462,4178.027,4078.983,4089.809,1796708258
2025-04-11,4066.158,4193.895,4063.134,4162.151,1451829829
2025-04-14,4226.362,4227.358,4158.847,4167.945,1341428667
2025-04-15,4170.102,4183.049,4133.391,4156.784,982500262
2025-04-16,4135.371,4137.894,4062.311,4119.9,1013526521
2025-04-17,4091.029,4173.116,4090.073,4146.493,845923296
2025-04-18,4136.334,4149.13,4109.728,4139.41,828905333
2025-04-21,4127.186,4191.816,4108.397,4185.386,1130557370
2025-04-22,4175.33,4195.887,4159.222,4172.445,1106558387
2025-04-23,4208.587,4230.204,4177.249,4200.643,1318203319
2025-04-24,4197.551,4219.915,4159.177,4165.072,1018934886
2025-04-25,4161.884,4204.947,4153.065,4176.734,1030599292
2025-04-28,4179.48,4179.48,4135.574,4147.684,939236734
2025-04-29,4132.667,4168.584,4126.375,4148.882,956672842
2025-04-30,4156.999,4207.205,4146.038,4194.834,1064419393
2025-05-06,4232.549,4258.606,4211.771,4258.606,1300106383
2025-05-07,4325.04,4342.507,4240.817,4267.83,1280233135
2025-05-08,4255.856,4334.411,4250.907,4312.54,1039046233
2025-05-09,4311.408,4311.408,4254.38,4270.06,953509819
2025-05-12,4331.222,4380.353,4326.361,4378.499,1187587320
2025-05-13,4430.403,4430.403,4369.77,4375.65,1160506331
2025-05-14,4363.751,4419.376,4333.591,4385.458,1040008691
2025-05-15,4375.103,4375.103,4308.267,4308.423,912435700
2025-05-16,4294.332,4321.033,4287.113,4294.435,766493586
2025-05-19,4294.219,4294.257,4254.653,4287.735,715837535
2025-05-20,4300.282,4335.055,4263.974,4314.127,870775351
2025-05-21,4319.999,4371.213,4312.667,4348.35,945036206
2025-05-22,4347.63,4347.63,4301.122,4304.178,916598516
2025-05-23,4296.824,4343.839,4274.177,4274.177,952272922
2025-05-26,4255.967,4269.7,4212.835,4233.244,756957962
2025-05-27,4229.055,4229.055,4190.973,4204.954,620541235
2025-05-28,4211.822,4231.628,4199.385,4204.02,592660806
2025-05-29,4209.809,4262.32,4205.159,4259.02,930307342
2025-05-30,4242.875,4243.209,4209.53,4211.292,1144972219
2025-06-03,4199.731,4270.454,4198.413,4253.246,1392965834
2025-06-04,4252.052,4270.793,4242.849,4258.448,1142917166
2025-06-05,4265.72,4327.016,4252.067,4316.717,1400249999
2025-06-06,4314.921,4314.921,4271.962,4279.883,1045718506
2025-06-09,4286.147,4344.825,4284.3,4320.064,1165343714
2025-06-10,4315.213,4335.21,4252.85,4277.24,1236085637
2025-06-11,4286.698,4355.732,4286.698,4330.259,1198196802
2025-06-12,4323.777,4346.595,4305.617,4327.763,1112736719
2025-06-13,4307.84,4342.358,4283.59,4287.483,1430900415
2025-06-16,4274.128,4298.288,4273.213,4288.157,1287765003
2025-06-17,4289.441,4294.296,4266.211,4279.109,1196575584
2025-06-18,4274.494,4293.757,4264.237,4274.329,1204032492
2025-06-19,4271.945,4284.233,4208.303,4218.624,1236942805
2025-06-20,4213.291,4232.977,4191.175,4196.291,1133217696
2025-06-23,4177.211,4217.193,4176.361,4208.33,1148436925
2025-06-24,4219.436,4296.478,4219.436,4294.095,1630601146
2025-06-25,4297.793,4393.186,4295.206,4384.587,1670818137
2025-06-26,4381.555,4395.59,4350.589,4351.907,1635393597
2025-06-27,4375.562,4395.223,4343.104,4346.617,1403409961
2025-06-30,4358.393,4400.955,4358.393,4398.511,1643922093
2025-07-01,4395.458,4395.458,4359.731,4380.68,1321666519
2025-07-02,4375.822,4377.962,4342.184,4350.841,1140090035
2025-07-03,4356.826,4412.293,4356.826,4403.307,1242131306
2025-07-04,4409.793,4447.729,4375.13,4402.531,1412889034
2025-07-07,4395.419,4409.873,4350.17,4354.253,1120165286
2025-07-08,4353.247,4444.16,4352.812,4429.937,1452362372
2025-07-09,4427.317,4464.33,4421.142,4431.854,1245377868
2025-07-10,4445.624,4468.896,4425.406,4446.788,1315539343
2025-07-11,4447.886,4505.011,4439.132,4475.932,1367289908
2025-07-14,4473.525,4474.752,4433.837,4448.853,1122232747
2025-07-15,4448.063,4477.516,4405.406,4438.432,1286081089
2025-07-16,4438.261,4452.251,4416.02,4429.528,1035436007
2025-07-17,4433.08,4464.752,4430.531,4464.752,1237718036
2025-07-18,4480.178,4497.61,4449.41,4491.101,1142169847
2025-07-21,4507.372,4544.31,4498.712,4542.751,1217542713
2025-07-22,4538.649,4591.668,4529.228,4591.668,1401093671
2025-07-23,4597.65,4630.133,4573.975,4582.287,1224652970
2025-07-24,4587.369,4638.106,4581.862,4637.813,1378493134
2025-07-25,4637.083,4648.958,4609.502,4623.345,1107222600
2025-07-28,4628.468,4644.102,4602.888,4631.993,1102426480
2025-07-29,4628.082,4662.362,4588.254,4662.362,1329273665
2025-07-30,4655.121,4675.485,4585.667,4613.789,1532726969
2025-07-31,4618.525,4634.217,4512.79,4523.105,1823444372
2025-08-01,4535.946,4579.972,4508.62,4541.811,1548316612
2025-08-04,4521.375,4565.631,4517.112,4565.631,1346118346
2025-08-05,4574.253,4586.675,4556.77,4580.854,1190170668
2025-08-06,4576.363,4610.781,4575.419,4609.889,1525437776
2025-08-07,4614.745,4628.441,4571.788,4589.673,1419383735
2025-08-08,4587.05,4626.681,4569.352,4592.234,1743836649
2025-08-11,4602.2,4665.005,4601.942,4655.547,1725740477
2025-08-12,4656.744,4681.471,4633.82,4681.471,1610941962
2025-08-13,4695.741,4773.908,4683.355,4773.857,1857478711
2025-08-14,4794.897,4825.578,4735.768,4753.844,2198292123
2025-08-15,4739.963,4867.538,4738.758,4852.191,1909016170
2025-08-18,4875.533,4959.592,4847.372,4926.114,2231581303
2025-08-19,4916.415,4945.837,4883.783,4898.63,1985174557
2025-08-20,4877.288,4936.672,4838.523,4935.52,1896031474
2025-08-21,4950.704,4987.81,4917.346,4936.682,1887820731
2025-08-22,4928.543,5041.72,4928.543,5041.72,1917565287
2025-08-25,5085.494,5135.005,5032.351,5108.896,2403622526
2025-08-26,5095.88,5156.115,5066.075,5115.795,2406895746
2025-08-27,5116.047,5205.625,5035.983,5035.983,2682927073
2025-08-28,5015.786,5135.053,4987.097,5135.053,2312307298
2025-08-29,5148.895,5280.313,5108.849,5222.097,2032390613
2025-09-01,5240.637,5282.9,5208.792,5268.168,1971107928
2025-09-02,5257.444,5283.627,5100.082,5142.051,2138627836
2025-09-03,5158.884,5200.256,5104.332,5137.919,1818585622
2025-09-04,5168.028,5236.899,4960.187,5029.378,2100823698
2025-09-05,5027.606,5256.153,5014.394,5251.886,1916208916
2025-09-08,5290.47,5367.54,5259.719,5342.951,2126889067
2025-09-09,5302.34,5324.956,5195.68,5225.136,1628104483
2025-09-10,5214.302,5263.173,5163.531,5226.781,1499589434
2025-09-11,5223.334,5394.453,5204.458,5394.453,2063898837
2025-09-12,5391.647,5422.921,5336.884,5345.06,1718029945
2025-09-15,5424.482,5520.647,5419.884,5451.05,2209326657
2025-09-16,5445.361,5482.555,5369.484,5471.976,1943781074
2025-09-17,5485.431,5615.4,5472.516,5603.642,2328261876
2025-09-18,5586.775,5642.966,5437.255,5509.965,2800735385
2025-09-19,5504.179,5564.021,5473.385,5487.156,1889777574
2025-09-22,5500.938,5524.831,5455.498,5524.517,1859088518
2025-09-23,5528.463,5581.288,5387.999,5505.486,2271090649
2025-09-24,5479.816,5650.829,5470.662,5650.829,2334588247
2025-09-25,5638.39,5772.504,5638.39,5726.857,2193437605
2025-09-26,5712.213,5737.282,5592.056,5595.783,1822774793
2025-09-29,5619.729,5725.982,5615.026,5702.831,1825138278
2025-09-30,5705.034,5760.631,5702.102,5745.626,1827216258
2025-10-09,5759.555,5917.449,5758.178,5860.289,2269298602
2025-10-10,5811.261,5812.629,5580.673,5607.421,2149595450
2025-10-13,5384.183,5571.95,5384.183,5543.157,2013351251
2025-10-14,5625.256,5643.973,5364.15,5386.621,2058924568
2025-10-15,5401.591,5506.868,5340.953,5502.61,1780570227
2025-10-16,5485.003,5559.604,5464.739,5491.159,1657077898
2025-10-17,5474.409,5488.839,5286.531,5291.035,1564152111
2025-10-20,5372.346,5423.868,5323.212,5354.773,1344565482
2025-10-21,5390.761,5469.15,5358.418,5441.787,1470077503
2025-10-22,5410.102,5440.071,5374.293,5393.604,1129394656
2025-10-23,5380.746,5408.544,5303.336,5397.369,1132355579
2025-10-24,5415.785,5505.572,5413.572,5505.572,1430214088
2025-10-27,5583.568,5594.351,5491.584,5570.429,1804284327
2025-10-28,5548.005,5623.965,5529.29,5553.633,1508856807
2025-10-29,5574.561,5707.172,5574.561,5707.172,1761747295
2025-10-30,5699.261,5703.118,5588.616,5592.984,1880836151
2025-10-31,5598.482,5664.129,5546.111,5548.367,1773408398
2025-11-03,5541.458,5558.312,5431.155,5543.818,1569127095
2025-11-04,5529.933,5533.914,5376.235,5416.739,1307597302
2025-11-05,5326.631,5497.5,5326.631,5473.879,1290625470
2025-11-06,5492.229,5567.708,5488.982,5557.2,1392104208
2025-11-07,5527.651,5574.453,5487.199,5530.883,1409008739
2025-11-10,5553.028,5581.322,5464.92,5500.83,1569568998
2025-11-11,5526.682,5549.207,5450.061,5457.101,1262766034
2025-11-12,5455.074,5473.062,5378.025,5409.161,1316307393
2025-11-13,5411.63,5556.103,5398.516,5531.752,1397088653
2025-11-14,5464.037,5489.339,5398.744,5398.744,1198990471
2025-11-17,5358.607,5376.37,5317.46,5345.854,1230874995
2025-11-18,5334.736,5362.051,5263.549,5290.343,1187186057
2025-11-19,5288.139,5332.307,5263.028,5282.076,1024320170
2025-11-20,5331.662,5335.641,5202.395,5207.883,999149828
2025-11-21,5138.649,5162.977,5055.189,5057.348,1392455354
2025-11-24,5091.059,5121.933,5047.318,5090.8,1233940522
2025-11-25,5133.522,5208.248,5112.834,5149.042,1333079429
2025-11-26,5145.983,5219.066,5126.434,5177.903,1318591626
2025-11-27,5182.558,5263.751,5166.671,5172.28,1168048985
2025-11-28,5178.066,5248.638,5161.43,5240.219,1108412635
2025-12-01,5248.04,5287.917,5208.912,5286.993,1353557099
2025-12-02,5277.438,5277.698,5216.712,5234.225,1153113879
2025-12-03,5245.838,5263.979,5182.064,5193.237,1134108107
2025-12-04,5205.099,5246.533,5169.13,5229.264,997397017
2025-12-05,5250.724,5313.62,5206.877,5307.715,1112023429
2025-12-08,5319.887,5410.479,5316.642,5387.217,1367926577
2025-12-09,5373.688,5402.234,5328.279,5345.866,1135601598
2025-12-10,5330.597,5356.623,5273.276,5340.656,1059945187
2025-12-11,5352.247,5399.101,5294.397,5294.397,1374060693
2025-12-12,5312.744,5381.767,5280.724,5368.659,1613639843
2025-12-15,5344.102,5355.844,5285.695,5285.695,1135728814
2025-12-16,5280.23,5294.885,5198.742,5220.014,1148406283
2025-12-17,5213.309,5317.92,5199.044,5303.078,1174278692
2025-12-18,5262.779,5291.227,5237.647,5237.647,977617460
2025-12-19,5253.994,5304.706,5248.939,5268.845,1002808299
2025-12-22,5287.522,5326.538,5284.61,5321.032,1197847018
2025-12-23,5322.089,5352.433,5296.324,5313.92,1106436392
2025-12-24,5305.392,5372.416,5296.755,5357.405,1215431644
2025-12-25,5355.385,5408.978,5341.484,5396.797,1367129515
2025-12-26,5400.574,5455.337,5390.325,5423.808,1445954048
2025-12-29,5425.305,5438.535,5394.17,5408.04,1585181490
2025-12-30,5391.479,5447.075,5391.441,5435.934,1726221405
2025-12-31,5439.88,5442.291,5385.538,5396.197,1626992340
2026-01-05,5420.666,5535.232,5419.542,5534.297,2045260128
2026-01-06,5546.773,5621.425,5534.682,5621.425,2037988899
2026-01-07,5610.448,5657.495,5578.373,5613.88,2012175197
2026-01-08,5599.547,5639.454,5582.436,5623.589,1821622206
2026-01-09,5619.73,5709.127,5619.622,5693.064,2262809672
2026-01-12,5719.936,5860.538,5688.082,5844.089,2935793711
2026-01-13,5859.986,5867.542,5729.832,5753.511,3593490107
2026-01-14,5755.28,5920.639,5721.841,5781.283,3621552220
2026-01-15,5746.09,5820.054,5737.159,5781.252,2483629315
2026-01-16,5818.076,5850.364,5754.528,5768.683,2520681860
2026-01-19,5763.702,5802.159,5722.577,5738.252,1917888358
2026-01-20,5751.883,5781.773,5629.841,5664.556,2013658239
2026-01-21,5641.264,5718.481,5630.484,5662.542,1709852430
2026-01-22,5691.223,5728.914,5633.186,5674.025,1773798852
2026-01-23,5701.721,5811.468,5700.684,5804.198,2224204341
2026-01-26,5822.746,5823.486,5668.778,5676.93,2170877688
2026-01-27,5671.17,5718.768,5590.367,5678.186,1794215499
2026-01-28,5689.134,5690.931,5596.34,5624.128,1868139511
2026-01-29,5608.879,5677.811,5578.261,5614.288,2094023045
2026-01-30,5602.406,5637.202,5495.375,5587.832,1906172743
2026-02-02,5604.313,5619.927,5472.421,5477.732,1651699923
2026-02-03,5537.642,5628.559,5519.105,5627.656,1702159990
2026-02-04,5618.514,5712.648,5605.477,5704.768,1704709093
2026-02-05,5643.273,5646.043,5563.597,5602.677,1396189553
2026-02-06,5549.324,5636.458,5521.173,5577.295,1407407259
2026-02-09,5653.712,5690.808,5623.37,5683.459,1619599926
2026-02-10,5674.628,5699.135,5665.624,5679.738,1588585055
2026-02-11,5667.853,5684.256,5637.118,5639.574,1352003864
2026-02-12,5645.864,5706.206,5636.105,5696.001,1308273307
2026-02-13,5670.358,5671.237,5581.784,5582.087,1154106919
2026-02-24,5677.886,5682.059,5599.791,5611.927,1262390429
2026-02-25,5625.105,5676.118,5604.422,5654.343,1348004854
2026-02-26,5646.288,5649.162,5592.335,5617.769,1475001015
2026-02-27,5586.825,5619.399,5571.039,5611.401,1307860531
2026-03-02,5533.387,5607.508,5502.513,5524.5,1671012198
2026-03-03,5550.838,5570.07,5363.324,5368.179,1794154582
2026-03-04,5314.12,5389.435,5291.353,5320.488,1159038706
2026-03-05,5424.208,5427.967,5337.072,5367.224,1181806557
2026-03-06,5343.708,5458.345,5340.087,5442.229,1110287537
2026-03-09,5364.724,5442.555,5300.662,5424.288,1508162371
2026-03-10,5508.637,5547.683,5500.908,5543.153,1321584742
2026-03-11,5550.552,5657.062,5548.738,5618.457,1467397080
2026-03-12,5626.129,5630.717,5562.672,5611.278,1681029923
2026-03-13,5590.734,5623.558,5552.341,5576.509,1430344971
2026-03-16,5587.443,5596.026,5520.279,5590.424,1201246778
2026-03-17,5609.249,5639.788,5512.486,5512.486,1133312809
2026-03-18,5526.6,5532.693,5445.595,5506.607,970171796
2026-03-19,5450.272,5493.557,5406.127,5421.469,1032871767
2026-03-20,5458.23,5550.429,5435.273,5441.774,1363469864
2026-03-23,5387.59,5402.758,5220.371,5249.675,1524530259
2026-03-24,5319.981,5323.939,5154.232,5271.731,1138439624
2026-03-25,5288.169,5361.036,5270.241,5350.193,1091651440
2026-03-26,5329.828,5389.511,5273.245,5284.496,1017965698
2026-03-27,5248.406,5410.342,5242.624,5382.505,1071314983
2026-03-30,5320.303,5350.633,5271.254,5335.844,1023513298
2026-03-31,5324.783,5359.787,5213.841,5213.841,1057669427
2026-04-01,5299.888,5299.888,5232.983,5282.7,1198468228
2026-04-02,5267.831,5267.831,5157.24,5185.35,1070756906
2026-04-03,5203.747,5204.875,5098.11,5098.724,905901458
2026-04-07,5123.417,5150.846,5080.147,5094.839,882874946
2026-04-08,5209.031,5322.15,5202.618,5321.692,1466650837
2026-04-09,5280.604,5296.2,5244.782,5264.979,1226290999
2026-04-10,5316.263,5451.978,5316.165,5418.549,1594212587
2026-04-13,5386.409,5483.91,5384.954,5446.744,1237003076
2026-04-14,5480.164,5539.227,5446.459,5534.828,1370005746
2026-04-15,5576.379,5576.379,5458.203,5476.941,1291725677
2026-04-16,5509.124,5581.21,5486.096,5575.404,1430870352
2026-04-17,5567.355,5567.355,5525.28,5549.909,1384527193
2026-04-20,5537.728,5585.716,5527.758,5555.767,1576708879
2026-04-21,5548.622,5589.475,5501.705,5572.605,1344298941
2026-04-22,5524.442,5601.609,5521.061,5597.285,1452781140
2026-04-23,5626.541,5640.768,5517.769,5558.509,1645141361
2026-04-24,5545.316,5593.308,5512.658,5560.621,1707685641
2026-04-27,5551.812,5597.799,5537.559,5563.119,1505124871
2026-04-28,5506.108,5548.7,5471.344,5493.888,1627143635
2026-04-29,5483.336,5640.821,5483.189,5634.635,1523201942
2026-04-30,5638.522,5685.391,5626.848,5648.648,1361985455
2026-05-06,5735.2,5840.546,5717.738,5797.889,1767033993
2026-05-07,5846.69,5850.753,5804.108,5844.528,1680910410
2026-05-08,5795.625,5841.61,5767.11,5778.944,1532125962
2026-05-11,5816.528,5942.663,5807.797,5930.309,1911327795
2026-05-12,5935.851,5935.851,5806.032,5831.081,1607462340
2026-05-13,5804.003,5956.778,5794.512,5946.881,1766424648
2026-05-14,5999.97,6001.343,5815.621,5815.621,1772022650
2026-05-15,5835.669,5924.685,5757.922,5833.111,1970051162
2026-05-18,5797.203,5852.639,5757.222,5796.157,1752310665
2026-05-19,5787.351,5868.82,5731.578,5861.834,1652893984
2026-05-20,5837.682,5901.053,5806.116,5871.679,1765607155
2026-05-21,5911.006,6035.479,5781.958,5788.267,2056146205
2026-05-22,5842.449,5884.54,5785.03,5862.78,1737239881
2026-05-25,5887.231,5929.567,5816.909,5908.93,1894755807
2026-05-26,5898.08,5965.827,5843.579,5927.072,1795872296
2026-05-27,5959.684,6060.688,5900.487,5934.438,1958708853
2026-05-28,5932.146,5980.822,5826.873,5967.03,1723270421
2026-05-29,5999.151,6008.938,5791.807,5819.515,1899405598
2026-06-01,5838.737,5905.061,5743.098,5749.9,1645677212
2026-06-02,5772.059,5832.557,5704.528,5795.876,1478575252
2026-06-03,5814.28,5883.758,5740.38,5787.623,1693610996
2026-06-04,5739.008,5780.71,5695.547,5722.829,1532860494
2026-06-05,5710.139,5758.922,5632.333,5654.638,1717153430
2026-06-08,5515.199,5597.981,5415.373,5458.29,1708121836
2026-06-09,5546.298,5621.518,5455.126,5621.518,1608587535
2026-06-10,5536.039,5550.033,5396.83,5455.233,1459564101
2026-06-11,5428.545,5493.149,5387.085,5434.879,1472384491
2026-06-12,5536.393,5547.96,5454.389,5460.465,1955702740
2026-06-15,5536.708,5665.25,5489.929,5664.129,2015312246
2026-06-16,5695.589,5787.046,5685.275,5735.523,2124916606
2026-06-17,5682.808,5761.017,5679.472,5759.022,1945596243
2026-06-18,5742.493,5843.139,5742.493,5821.835,2015403084
2026-06-22,5860.283,5997.866,5824.445,5997.866,2507127451
2026-06-23,5984.435,5993.112,5744.713,5787.65,2184357287
2026-06-24,5774.118,5820.272,5705.688,5804.097,2069825152
2026-06-25,5839.018,5916.481,5776.567,5904.982,2369461479
2026-06-26,5867.519,5877.23,5694.4,5703.142,2247494354
2026-06-29,5726.604,5800.574,5652.212,5794.494,2505378701
2026-06-30,5789.956,5933.611,5765.218,5921.279,2093498097
2026-07-01,5873.978,5900.601,5749.383,5785.896,2471273454
2026-07-02,5670.595,5705.538,5521.209,5539.596,2186841846
2026-07-03,5536.568,5634.462,5524.8,5539.966,1941414697
2026-07-06,5563.796,5576.509,5426.648,5468.799,1759791587
2026-07-07,5441.227,5499.637,5371.047,5414.734,1591182302
2026-07-08,5430.388,5441.476,5303.957,5316.85,2123717706
2026-07-09,5347.245,5488.144,5256.775,5479.786,2202382325
2026-07-10,5496.598,5496.598,5255.231,5257.364,2499222643
2026-07-13,5217.092,5262.805,5078.954,5112.13,2037333783
2026-07-14,5107.936,5212.259,5005.182,5212.259,1849964744
2026-07-15,5246.197,5303.369,5202.111,5217.286,1759361444
2026-07-16,5139.28,5234.87,5084.868,5120.54,1964784399
2026-07-17,5083.522,5083.522,4810.116,4850.776,2158679426
2026-07-20,4915.065,4981.069,4785.949,4918.658,2249795768
2026-07-21,4932.441,5149.051,4880.791,5146.985,2407655079
2026-07-22,5110.784,5161.605,5040.522,5064.132,1994074400
2026-07-23,5077.153,5132.441,5049.145,5124.635,1583092802
2026-07-24,5057.955,5090.493,4983.618,4983.618,1503931623
2026-07-27,4993.45,5113.5,4966.488,5112.167,1487661715
2026-07-28,5011.366,5029.789,4858.752,4874.199,1515191434
2026-07-29,4865.931,4971.489,4773.291,4937.099,1878148368
2026-07-30,4878.217,4925.663,4741.157,4831.195,1954306349
2026-07-31,4964.875,5014.06,4906.756,4906.756,2167202663
2026-08-03,4886.569,4920.968,4861.218,4878.932,1486638154
2026-08-04,4930.289,5066.83,4907.442,5040.615,1794745517
2026-08-05,4939.674,5130.448,4938.932,5078.551,1986070878
2026-08-06,5024.447,5077.075,4979.246,5022.871,1768694507
2026-08-07,5031.485,5127.842,4991.065,5083.979,2028311452
2026-08-10,5085.231,5106.692,5005.295,5071.034,1756137928
2026-08-11,5071.667,5159.962,5056.552,5103.195,1540662452
2026-08-12,5088.738,5148.057,5076.9,5132.508,1329231538
2026-08-13,5170.56,5206.769,5105.662,5107.113,1647800507
2026-08-14,5130.835,5151.437,5085.613,5131.022,1617951621
2026-08-17,5140.699,5268.668,5125.18,5268.668,1825823605
2026-08-18,5256.355,5279.608,5195.761,5242.038,1686904538
2026-08-19,5148.1,5148.1,4960.607,4978.758,1814635100
2026-08-20,5027.033,5056.198,4980.288,5021.879,1443278130
2026-08-21,5011.241,5081.662,4996.808,5062.308,1229447134
2026-08-24,5075.69,5075.69,4907.231,4969.148,1277764273
2026-08-25,4948.969,4992.716,4900.63,4952.067,1252096709
2026-08-26,4958.796,5021.565,4938.594,4970.466,1137668687
2026-08-27,4979.452,4979.452,4894.336,4957.677,1433353040
2026-08-28,4931.261,5002.431,4918.158,4920.01,1462813938
2026-08-31,4874.303,4904.834,4814.054,4901.86,1554823154
2026-09-01,4890.495,4903.421,4846.373,4858.909,1356597633
2026-09-02,4813.526,4813.526,4749.161,4755.662,1087925749
2026-09-03,4787.806,4812.368,4738.938,4768.947,1028059339
2026-09-04,4804.159,4846.692,4754.288,4776.264,1374415482
2026-09-07,4807.657,4868.735,4779.921,4850.815,1159742831
2026-09-08,4841.516,4842.045,4776.564,4789.902,1068489634
2026-09-09,4815.732,4815.732,4742.107,4780.284,977954642
2026-09-10,4745.233,4769.992,4718.273,4738.667,867853595
2026-09-11,4706.714,4719.922,4647.946,4704.416,1123574191
