date,close,pct_chg,rz_balance,rz_buy,rz_repay,rz_net,rz_balance_pct_float,rq_balance,rq_volume,rzrq_balance,float_mktcap
2023-12-26,6.62,148.8722,87517513,95922656,8405143,87517513,2.42116235,0,0,87517513,3614689988.36
2023-12-27,5.46,-17.5227,102657586,75144564,60004491,15140073,3.44338306,0,0,102657586,2981300201.88
2023-12-28,5.55,1.6484,103000148,64418246,64075684,342562,3.39884844,0,0,103000148,3030442512.9
2023-12-29,5.53,-0.3604,107012118,49423457,45411487,4011970,3.54400856,0,0,107012118,3019521999.34
2024-01-02,5.28,-4.5208,120454249,41870351,28428220,13442131,4.17806445,0,0,120454249,2883015579.84
2024-01-03,5.02,-4.9242,138035098,47809600,30228751,17580849,5.03584952,219374,43700,138254472,2741048903.56
2024-01-04,5.33,6.1753,130643794,47202083,54593387,-7391304,4.48898866,232921,43700,130876715,2910316863.74
2024-01-05,5.66,6.1914,144511352,112861399,98993841,13867558,4.67597808,247342,43700,144758694,3090505337.48
2024-01-08,5.54,-2.1201,144587817,49815831,49739366,76465,4.77979058,242098,43700,144829915,3024982256.12
2024-01-09,5.25,-5.2347,132620626,34066097,46033288,-11967191,4.62635232,228375,43500,132849001,2866634809.5
2024-01-10,5.67,8.0,140625066,61767744,53763304,8004440,4.54220377,247779,43700,140872845,3095965594.26
2024-01-11,5.68,0.1764,130798790,58792925,68619201,-9826276,4.21737602,248136,43686,131046926,3101425851.04
2024-01-12,5.57,-1.9366,129440740,64783081,66141131,-1358050,4.25601084,243409,43700,129684149,3041363026.46
2024-01-15,5.43,-2.5135,128688929,38515002,39266813,-751811,4.34038536,237291,43700,128926220,2964919431.54
2024-01-16,5.39,-0.7366,139625055,40961346,30025220,10936126,4.74418401,235543,43700,139860598,2943078404.42
2024-01-17,5.12,-5.0093,137290364,24963855,27298546,-2334691,4.91085407,223744,43700,137514108,2795651471.36
2024-01-18,5.45,6.4453,137573376,41130214,40847202,283012,4.62300992,238165,43700,137811541,2975839945.1
2024-01-19,5.18,-4.9541,140281270,33242776,30534882,2707894,4.95971661,211862,40900,140493132,2828413012.04
2024-01-22,5.09,-1.7375,137576836,20743491,23447925,-2704434,4.95010565,217852,42800,137794688,2779270701.02
2024-01-23,5.22,2.554,136064382,24784487,26296941,-1512454,4.77376333,228114,43700,136292496,2850254039.16
2024-01-24,5.26,0.7663,141372639,30090116,24781859,5308257,4.92228271,229862,43700,141602501,2872095066.28
2024-01-25,5.29,0.5703,138934433,34473140,36911346,-2438206,4.80995656,157113,29700,139091546,2888475836.62
2024-01-26,5.7,7.7505,153491013,88410085,73853505,14556580,4.9316816,249090,43700,153740103,3112346364.6
2024-01-29,5.61,-1.5789,159319711,78286169,72457471,5828698,5.20108057,245157,43700,159564868,3063204053.58
2024-01-30,5.18,-7.6649,145203518,36257736,50373929,-14116193,5.13374523,0,0,145203518,2828413012.04
2024-01-31,5.11,-1.3514,144075167,24350382,25478733,-1128351,5.16363059,0,0,144075167,2790191214.58
2024-02-01,5.18,1.3699,136531982,15626012,23169197,-7543185,4.8271586,0,0,136531982,2828413012.04
2024-02-02,4.64,-10.4247,116695773,25973382,45809591,-19836209,4.60600153,367024,79100,117062797,2533559145.92
2024-02-05,3.98,-14.2241,110330605,15656550,22021718,-6365168,5.07691463,314818,79100,110645423,2173182198.44
2024-02-06,4.41,10.804,105896002,13727197,18161800,-4434603,4.39772337,335160,76000,106231162,2407973239.98
2024-02-07,4.22,-4.3084,107118865,16875754,15652891,1222863,4.64879553,0,0,107118865,2304228361.16
2024-02-08,4.45,5.4502,105961161,17771533,18929237,-1157704,4.36087492,0,0,105961161,2429814267.1
2024-02-19,4.59,3.1461,109484351,19336559,15813369,3523190,4.3684392,0,0,109484351,2506257862.02
2024-02-20,4.65,1.3072,113692271,23682950,19475030,4207920,4.47780237,0,0,113692271,2539019402.7
2024-02-21,4.7,1.0753,113205498,27010764,27497537,-486773,4.41119844,0,0,113205498,2566320686.6
2024-02-22,4.72,0.4255,118487706,22103058,16820850,5282208,4.59746282,0,0,118487706,2577241200.16
2024-02-23,4.81,1.9068,103815914,15235440,29907232,-14671792,3.95280863,0,0,103815914,2626383511.18
2024-02-26,4.85,0.8316,111184489,27549359,20180784,7368575,4.198454,0,0,111184489,2648224538.3
2024-02-27,5.08,4.7423,111747380,28147007,27584116,562891,4.02865957,0,0,111747380,2773810444.24
2024-02-28,4.75,-6.4961,113313861,36066194,34499713,1566481,4.36894283,0,0,113313861,2593621970.5
2024-02-29,4.95,4.2105,110874100,17645610,20085371,-2439761,4.10215288,0,0,110874100,2702827106.1
2024-03-01,4.88,-1.4141,106323840,12595144,17145404,-4550260,3.99022848,0,0,106323840,2664605308.64
2024-03-04,4.79,-1.8443,106195465,14310285,14438660,-128375,4.06029315,0,0,106195465,2615462997.62
2024-03-05,4.64,-3.1315,107730326,12693947,11159086,1534861,4.25213385,0,0,107730326,2533559145.92
2024-03-06,4.73,1.9397,107100394,10287598,10917530,-629932,4.14683601,0,0,107100394,2582701456.94
2024-03-07,4.8,1.4799,108688989,25216537,23627942,1588595,4.14697335,0,0,108688989,2620923254.4
2024-03-08,4.73,-1.4583,112787266,15037609,10939332,4098277,4.36702685,0,0,112787266,2582701456.94
2024-03-11,4.88,3.1712,113572729,16171937,15386474,785463,4.26227211,0,0,113572729,2664605308.64
2024-03-12,4.88,0.0,115807784,20566263,18331208,2235055,4.34615152,0,0,115807784,2664605308.64
2024-03-13,4.8,-1.6393,113388087,13169415,15589112,-2419697,4.32626506,0,0,113388087,2620923254.4
2024-03-14,4.7,-2.0833,116126558,14228558,11490087,2738471,4.52502131,0,0,116126558,2566320686.6
2024-03-15,4.72,0.4255,112859928,7302673,10569303,-3266630,4.37909839,0,0,112859928,2577241200.16
2024-03-18,4.83,2.3305,114323395,17966480,16503013,1463467,4.3348584,0,0,114323395,2637304024.74
2024-03-19,4.82,-0.207,103000537,12170246,23493104,-11322858,3.91362657,0,0,103000537,2631843767.96
2024-03-20,4.85,0.6224,106836347,12808637,8972827,3835810,4.03426316,0,0,106836347,2648224538.3
2024-03-21,4.76,-1.8557,114683564,20109099,12261882,7847217,4.41246386,0,0,114683564,2599082227.28
2024-03-22,4.65,-2.3109,117588210,14583332,11678686,2904646,4.63124503,0,0,117588210,2539019402.7
2024-03-25,4.69,0.8602,118543712,12700571,11745069,955502,4.6290579,0,0,118543712,2560860429.82
2024-03-26,4.56,-2.7719,121886162,11630043,8287593,3342450,4.89526822,0,0,121886162,2489877091.68
2024-03-27,4.31,-5.4825,123892452,11674663,9668373,2006290,5.26446826,0,0,123892452,2353370672.18
2024-03-28,4.4,2.0882,121984665,8525242,10433029,-1907787,5.07737797,0,0,121984665,2402512983.2
2024-03-29,4.41,0.2273,114715780,4077000,11345885,-7268885,4.76399729,0,0,114715780,2407973239.98
2024-04-01,4.56,3.4014,116600160,11975845,10091465,1884380,4.6829685,0,0,116600160,2489877091.68
2024-04-02,4.48,-1.7544,115846336,8542405,9296229,-753824,4.73577676,0,0,115846336,2446195037.44
2024-04-03,4.43,-1.1161,114091491,7472578,9227423,-1754845,4.71668054,0,0,114091491,2418893753.54
2024-04-08,4.4,-0.6772,121169347,13211257,6133401,7077856,5.04344192,0,0,121169347,2402512983.2
2024-04-09,4.41,0.2273,123870173,9839223,7138397,2700826,5.14416734,0,0,123870173,2407973239.98
2024-04-10,4.24,-3.8549,124443032,7404408,6831549,572859,5.37516327,0,0,124443032,2315148874.72
2024-04-11,4.26,0.4717,123779918,8590146,9253260,-663114,5.32141984,0,0,123779918,2326069388.28
2024-04-12,4.36,2.3474,121789875,10759907,12749950,-1990043,5.11577728,0,0,121789875,2380671956.08
2024-04-15,4.53,3.8991,119378525,21287407,23698757,-2411350,4.82630696,0,0,119378525,2473496321.34
2024-04-16,4.05,-10.596,117254966,14645470,16769029,-2123559,5.30228607,0,0,117254966,2211403995.9
2024-04-17,4.32,6.6667,114676377,9475800,12054389,-2578589,4.86157679,0,0,114676377,2358830928.96
2024-04-18,4.49,3.9352,123131349,26502194,18047222,8454972,5.02237608,0,0,123131349,2451655294.22
2024-04-19,4.33,-3.5635,121500604,13720992,15351737,-1630745,5.13898646,0,0,121500604,2364291185.74
2024-04-22,4.38,1.1547,127121811,16085744,10464537,5621207,5.31536257,0,0,127121811,2391592469.64
2024-04-23,4.31,-1.5982,130870540,12107401,8358672,3748729,5.56098287,0,0,130870540,2353370672.18
2024-04-24,4.28,-0.6961,128990277,6588359,8468622,-1880263,5.51950511,0,0,128990277,2336989901.84
2024-04-25,4.18,-2.3364,128713206,7422324,7699395,-277071,5.63941116,0,0,128713206,2282387334.04
2024-04-26,4.05,-3.11,115503898,11071184,24280492,-13209308,5.22310253,0,0,115503898,2211403995.9
2024-04-29,4.17,2.963,114274147,9056477,10286228,-1229751,5.01878818,0,0,114274147,2276927077.26
2024-04-30,4.1,-1.6787,113358895,8988480,9903732,-915252,5.06359171,0,0,113358895,2238705279.8
2024-05-06,4.26,3.9024,109784271,7825729,11400353,-3574624,4.71973328,0,0,109784271,2326069388.28
2024-05-07,4.24,-0.4695,109113482,12085672,12756461,-670789,4.71302227,0,0,109113482,2315148874.72
2024-05-08,4.16,-1.8868,110923030,8279203,6469655,1809548,4.88332161,0,0,110923030,2271466820.48
2024-05-09,4.19,0.7212,111378109,6399759,5944680,455079,4.86824863,0,0,111378109,2287847590.82
2024-05-10,4.13,-1.432,113252156,8005430,6131383,1874047,5.02207692,0,0,113252156,2255086050.14
2024-05-13,4.15,0.4843,117374558,9918612,5796210,4122402,5.17979779,0,0,117374558,2266006563.7
2024-05-14,4.12,-0.7229,118377829,5779388,4776117,1003271,5.26211201,0,0,118377829,2249625793.36
2024-05-15,4.07,-1.2136,118571463,6218309,6024675,193634,5.33547025,0,0,118571463,2222324509.46
2024-05-16,4.12,1.2285,115257105,6153250,9467608,-3314358,5.12339009,0,0,115257105,2249625793.36
2024-05-17,4.16,0.9709,111930774,5927873,9254204,-3326331,4.92768695,0,0,111930774,2271466820.48
2024-05-20,4.33,4.0865,114180532,25396731,23146973,2249758,4.82937688,0,0,114180532,2364291185.74
2024-05-21,4.26,-1.6166,110894808,13262261,16547985,-3285724,4.76747635,0,0,110894808,2326069388.28
2024-05-22,4.43,3.9906,118916557,25970561,17948812,8021749,4.91615462,0,0,118916557,2418893753.54
2024-05-23,4.34,-2.0316,119218760,19434245,19132042,302203,5.03085505,0,0,119218760,2369751442.52
2024-05-24,4.19,-3.4562,121328165,12281710,10172305,2109405,5.30315767,0,0,121328165,2287847590.82
2024-05-27,4.14,-1.1933,121640642,6366525,6054048,312477,5.38102854,0,0,121640642,2260546306.92
2024-05-28,4.15,0.2415,120080411,5729102,7289333,-1560231,5.29920844,0,0,120080411,2266006563.7
2024-05-29,4.14,-0.241,120154351,5189054,5115114,73940,5.31527935,0,0,120154351,2260546306.92
2024-05-30,4.07,-1.6908,122421871,7201092,4933572,2267520,5.50873063,0,0,122421871,2222324509.46
2024-05-31,4.12,1.2285,119019389,5554339,8956821,-3402482,5.29063053,0,0,119019389,2249625793.36
2024-06-03,4.04,-1.9417,119531897,7517021,7004513,512508,5.41862854,0,0,119531897,2205943739.12
2024-06-04,4.09,1.2376,118275622,5414152,6670427,-1256275,5.29613279,0,0,118275622,2233245023.02
2024-06-05,4.01,-1.956,119238937,3837060,2873745,963315,5.44578707,0,0,119238937,2189562968.78
2024-06-06,3.8,-5.2369,114766778,7292002,11764161,-4472159,5.53120208,0,0,114766778,2074897576.4
2024-06-07,3.85,1.3158,111887167,2801024,5680635,-2879611,5.32238739,0,0,111887167,2102198860.3
2024-06-11,3.86,0.2597,112538263,3037188,2386092,651096,5.33949072,0,0,112538263,2107659117.08
2024-06-12,3.87,0.2591,112899680,4042414,3680997,361417,5.34279707,0,0,112899680,2113119373.86
2024-06-13,3.93,1.5504,110089381,1855554,4665853,-2810299,5.13026516,0,0,110089381,2145880914.54
2024-06-14,4.04,2.799,114517438,13919024,9490967,4428057,5.19131272,0,0,114517438,2205943739.12
2024-06-17,3.95,-2.2277,113196578,7280691,8601551,-1320860,5.24835418,0,0,113196578,2156801428.1
2024-06-18,3.96,0.2532,116407250,7166573,3955901,3210672,5.38358751,16236,4100,116423486,2162261684.88
2024-06-19,3.84,-3.0303,115083605,4311942,5635587,-1323645,5.48869586,15744,4100,115099349,2096738603.52
2024-06-20,3.72,-3.125,114214367,5656449,6525687,-869238,5.62295659,171492,46100,114385859,2031215522.16
2024-06-21,3.73,0.2688,114243870,2593564,2564061,29503,5.60933022,171953,46100,114415823,2036675778.94
2024-06-24,3.52,-5.63,111690454,5696514,8249930,-2553416,5.81112645,169664,48200,111860118,1922010386.56
2024-06-25,3.41,-3.125,110850274,5177137,6017317,-840180,5.95345843,164362,48200,111014636,1861947561.98
2024-06-26,3.47,1.7595,114715103,7524531,3659702,3864829,5.67190566,245676,70800,114960779,2022514300.09
2024-06-27,3.35,-3.4582,114459226,4573570,4829447,-255877,5.86197378,237180,70800,114696406,1952571442.45
2024-06-28,3.33,-0.597,113323653,4955154,6090727,-1135573,5.83867371,627039,188300,113950692,1940914299.51
2024-07-01,3.41,2.4024,113061793,3151284,3413144,-261860,5.68852097,629486,184600,113691279,1987542871.27
2024-07-02,3.48,2.0528,112322330,5687213,6426676,-739463,5.53764019,778824,223800,113101154,2028342871.56
2024-07-03,3.46,-0.5747,112609966,5980843,5693207,287636,5.58391248,1078482,311700,113688448,2016685728.62
2024-07-04,3.39,-2.0231,111738909,4904938,5775995,-871057,5.65513012,1084461,319900,112823370,1975885728.33
2024-07-05,3.4,0.295,110575170,3434808,4598547,-1163739,5.57977353,1044820,307300,111619990,1981714299.8
2024-07-08,3.27,-3.8235,109980514,2165181,2759837,-594656,5.7703993,1066020,326000,111046534,1905942870.69
2024-07-09,3.28,0.3058,108127487,2969456,4822483,-1853027,5.65587939,1072560,327000,109200047,1911771442.16
2024-07-10,3.23,-1.5244,107620399,2212272,2719360,-507088,5.7164966,1062993,329100,108683392,1882628584.81
2024-07-11,3.36,4.0248,107266622,3949018,4302795,-353777,5.47725803,1089312,324200,108355934,1958400013.92
2024-07-12,3.34,-0.5952,107979685,2880367,2167304,713063,5.5466845,1069134,320100,109048819,1946742870.98
2024-07-15,3.32,-0.5988,107238171,1540744,2282258,-741514,5.54177882,1048124,315700,108286295,1935085728.04
2024-07-16,3.28,-1.2048,108159561,2643497,1722107,921390,5.6575571,1092896,333200,109252457,1911771442.16
2024-07-17,3.24,-0.3077,107749865,2089921,2499617,-409696,5.70570874,979128,302200,108728993,1888457156.28
2024-07-18,3.25,0.3086,107052420,1985056,2682501,-697445,5.65133435,1087775,334700,108140195,1894285727.75
2024-07-19,3.27,0.6154,107223883,2409517,2238054,171463,5.62576584,1135344,347200,108359227,1905942870.69
2024-07-22,3.28,0.3058,107435038,3317822,3106667,211155,5.61965911,1116512,340400,108551550,1911771442.16
2024-07-23,3.2,-2.439,106229350,2313633,3519321,-1205688,5.69550739,1068800,334000,107298150,1865142870.4
2024-07-24,3.15,-1.5625,107009385,3151235,2371200,780035,5.82839783,1085805,344700,108095190,1836000013.05
2024-07-25,3.18,0.9524,108220790,3623583,2412178,1211405,5.83877115,1092330,343500,109313120,1853485727.46
2024-07-26,3.22,1.2579,109457729,4640778,3403839,1236939,5.83214664,1054550,327500,110512279,1876800013.34
2024-07-29,3.22,0.0,107525768,1500320,3432281,-1931961,5.72920755,1023316,317800,108549084,1876800013.34
2024-07-30,3.26,1.2422,106206985,1711086,3029869,-1318783,5.58950507,993322,304700,107200307,1900114299.22
2024-07-31,3.37,3.3742,103362261,5117149,7961873,-2844724,5.26223179,1050092,311600,104412353,1964228585.39
2024-08-01,3.35,-0.5935,104097373,3586064,2850952,735112,5.3312965,1082720,323200,105180093,1952571442.45
2024-08-02,3.31,-1.194,103734224,2190818,2553967,-363149,5.37689979,1124407,339700,104858631,1929257156.57
2024-08-05,3.26,-1.5106,101519693,1603421,3817952,-2214531,5.34282033,1029182,315700,102548875,1900114299.22
2024-08-06,3.31,1.5337,101347189,1639548,1812052,-172504,5.2531716,1039671,314100,102386860,1929257156.57
2024-08-07,3.28,-0.9063,100862951,1751297,2235535,-484238,5.27588962,894784,272800,101757735,1911771442.16
2024-08-08,3.29,0.3049,101325676,2204453,1741728,462725,5.2839839,896196,272400,102221872,1917600013.63
2024-08-09,3.23,-1.8237,101597025,1901193,1629844,271349,5.39655171,909245,281500,102506270,1882628584.81
2024-08-12,3.18,-1.548,100317659,1720213,2999579,-1279366,5.41237828,885312,278400,101202971,1853485727.46
2024-08-13,3.22,1.2579,101127004,2212014,1402669,809345,5.38826744,849436,263800,101976440,1876800013.34
2024-08-14,3.19,-0.9317,101648431,1029768,508341,521427,5.46698485,893200,280000,102541631,1859314298.93
2024-08-15,3.23,1.2539,101597090,3087756,3139097,-51341,5.39655516,886312,274400,102483402,1882628584.81
2024-08-16,3.16,-2.1672,102466216,2739250,1870124,869126,5.56328731,898072,284200,103364288,1841828584.52
2024-08-19,3.16,0.0,102781402,2660404,2345218,315186,5.58039998,961904,304400,103743306,1841828584.52
2024-08-20,3.1,-1.8987,101589451,1908172,3100123,-1191951,5.62243953,990760,319600,102580211,1806857155.7
2024-08-21,3.11,0.3226,101374426,658510,873535,-215025,5.59249872,1009506,324600,102383932,1812685727.17
2024-08-22,3.04,-2.2508,100255546,3846792,4965672,-1118880,5.65812707,920208,302700,101175754,1771885726.88
2024-08-23,3.03,-0.3289,99995020,1056700,1317226,-260526,5.66204891,935058,308600,100930078,1766057155.41
2024-08-26,3.06,0.9901,99955695,1368928,1408253,-39325,5.60433375,947376,309600,100903071,1783542869.82
2024-08-27,2.98,-2.6144,98301595,3425104,5079204,-1654100,5.65955356,896682,300900,99198277,1736914298.06
2024-08-28,2.98,0.0,98474484,1690104,1517215,172889,5.66950736,892212,299400,99366696,1736914298.06
2024-08-29,3.03,1.6779,97599366,931485,1806603,-875118,5.52639906,888699,293300,98488065,1766057155.41
2024-08-30,3.07,1.3201,98986995,4623947,3236318,1387629,5.53194226,936964,305200,99923959,1789371441.29
2024-09-02,2.99,-2.6059,97441638,2814006,4359363,-1545357,5.59128026,926003,309700,98367641,1742742869.53
2024-09-03,3.01,0.6689,97358915,1299571,1382294,-82723,5.54941372,890057,295700,98248972,1754400012.47
2024-09-04,2.99,-0.6645,96572944,1422552,2208523,-785971,5.54143389,882648,295200,97455592,1742742869.53
2024-09-05,3.02,1.0033,95502243,799379,1870080,-1070701,5.42555915,863720,286000,96365963,1760228583.94
2024-09-06,2.95,-2.3179,95948090,1674510,1228663,445847,5.58023118,838685,284300,96786775,1719428583.65
2024-09-09,3.2,8.4746,99498901,13946693,10395882,3550811,5.33465305,1093293,341654,100592194,1865142870.4
2024-09-10,3.15,-1.5625,99205844,8971780,9264837,-293057,5.40336837,1003130,318454,100208974,1836000013.05
2024-09-11,3.12,-0.9524,98537260,4032266,4700850,-668584,5.41855844,998568,320054,99535828,1818514298.64
2024-09-12,3.22,3.2051,101566783,11392696,8363173,3029523,5.41169982,1085636,337154,102652419,1876800013.34
2024-09-13,3.31,2.795,102692670,15005001,13879114,1125887,5.32291248,1115980,337154,103808650,1929257156.57
2024-09-18,3.27,-1.2085,105664183,10896692,7925179,2971513,5.54393233,1002582,306600,106666765,1905942870.69
2024-09-19,3.41,4.2813,105734677,18370768,18300274,70494,5.319869,1119503,328300,106854180,1987542871.27
2024-09-20,3.36,-1.4663,108935866,15868362,12667173,3201189,5.56249312,1087968,323800,110023834,1958400013.92
2024-09-23,3.26,-2.9762,110282793,10191018,8844091,1346927,5.80400837,1076452,330200,111359245,1900114299.22
2024-09-24,3.34,2.454,108356847,12107732,14033678,-1925946,5.5660585,1100196,329400,109457043,1946742870.98
2024-09-25,3.37,0.8982,102089562,10415412,16682697,-6267285,5.19743795,1101316,326800,103190878,1964228585.39
2024-09-26,3.42,1.4837,112582989,23198145,12704718,10493427,5.64786806,1127232,329600,113710221,1993371442.74
2024-09-27,3.63,6.1404,109038225,17977651,21522415,-3544764,5.15359187,729993,201100,109768218,2115771443.61
2024-09-30,4.19,15.427,116166657,46557494,39429062,7128432,4.75669541,730317,174300,116896974,2442171445.93
2024-10-08,4.67,11.4558,144105292,76206585,48267950,27938635,5.29420706,1299194,278200,145404486,2721942876.49
2024-10-09,4.04,-13.4904,129377616,27088415,41816091,-14727676,5.49434155,1052824,260600,130430440,2354742873.88
2024-10-10,4.03,-0.2475,131382529,18938289,16933376,2004913,5.59333003,1086488,269600,132469017,2348914302.41
2024-10-11,3.79,-5.9553,128679473,12127444,14830500,-2703056,5.82516106,999044,263600,129678517,2209028587.13
2024-10-14,3.94,3.9578,128865592,11428275,11242156,186119,5.61149558,961754,244100,129827346,2296457159.18
2024-10-15,3.81,-3.2995,127723151,8709540,9851981,-1142441,5.75151852,886587,232700,128609738,2220685730.07
2024-10-16,4.1,7.6115,136704056,28785221,19804316,8980905,5.7205188,1044270,254700,137748326,2389714302.7
2024-10-17,3.93,-4.1463,141531339,23299446,18472163,4827283,6.17871181,1316943,335100,142848282,2290628587.71
2024-10-18,4.0,1.7812,135406164,14089581,20214756,-6125175,5.80786239,1312000,328000,136718164,2331428588.0
2024-10-21,4.01,0.25,138692749,20293361,17006776,3286585,5.93399611,1314879,327900,140007628,2337257159.47
2024-10-22,3.99,-0.4988,137553667,13509812,14648894,-1139082,5.91476032,1290366,323400,138844033,2325600016.53
2024-10-23,4.02,0.7519,132278339,11223536,16498864,-5275328,5.64547585,1386498,344900,133664837,2343085730.94
2024-10-24,3.86,-3.9801,138349795,17050136,10978680,6071456,6.14934826,1340578,347300,139690373,2249828587.42
2024-10-25,4.0,3.6269,128063565,8518482,18804712,-10286230,5.49292248,1296400,324100,129359965,2331428588.0
2024-10-28,4.14,3.5,129904298,18383494,16542761,1840733,5.38345458,1093374,264100,130997672,2413028588.58
2024-10-29,3.95,-4.5894,131138558,15375813,14141553,1234260,5.69601576,1147080,290400,132285638,2302285730.65
2024-10-30,3.98,0.7595,129627665,10890379,12401272,-1510893,5.58794985,665456,167200,130293121,2319771445.06
2024-10-31,4.08,2.5126,123321125,11923869,18230409,-6306540,5.18579314,596904,146300,123918029,2378057159.76
2024-11-01,3.85,-5.6373,124344671,16814866,15791320,1023546,5.54120633,549395,142700,124894066,2244000015.95
2024-11-04,3.94,2.3377,124293343,7637860,7689188,-51328,5.41239546,559086,141900,124852429,2296457159.18
2024-11-05,4.06,3.0457,114673817,8727437,18346963,-9619526,4.84591853,607782,149700,115281599,2366400016.82
2024-11-06,4.14,1.9704,127331066,27364379,14707130,12657249,5.27681548,620172,149800,127951238,2413028588.58
2024-11-07,4.35,5.0725,145615025,38233315,19949356,18283959,5.74321145,646410,148600,146261435,2535428589.45
2024-11-08,4.28,-1.6092,146006979,22817950,22425996,391954,5.85285439,904792,211400,146911771,2494628589.16
2024-11-11,4.32,0.9346,140348475,17709382,23367886,-5658504,5.57393404,859248,198900,141207723,2517942875.04
2024-11-12,4.19,-3.0093,139108139,18725274,19965610,-1240336,5.69608408,824173,196700,139932312,2442171445.93
2024-11-13,4.25,1.432,138284643,14006868,14830364,-823496,5.58242499,845325,198900,139129968,2477142874.75
2024-11-14,4.08,-4.0,137882373,12617774,13020044,-402270,5.79811013,811512,198900,138693885,2378057159.76
2024-11-15,3.99,-2.2059,136711747,7767114,8937740,-1170626,5.87855805,747726,187400,137459473,2325600016.53
2024-11-18,3.91,-2.005,134890022,4668623,6490348,-1821725,5.91889917,721786,184600,135611808,2278971444.77
2024-11-19,4.2,7.4169,136558690,19893428,18224760,1668668,5.57837782,1017240,242200,137575930,2448000017.4
2024-11-20,4.18,-0.4762,138811685,14363974,12110979,2252995,5.69754309,1027444,245800,139839129,2436342874.46
2024-11-21,4.17,-0.2392,137659556,9012408,10164537,-1152129,5.66380358,1033743,247900,138693299,2430514302.99
2024-11-22,3.98,-4.5564,136963666,13663746,14359636,-695890,5.90418794,986642,247900,137950308,2319771445.06
2024-11-25,4.04,1.5075,139901336,9000020,6062350,2937670,5.94125743,977680,242000,140879016,2354742873.88
2024-11-26,3.95,-2.2277,139476079,7006550,7431807,-425257,6.05815678,981970,248600,140458049,2302285730.65
2024-11-27,4.0,1.2658,139013034,5881783,6344828,-463045,5.96256882,978000,244500,139991034,2331428588.0
2024-11-28,4.09,2.25,135133290,9139286,13019030,-3879744,5.66861441,988553,241700,136121843,2383885731.23
2024-11-29,4.09,0.0,144482614,17326806,7977482,9349324,6.06080284,926794,226600,145409408,2383885731.23
2024-12-02,4.2,2.6895,135652757,11015779,19845636,-8829857,5.54137075,904260,215300,136557017,2448000017.4
2024-12-03,4.17,-0.7143,134215869,10940055,12376943,-1436888,5.52211805,886542,212600,135102411,2430514302.99
2024-12-04,4.11,-1.4388,136262513,8635259,6588615,2046644,5.68816841,783366,190600,137045879,2395542874.17
2024-12-05,4.25,3.4063,144222757,23197557,15237313,7960244,5.82214124,958375,225500,145181132,2477142874.75
2024-12-06,4.4,3.5294,149634058,32977587,27566286,5411301,5.83466131,982520,223300,150616578,2564571446.8
2024-12-09,4.41,0.2273,154907514,27152178,21878722,5273456,6.02659169,977697,221700,155885211,2570400018.27
2024-12-10,4.4,-0.2268,169406225,51078668,36579957,14498711,6.60563484,968440,220100,170374665,2564571446.8
2024-12-11,4.5,2.2727,175386354,31544067,25563938,5980129,6.68684351,961200,213600,176347554,2622857161.5
2024-12-12,4.66,3.5556,178734058,49549637,46201933,3347704,6.58050575,781948,167800,179516006,2716114305.02
2024-12-13,4.4,-5.5794,174361350,35897550,40270258,-4372708,6.79884938,993520,225800,175354870,2564571446.8
2024-12-16,4.27,-2.9545,175546072,15998581,14813859,1184722,7.05344225,752801,176300,176298873,2488800017.69
2024-12-17,4.12,-3.5129,168961837,12437038,19021273,-6584235,7.03605589,857372,208100,169819209,2401371445.64
2024-12-18,4.14,0.4854,166938913,5713475,7736399,-2022924,6.91823188,957582,231300,167896495,2413028588.58
2024-12-19,4.09,-1.2077,162355815,6117787,10700885,-4583098,6.81055358,925567,226300,163281382,2383885731.23
2024-12-20,4.12,0.7335,162302900,6660286,6713201,-52915,6.75875864,932356,226300,163235256,2401371445.64
2024-12-23,3.91,-5.0971,158751594,7998305,11549611,-3551306,6.96593169,825792,211200,159577386,2278971444.77
2024-12-24,3.92,0.2558,159038461,4389863,4102996,286867,6.96071691,833392,212600,159871853,2284800016.24
2024-12-25,3.84,-2.0408,161268952,8497763,6267272,2230491,7.20538868,863616,224900,162132568,2238171444.48
2024-12-26,3.91,1.8229,163018273,9396183,7646862,1749321,2.96873135,399602,102200,163417875,5491176328.93
2024-12-27,3.95,1.023,159698307,4245806,7565772,-3319966,2.87882048,931015,235700,160629322,5547352045.85
2024-12-30,3.83,-3.038,159865856,8657927,8490378,167549,2.97213349,902731,235700,160768587,5378824895.09
2024-12-31,3.7,-3.3943,158541607,4796472,6120721,-1324249,3.05107511,865800,234000,159407407,5196253815.1
2025-01-02,3.47,-6.2162,157708969,10014059,10846697,-832638,3.23622185,717943,206900,158426912,4873243442.81
2025-01-03,3.35,-3.4582,155829321,5068675,6948323,-1879648,3.31219379,670670,200200,156499991,4704716292.05
2025-01-06,3.37,0.597,155954209,3771227,3646339,124888,3.29517563,661194,196200,156615403,4732804150.51
2025-01-07,3.43,1.7804,155118076,2990723,3826856,-836133,3.22017636,771750,225000,155889826,4817067725.89
2025-01-08,3.39,-1.1662,154011381,3082237,4188932,-1106695,3.234927,762750,225000,154774131,4760892008.97
2025-01-09,3.43,1.1799,153254811,2443980,3200550,-756570,3.18149588,771750,225000,154026561,4817067725.89
2025-01-10,3.32,-3.207,152429436,2141026,2966401,-825375,3.26920479,884448,266400,153313884,4662584504.36
2025-01-13,3.3,-0.6024,152620301,2935769,2744904,190865,3.29313651,879120,266400,153499421,4634496645.9
2025-01-14,3.42,3.6364,156686494,10203328,6137135,4066193,3.26224688,911772,266600,157598266,4803023796.66
2025-01-15,3.36,-1.7544,160620456,9171655,5237693,3933962,3.40386984,922992,274700,161543448,4718760221.28
2025-01-16,3.4,1.1905,160093233,7819926,8347149,-527223,3.35278285,906440,266600,160999673,4774935938.2
2025-01-17,3.37,-0.8824,157826038,3875407,6142602,-2267195,3.33472574,889680,264000,158715718,4732804150.51
2025-01-20,3.4,0.8902,156586691,5559634,6798981,-1239347,3.27934643,924800,272000,157511491,4774935938.2
2025-01-21,3.27,-3.8235,160536791,10249245,6299145,3950100,3.4957325,911676,278800,161448467,4592364858.21
2025-01-22,3.24,-0.9174,159134544,1879199,3281446,-1402247,3.49728336,863784,266600,159998328,4550233070.52
2025-01-23,3.25,0.3086,155345935,4338540,8127149,-3788609,3.40351681,738725,227300,156084660,4564276999.75
2025-01-24,3.27,0.6154,155042860,5464506,5767581,-303075,3.37610065,871782,266600,155914642,4592364858.21
2025-01-27,3.24,-0.9174,149374241,3739596,9408215,-5668619,3.28278219,770472,237800,150144713,4550233070.52
2025-02-05,3.28,1.2346,149841082,6597844,6131003,466841,3.25288286,892488,272100,150733570,4606408787.44
2025-02-06,3.36,2.439,150590395,6530306,5780993,749313,3.19131272,1043952,310700,151634347,4718760221.28
2025-02-07,3.46,2.9762,149115322,8565762,10040835,-1475073,3.06872195,1074676,310600,150189998,4859199513.58
2025-02-10,3.49,0.8671,146943207,4493107,6665222,-2172115,2.99802641,1083994,310600,148027201,4901331301.27
2025-02-11,3.43,-1.7192,149207920,6075005,3810292,2264713,3.09748437,1065015,310500,150272935,4817067725.89
2025-02-12,3.46,0.8746,144758157,3670643,8120406,-4449763,2.97905358,1074330,310500,145832487,4859199513.58
2025-02-13,3.47,0.289,141055507,7817907,11520557,-3702650,2.89448924,1077435,310500,142132942,4873243442.81
2025-02-14,3.48,0.2882,140519139,3647986,4184354,-536368,2.87519698,1080540,310500,141599679,4887287372.04
2025-02-17,3.51,0.8621,136087847,5567813,9999105,-4431292,2.76072784,940680,268000,137028527,4929419159.73
2025-02-18,3.39,-3.4188,137731102,4800047,3156792,1643255,2.89296841,937674,276600,138668776,4760892008.97
2025-02-19,3.45,1.7699,137881700,3988671,3838073,150598,2.84576414,924600,268000,138806300,4845155584.35
2025-02-20,3.47,0.5797,138932304,4408221,3357617,1050604,2.85092066,804346,231800,139736650,4873243442.81
2025-02-21,3.45,-0.5764,139750871,4964970,4146403,818567,2.88434228,799710,231800,140550581,4845155584.35
2025-02-24,3.53,2.3188,137503342,4456769,6704298,-2247529,2.77363888,884971,250700,138388313,4957507018.19
2025-02-25,3.57,1.1331,138913790,10795586,9385138,1410448,2.77069367,968898,271400,139882688,5013682735.11
2025-02-26,3.6,0.8403,136107425,5533267,8339632,-2806365,2.69209688,946080,262800,137053505,5055814522.8
2025-02-27,3.56,-1.1111,136131445,7394489,7370469,24020,2.72282559,966184,271400,137097629,4999638805.88
2025-02-28,3.48,-2.2472,135274537,4856872,5713780,-856908,2.76788588,944472,271400,136219009,4887287372.04
2025-03-03,3.5,0.5747,135565168,4164710,3874079,290631,2.75798208,845950,241700,136411118,4915375230.5
2025-03-04,3.52,0.5714,135705626,4248065,4107607,140458,2.74515301,850784,241700,136556410,4943463088.96
2025-03-05,3.47,-1.4205,137248647,4837541,3294520,1543021,2.81637165,847374,244200,138096021,4873243442.81
2025-03-06,3.51,1.1527,135839629,3097765,4506783,-1409018,2.7556924,857142,244200,136696771,4929419159.73
2025-03-07,3.47,-1.1396,132569133,4101314,7371810,-3270496,2.72034702,838699,241700,133407832,4873243442.81
2025-03-10,3.48,0.2882,133695625,3634371,2507879,1126492,2.73557937,871392,250400,134567017,4887287372.04
2025-03-11,3.49,0.2874,132689528,2764794,3770891,-1006097,2.70721402,762914,218600,133452442,4901331301.27
2025-03-12,3.47,-0.5731,131907790,3788374,4570112,-781738,2.70677612,686019,197700,132593809,4873243442.81
2025-03-13,3.39,-2.3055,137241712,7823798,2489876,5333922,2.88268904,655287,193300,137896999,4760892008.97
2025-03-14,3.45,1.7699,138759398,7356211,5838525,1517686,2.8638791,667230,193400,139426628,4845155584.35
2025-03-17,3.49,1.1594,134133547,4257578,8883429,-4625851,2.73667579,622267,178300,134755814,4901331301.27
2025-03-18,3.5,0.2865,134855509,5626120,4904158,721962,2.74354454,624050,178300,135479559,4915375230.5
2025-03-19,3.46,-1.1429,133140126,5275220,6990603,-1715383,2.73996006,616918,178300,133757044,4859199513.58
2025-03-20,3.51,1.4451,133012743,4846820,4974203,-127383,2.69834515,625833,178300,133638576,4929419159.73
2025-03-21,3.5,-0.2849,135543096,7919674,5389321,2530353,2.75753304,624050,178300,136167146,4915375230.5
2025-03-24,3.36,-4.0,137970113,10286386,7859369,2427017,2.92386361,608160,181000,138578273,4718760221.28
2025-03-25,3.4,1.1905,135536776,2559095,4992432,-2433337,2.83850459,615400,181000,136152176,4774935938.2
2025-03-26,3.44,1.1765,131403077,2163260,6296959,-4133699,2.71993459,645344,187600,132048421,4831111655.12
2025-03-27,3.39,-1.4535,130945544,3637744,4095277,-457533,2.75044138,630540,186000,131576084,4760892008.97
2025-03-28,3.36,-0.885,133918013,5008250,2035781,2972469,2.83799148,599088,178300,134517101,4718760221.28
2025-03-31,3.38,0.5952,132175850,2183522,3925685,-1742163,2.78449716,602654,178300,132778504,4746848079.74
2025-04-01,3.45,2.071,131683096,3165086,3657840,-492754,2.71783008,615135,178300,132298231,4845155584.35
2025-04-02,3.49,1.1594,133592808,4686773,2777061,1909712,2.7256433,622267,178300,134215075,4901331301.27
2025-04-03,3.56,2.0057,134933362,14628711,13288157,1340554,2.6988622,634748,178300,135568110,4999638805.88
2025-04-07,3.1,-12.9213,134322030,8061583,8672915,-611332,3.0852966,568850,183500,134890880,4353618061.3
2025-04-08,3.2,3.2258,132571927,2966517,4716620,-1750103,2.94993848,587200,183500,133159127,4494057353.6
2025-04-09,3.28,2.5,132383400,3455770,3644297,-188527,2.87389605,587120,179000,132970520,4606408787.44
2025-04-10,3.35,2.1341,130116459,6411038,8677979,-2266941,2.76566005,600990,179400,130717449,4704716292.05
2025-04-11,3.38,0.8955,128749722,2727187,4093924,-1366737,2.71232026,606372,179400,129356094,4746848079.74
2025-04-14,3.39,0.2959,129253188,3417313,2913847,503466,2.71489435,691221,203900,129944409,4760892008.97
2025-04-15,3.37,-0.59,128900530,2628154,2980812,-352658,2.72355513,552006,163800,129452536,4732804150.51
2025-04-16,3.29,-2.3739,129368732,3180216,2712014,468202,2.79991464,545153,165700,129913885,4620452716.67
2025-04-17,3.3,0.304,131349126,3265534,1285140,1980394,2.83416164,611160,185200,131960286,4634496645.9
2025-04-18,3.29,-0.303,130693576,1520923,2176473,-655550,2.82858811,609308,185200,131302884,4620452716.67
2025-04-21,3.5,6.383,131170452,16536024,16059148,476876,2.66857454,691600,197600,131862052,4915375230.5
2025-04-22,3.5,0.0,128317918,6378227,9230761,-2852534,2.61054166,650300,185800,128968218,4915375230.5
2025-04-23,3.46,-1.1429,128553031,4932052,4696939,235113,2.64555984,519346,150100,129072377,4859199513.58
2025-04-24,3.45,-0.289,127027144,4534517,6060404,-1525887,2.62173509,531300,154000,127558444,4845155584.35
2025-04-25,3.43,-0.5797,125468641,2727024,4285527,-1558503,2.6046684,528220,154000,125996861,4817067725.89
2025-04-28,3.32,-3.207,127037609,4234296,2665328,1568968,2.72461784,490364,147700,127527973,4662584504.36
2025-04-29,3.73,12.3494,130459682,20393825,16971752,3422073,2.49045588,575539,154300,131035221,5238385602.79
2025-04-30,3.66,-1.8767,121313311,6933963,16080334,-9146371,2.36014529,447618,122300,121760929,5140078098.18
2025-05-06,3.82,4.3716,122267916,10195302,9240697,954605,2.27908496,469860,123000,122737776,5364780965.86
2025-05-07,3.8,-0.5236,122458669,9606685,9415932,190753,2.29465451,427120,112400,122885789,5336693107.4
2025-05-08,3.77,-0.7895,122396833,7346623,7408459,-61836,2.31174644,396227,105100,122793060,5294561319.71
2025-05-09,3.76,-0.2653,119874023,3705748,6228558,-2522810,2.27011889,369984,98400,120244007,5280517390.48
2025-05-12,3.77,0.266,119582459,4416030,4707594,-291564,2.2585905,394342,104600,119976801,5294561319.71
2025-05-13,3.76,-0.2653,119417168,3905845,4071136,-165291,2.26146719,366976,97600,119784144,5280517390.48
2025-05-14,3.78,0.5319,118596738,3583477,4403907,-820430,2.23404703,366282,96900,118963020,5308605248.94
2025-05-15,3.76,-0.5291,119477705,4474189,3593222,880967,2.26261361,389536,103600,119867241,5280517390.48
2025-05-16,3.79,0.7979,119571458,4817997,4724244,93753,2.24646513,422585,111500,119994043,5322649178.17
2025-05-19,3.91,3.1662,127461439,17449955,9559974,7889981,2.32120463,444567,113700,127906006,5491176328.93
2025-05-20,3.84,-1.7903,124099997,6195874,9557316,-3361442,2.30118701,431616,112400,124531613,5392868824.32
2025-05-21,3.78,-1.5625,121479838,4433053,7053212,-2620159,2.28835697,422982,111900,121902820,5308605248.94
2025-05-22,3.75,-0.7937,122245607,5563113,4797344,765769,2.32120427,383625,102300,122629232,5266473461.25
2025-05-23,3.68,-1.8667,125489160,7969872,4726319,3243553,2.42811785,380144,103300,125869304,5168165956.64
2025-05-26,3.71,0.8152,125671933,2292940,2110167,182773,2.41199139,402164,108400,126074097,5210297744.33
2025-05-27,3.72,0.2695,123561565,2850480,4960848,-2110368,2.36511263,405108,108900,123966673,5224341673.56
2025-05-28,3.59,-3.4946,122097023,3220013,4684555,-1464542,2.42170921,377309,105100,122474332,5041770593.57
2025-05-29,3.68,2.507,125686056,8929239,5340206,3589033,2.43192763,386768,105100,126072824,5168165956.64
2025-05-30,3.63,-1.3587,120105767,1989378,7569667,-5580289,2.35596375,383691,105700,120489458,5097946310.49
2025-06-03,3.74,3.0303,121944553,24170604,22331818,1838786,2.32167899,424116,113400,122368669,5252429532.02
2025-06-04,3.87,3.4759,128376532,30134275,23702296,6431979,2.36203344,427248,110400,128803780,5435000612.01
2025-06-05,3.82,-1.292,129776000,13409604,12010136,1399468,2.41903632,453052,118600,130229052,5364780965.86
2025-06-06,3.77,-1.3089,129250315,7826966,8352651,-525685,2.44119026,436189,115700,129686504,5294561319.71
2025-06-09,3.85,2.122,124040770,7375781,12585326,-5209545,2.29411451,434280,112800,124475050,5406912753.55
2025-06-10,3.77,-2.0779,126188839,6632511,4484442,2148069,2.38336722,424502,112600,126613341,5294561319.71
2025-06-11,3.76,-0.2653,117685522,6435203,14938520,-8503317,2.22867407,424128,112800,118109650,5280517390.48
2025-06-12,3.73,-0.7979,117253655,3917980,4349847,-431867,2.23835479,392023,105100,117645678,5238385602.79
2025-06-13,3.67,-1.6086,114422527,3119046,5950174,-2831128,2.22001975,371771,101300,114794298,5154122027.41
2025-06-16,3.69,0.545,113166513,1675851,2931865,-1256014,2.18375009,375273,101700,113541786,5182209885.87
2025-06-17,3.66,-0.813,115948085,4514827,1733255,2781572,2.25576504,373320,102000,116321405,5140078098.18
2025-06-18,3.6,-1.6393,115820018,3750973,3879040,-128067,2.29082806,350640,97400,116170658,5055814522.8
2025-06-19,3.55,-1.3889,116000360,4306473,4126131,180342,2.32671051,355710,100200,116356070,4985594876.65
2025-06-20,3.54,-0.2817,114525906,3963759,5438213,-1474454,2.30362531,372762,105300,114898668,4971550947.42
2025-06-23,3.59,1.4124,115278194,4457624,3705336,752288,2.2864625,417517,116300,115695711,5041770593.57
2025-06-24,3.64,1.3928,115580707,4216242,3913729,302513,2.26097276,444808,122200,116025515,5111990239.72
2025-06-25,3.66,0.5495,115065080,4177307,4692934,-515627,2.23858622,439932,120200,115505012,5140078098.18
2025-06-26,3.63,-0.8197,114811782,4875876,5129174,-253298,2.2521183,375705,103500,115187487,5097946310.49
2025-06-27,3.6,-0.8264,115548098,3761048,3024732,736316,2.2854497,374040,103900,115922138,5055814522.8
2025-06-30,3.64,1.1111,118225192,6524407,3847313,2677094,2.31270379,376740,103500,118601932,5111990239.72
2025-07-01,3.89,6.8681,125707265,34748294,27266221,7482073,2.30102927,522816,134400,126230081,5463088470.47
2025-07-02,3.78,-2.8278,131906242,26042539,19843562,6198977,2.48476268,444150,117500,132350392,5308605248.94
2025-07-03,3.83,1.3228,131386800,18891860,19411302,-519442,2.44266736,464962,121400,131851762,5378824895.09
2025-07-04,4.14,8.094,147729650,71080269,54737419,16342850,2.54084806,887616,214400,148617266,5814186701.22
2025-07-07,4.2,1.4493,188016513,96594002,56307139,40286863,3.18755782,910140,216700,188926653,5898450276.6
2025-07-08,5.04,20.0,164806703,72935118,96144928,-23209810,2.32838988,1086120,215500,165892823,7078140331.92
2025-07-09,5.34,5.9524,252847933,211930275,123889045,88041230,3.37154933,1177470,220500,254025403,7499458208.82
2025-07-10,5.5,2.9963,258869573,170492666,164471026,6021640,3.35142639,1255100,228200,260124673,7724161076.5
2025-07-11,5.0,-9.0909,283700177,156176472,131345868,24830604,4.04018238,1112500,222500,284812677,7021964615.0
2025-07-14,4.88,-2.4,263967142,83206978,102940013,-19733035,3.85160211,1113616,228200,265080758,6853437464.24
2025-07-15,4.78,-2.0492,287743028,99916375,76140489,23775886,4.28635642,1058292,221400,288801320,6712998171.94
2025-07-16,4.84,1.2552,283296309,58839836,63286555,-4446719,4.1678005,1071576,221400,284367885,6797261747.32
2025-07-17,4.98,2.8926,292224572,95939623,87011360,8928263,4.1782917,1126476,226200,293351048,6993876756.54
2025-07-18,4.93,-1.004,271035037,74208432,95397967,-21189535,3.91462247,1049104,212800,272084141,6923657110.39
2025-07-21,5.04,2.2312,284977996,83155615,69212656,13942959,4.02617047,1096704,217600,286074700,7078140331.92
2025-07-22,4.92,-2.381,276680745,70498509,78795760,-8297251,4.00428704,1089288,221400,277770033,6909613181.16
2025-07-23,4.81,-2.2358,273677299,46647512,49650958,-3003446,4.05139946,1023568,212800,274700867,6755129959.63
2025-07-24,4.9,1.8711,282011217,54114265,45780347,8333918,4.09809168,1067220,217800,283078437,6881525322.7
2025-07-25,4.81,-1.8367,248908827,21224654,54327044,-33102390,3.6847378,992303,206300,249901130,6755129959.63
2025-07-28,4.94,2.7027,238092699,43139328,53955456,-10816128,3.43186738,1099644,222600,239192343,6937701039.62
2025-07-29,5.0,1.2146,249714735,56935495,45313459,11622036,3.55619472,1092500,218500,250807235,7021964615.0
2025-07-30,4.88,-2.4,248710107,45865380,46870008,-1004628,3.62898339,1119960,229500,249830067,6853437464.24
2025-07-31,4.88,0.0,245404947,53021812,56326972,-3305160,3.58075708,1103368,226100,246508315,6853437464.24
2025-08-01,4.79,-1.8443,243786527,33905168,35523588,-1618420,3.62397802,999194,208600,244785721,6727042101.17
2025-08-04,4.81,0.4175,228629892,15416343,30572978,-15156635,3.38453728,1042327,216700,229672219,6755129959.63
2025-08-05,4.82,0.2079,227488021,17461846,18603717,-1141871,3.36064673,953396,197800,228441417,6769173888.86
2025-08-06,4.92,2.0747,233873165,38549473,32164329,6385144,3.38475048,1123236,228300,234996401,6909613181.16
2025-08-07,5.05,2.6423,239548336,62915716,57240545,5675171,3.37763836,1205940,238800,240754276,7092184261.15
2025-08-08,4.95,-1.9802,241828800,35011314,32730850,2280464,3.47867767,1182060,238800,243010860,6951744968.85
2025-08-11,5.18,4.6465,250117147,64931711,56643364,8288347,3.43815201,1237502,238900,251354649,7274755341.14
2025-08-12,5.1,-1.5444,245271659,37926130,42771618,-4845488,3.42443211,838950,164500,246110609,7162403907.3
2025-08-13,5.24,2.7451,261134860,65558190,49694989,15863201,3.548501,861980,164500,261996840,7359018916.52
2025-08-14,5.32,1.5267,272644975,111269385,99759270,11510115,3.64919636,1278928,240400,273923903,7471370350.36
2025-08-15,6.38,19.9248,295988761,143643820,120300034,23343786,3.30343609,1527372,239400,297516133,8960026848.74
2025-08-18,7.01,9.8746,358876213,264921623,202034171,62887452,3.64533985,1568838,223800,360445051,9844794390.23
2025-08-19,6.57,-6.2767,349062992,162972600,172785821,-9813221,3.78311728,1456569,221700,350519561,9226861504.11
2025-08-20,6.42,-2.2831,378843785,115577374,85796581,29780793,4.20181093,1423314,221700,380267099,9016202565.66
2025-08-21,6.23,-2.9595,359766639,78783453,97860599,-19077146,4.11191577,1385552,222400,361152191,8749367910.29
2025-08-22,6.48,4.0128,345201504,121832474,136397609,-14565135,3.79322882,1596024,246300,346797528,9100466141.04
2025-08-25,6.68,3.0864,356435719,131235084,120000869,11234215,3.79940967,1554436,232700,357990155,9381344725.64
2025-08-26,6.85,2.5449,332384820,145073206,169124105,-24050899,3.45511079,1784425,260500,334169245,9620091522.55
2025-08-27,6.56,-4.2336,349522771,109013253,91875302,17137951,3.79387487,1698384,258900,351221155,9212817574.88
2025-08-28,7.87,19.9695,333825195,149461309,165158885,-15697576,3.02033939,2126474,270200,335951669,11052572304.01
2025-08-29,7.77,-1.2706,301799672,165820367,197845890,-32025523,2.76572574,2024085,260500,303823757,10912133011.71
2025-09-01,7.62,-1.9305,317892579,120023928,103931021,16092907,2.97054945,1982724,260200,319875303,10701474073.26
2025-09-02,7.33,-3.8058,312961874,98701119,103631824,-4930705,3.0401767,1941717,264900,314903591,10294200125.59
2025-09-03,7.13,-2.7285,326866937,71271982,57366919,13905063,3.26432079,1786065,250500,328653002,10013321540.99
2025-09-04,6.97,-2.244,325949884,80069977,80987030,-917053,3.32988642,1700680,244000,327650564,9788618673.31
2025-09-05,7.07,1.4347,320848165,62273347,67375066,-5101719,3.2314059,1681953,237900,322530118,9929057965.61
2025-09-08,7.38,4.3847,385455442,145364549,80757272,64607277,3.71902577,1897398,257100,387352840,10364419771.74
2025-09-09,6.92,-6.2331,343419009,75627451,117663884,-42036433,3.53369941,1858712,268600,345277721,9718399027.16
2025-09-10,6.98,0.8671,340305491,77078651,80192169,-3113518,3.47156181,1883902,269900,342189393,9802662602.54
2025-09-11,7.3,4.5845,368188244,133517619,105634866,27882753,3.59135573,1941800,266000,370130044,10252068337.9
2025-09-12,7.2,-1.3699,364848129,90895279,94235394,-3340115,3.60820326,1946880,270400,366795009,10111629045.6
2025-09-15,6.82,-5.2778,360820476,93566281,97593934,-4027653,3.76719558,1889140,277000,362709616,9577959734.86
2025-09-16,6.89,1.0264,361738938,69863490,68945028,918462,3.73841409,1912664,277600,363651602,9676267239.47
2025-09-17,6.82,-1.016,371778354,80703819,70664403,10039416,3.88160281,1809346,265300,373587700,9577959734.86
2025-09-18,6.87,0.7331,362889439,91470459,100359374,-8888915,3.76122193,1753224,255200,364642663,9648179381.01
2025-09-19,6.74,-1.8923,363965829,59252155,58175765,1076390,3.84513934,1049418,155700,365015247,9465608301.02
2025-09-22,6.72,-0.2967,342140687,32516893,54342035,-21825142,3.62532393,628320,93500,342769007,9437520442.56
2025-09-23,6.54,-2.6786,359231371,75044409,57953725,17090684,3.91118065,588600,90000,359819971,9184729716.42
2025-09-24,6.54,0.0,353463418,35896084,41664037,-5767953,3.84838127,319152,48800,353782570,9184729716.42
2025-09-25,6.45,-1.3761,360559431,37121232,30025219,7096013,3.98041645,265740,41200,360825171,9058334353.35
2025-09-26,6.21,-3.7209,348983859,27307514,38883086,-11575572,4.00152107,263304,42400,349247163,8721280051.83
2025-09-29,6.3,1.4493,352045684,31371182,28309357,3061825,3.97896247,177030,28100,352222714,8847675414.9
2025-09-30,6.26,-0.6349,337245515,22828497,37628666,-14800169,3.8360408,175906,28100,337421421,8791499697.98
2025-10-09,6.26,0.0,337388919,28825748,28682344,143404,3.83767196,175906,28100,337564825,8791499697.98
2025-10-10,6.18,-1.278,333151578,22485630,26722971,-4237341,3.83852848,186018,30100,333337596,8679148264.14
2025-10-13,6.11,-1.1327,327551244,17018598,22618932,-5600334,3.81723951,18941,3100,327570185,8580840759.53
2025-10-14,6.03,-1.3093,325009349,17773323,20315218,-2541895,3.8378669,56079,9300,325065428,8468489325.69
2025-10-15,6.11,1.3267,320247972,22008705,26770082,-4761377,3.73212813,161915,26500,320409887,8580840759.53
2025-10-16,5.94,-2.7823,317534485,12471231,15184718,-2713487,3.80641223,200178,33700,317734663,8342093962.62
2025-10-17,5.78,-2.6936,313006907,12581729,17109307,-4527578,3.85600377,171666,29700,313178573,8117391094.94
2025-10-20,5.84,1.0381,316527891,14093051,10572067,3520984,3.85931746,164688,28200,316692579,8201654670.32
2025-10-21,6.04,3.4247,317345553,20187717,19370055,817662,3.74116486,173348,28700,317518901,8482533254.92
2025-10-22,6.1,0.9934,330273882,47692424,34764095,12928329,3.85527857,287310,47100,330561192,8566796830.3
2025-10-23,5.98,-1.9672,331589180,24384240,23068942,1315298,3.94830355,291226,48700,331880406,8398269679.54
2025-10-24,6.14,2.6756,347805321,47359609,31143468,16216141,4.0334736,252968,41200,348058289,8622972547.22
2025-10-27,6.31,2.7687,349847549,67191053,65148825,2042228,3.94785183,581782,92200,350429331,8861719344.13
2025-10-28,6.64,5.2298,386572060,104213594,67489083,36724511,4.14546975,707824,106600,387279884,9325169008.72
2025-10-29,6.78,2.1084,375901461,81142837,91813436,-10670599,3.94780495,954624,140800,376856085,9521784017.94
2025-10-30,6.25,-7.8171,378117115,68315364,66099710,2215654,4.30782137,1208125,193300,379325240,8777455768.75
2025-10-31,6.32,1.12,365212058,40291191,53196248,-12905057,4.11471157,1194480,189000,366406538,8875763273.36
2025-11-03,6.08,-3.7975,362045746,34003317,37169629,-3166312,4.24005253,1158240,190500,363203986,8538708971.84
2025-11-04,6.0,-1.3158,365089112,23958547,20915181,3043366,4.33270379,1182000,197000,366271112,8426357538.0
2025-11-05,5.97,-0.5,360560649,19503629,24032092,-4528463,4.30046446,955200,160000,361515849,8384225750.31
2025-11-06,6.07,1.675,359652419,29854350,30762580,-908230,4.21896247,967558,159400,360619977,8524665042.61
2025-11-07,6.04,-0.4942,352699384,20880687,27833722,-6953035,4.15794873,959756,158900,353659140,8482533254.92
2025-11-10,6.07,0.4967,348541657,20887173,25044900,-4157727,4.08862583,770283,126900,349311940,8524665042.61
2025-11-11,5.96,-1.8122,348178673,20433146,20796130,-362984,4.15975041,879696,147600,349058369,8370181821.08
2025-11-12,5.9,-1.0067,347794578,14539856,14923951,-384095,4.19741745,942230,159700,348736808,8285918245.7
2025-11-13,6.1,3.3898,344576608,35653540,38871510,-3217970,4.02223392,946110,155100,345522718,8566796830.3
2025-11-14,5.92,-2.9508,335807299,15270032,24039341,-8769309,4.03905524,917008,154900,336724307,8314006104.16
2025-11-17,5.85,-1.1824,329445383,12978984,19340900,-6361916,4.00994972,744705,127300,330190088,8215698599.55
2025-11-18,5.78,-1.1966,326939794,10025705,12531294,-2505589,4.0276462,735216,127200,327675010,8117391094.94
2025-11-19,5.67,-1.9031,321214830,10093147,15818111,-5724964,4.03388856,860139,151700,322074969,7962907873.41
2025-11-20,5.68,0.1764,315590967,6555324,12179187,-5623863,3.95628524,853136,150200,316444103,7976951802.64
2025-11-21,5.42,-4.5775,310798798,8493949,13286118,-4792169,4.08311312,855818,157900,311654616,7611809642.66
2025-11-24,5.54,2.214,312535785,11698204,9961217,1736987,4.01699558,873104,157600,313408889,7780336793.42
2025-11-25,5.72,3.2491,315109690,13227161,10653256,2573905,3.92262776,944944,165200,316054634,8033127519.56
2025-11-26,5.72,0.0,316747630,14082291,12444351,1637940,3.94301758,943228,164900,317690858,8033127519.56
2025-11-27,5.71,-0.1748,315080270,12215193,13882553,-1667360,3.92913064,942150,165000,316022420,8019083590.33
2025-11-28,5.72,0.1751,313068394,6572973,8584849,-2011876,3.89721678,749892,131100,313818286,8033127519.56
2025-12-01,5.79,1.2238,313650296,12096395,11514493,581902,3.85725638,874869,151100,314525165,8131435024.17
2025-12-02,5.76,-0.5181,309976481,11024463,14698278,-3673815,3.83193054,839232,145700,310815713,8089303236.48
2025-12-03,5.71,-0.8681,306079481,6413818,10310818,-3897000,3.81688852,878769,153900,306958250,8019083590.33
2025-12-04,6.04,5.7793,326794718,49879422,29164185,20715237,3.85256041,1310680,217000,328105398,8482533254.92
2025-12-05,7.25,20.0331,527348256,343827438,143273900,200553538,5.17929771,1539175,212300,528887431,10181848691.75
2025-12-08,7.72,6.4828,710397031,409191557,226142782,183048775,6.5523216,1291556,167300,711688587,10841913365.56
2025-12-09,7.84,1.5544,600528070,194584674,304453635,-109868961,5.45416933,1027824,131100,601555894,11010440516.32
2025-12-10,7.77,-0.8929,567458033,163749580,196819617,-33070037,5.2002485,1728825,222500,569186858,10912133011.71
2025-12-11,7.39,-4.8906,488206806,88621045,167872272,-79251227,4.70403732,1454352,196800,489661158,10378463700.97
2025-12-12,7.09,-4.0595,344376447,90997830,234828189,-143830359,3.45858596,1380423,194700,345756870,9957145824.07
2025-12-15,6.83,-3.6671,322067110,53678608,75987945,-22309337,3.3576625,942540,138000,323009650,9592003664.09
2025-12-16,6.52,-4.5388,318899434,37582530,40750206,-3167676,3.48271166,861292,132100,319760726,9156641857.96
2025-12-17,6.8,4.2945,345974517,102234788,75159705,27075083,3.62281842,933640,137300,346908157,9549871876.4
2025-12-18,6.58,-3.2353,336282554,71296692,80988655,-9691963,3.63906499,844214,128300,337126768,9240905433.34
2025-12-19,6.42,-2.4316,295642040,41392802,82033316,-40640514,3.27900841,1172292,182600,296814332,9016202565.66
2025-12-22,6.65,3.5826,324529111,78800278,49913207,28887071,3.47490857,1127175,169500,325656286,9339212937.95
2025-12-23,6.8,2.2556,389910878,169600065,104218298,65381767,4.0828912,950640,139800,390861518,9549871876.4
2025-12-24,7.1,4.4118,379399091,124578104,135089891,-10511787,3.80495307,1510170,212700,380909261,9971189753.3
2025-12-25,6.99,-1.5493,364679981,67889979,82609089,-14719110,3.71489134,1279170,183000,365959151,9816706531.77
2025-12-26,7.08,1.2876,368966869,84650447,80363559,4286888,3.71078234,1154040,163000,370120909,9943101894.84
2025-12-29,7.08,0.0,355564706,78673642,92075805,-13402163,3.57599379,1315464,185800,356880170,9943101894.84
2025-12-30,7.07,-0.1412,377631477,109889891,87823120,22066771,3.80329613,1588629,224700,379220106,9929057965.61
2025-12-31,7.0,-0.9901,367622935,54902698,64911240,-10008542,3.73952056,1025500,146500,368648435,9830750461.0
2026-01-05,7.18,2.5714,355189775,73747824,86180984,-12433160,3.52247061,1512108,210600,356701883,10083541187.14
2026-01-06,7.22,0.5571,351663843,75288440,78814372,-3525932,3.46818206,2022322,280100,353686165,10139716904.06
2026-01-07,7.34,1.662,365837251,94150521,79977113,14173408,3.54897739,2146950,292500,367984201,10308244054.82
2026-01-08,7.23,-1.4986,375657007,66290714,56470958,9819756,3.69968343,2204427,304900,377861434,10153760833.29
2026-01-09,7.35,1.6598,386479555,86183000,75360452,10822548,3.74412684,2330685,317100,388810240,10322287984.05
2026-01-12,7.41,0.8163,378367102,67042572,75155025,-8112453,3.63585478,1321944,178400,379689046,10406551559.43
2026-01-13,6.99,-5.668,359456937,61462181,80372346,-18910165,3.66168568,662652,94800,360119589,9816706531.77
2026-01-14,7.25,3.7196,380045001,97458850,76870786,20588064,3.73257365,498800,68800,380543801,10181848691.75
2026-01-15,7.76,7.0345,395188348,142160983,127017636,15143347,3.6262169,985520,127000,396173868,10898089082.48
2026-01-16,7.61,-1.933,412016219,122349917,105522046,16827871,3.85514772,1025828,134800,413042047,10687430144.03
2026-01-19,8.05,5.7819,492478824,182465479,102002874,80462605,4.35615223,1424850,177000,493903674,11305363030.15
2026-01-20,7.41,-7.9503,495341804,119598492,116735512,2862980,4.75990342,1771731,239100,497113535,10406551559.43
2026-01-21,8.12,9.5816,550786868,228767449,173322385,55445064,4.82990864,2479036,305300,553265904,11403670534.76
2026-01-22,8.69,7.0197,615013990,208023653,143796531,64227122,5.03937395,2823381,324900,617837371,12204174500.87
2026-01-23,8.23,-5.2934,612969907,169217332,171261415,-2044083,5.30335484,3022879,367300,615992786,11558153756.29
2026-01-26,7.97,-3.1592,645182811,159231510,127018606,32212904,5.76415744,2950494,370200,648133305,11193011596.31
2026-01-27,7.87,-1.2547,595471149,88585936,138297598,-49711662,5.387625,3012636,382800,598483785,11052572304.01
2026-01-28,8.33,5.845,547168770,129627361,177929740,-48302379,4.6772186,3292016,395200,550460786,11698593048.59
2026-01-29,8.66,3.9616,521074128,274540217,300634859,-26094642,4.28442935,3357482,387700,524431610,12162042713.18
2026-01-30,8.74,0.9238,513095638,178280158,186258648,-7978490,4.18021152,3525716,403400,516621354,12274394147.02
2026-02-02,8.65,-1.0297,494695734,109750884,128150788,-18399904,4.07224056,3559475,411500,498255209,12147998783.95
2026-02-03,9.49,9.711,466619526,153461637,181537845,-28076208,3.5011286,4173702,439800,470793228,13327688839.27
2026-02-04,9.76,2.8451,497084284,244254216,213789458,30464758,3.62653257,4208512,431200,501292796,13706874928.48
2026-02-05,9.4,-3.6885,485457055,123816929,135444158,-11627229,3.67734462,4047640,430600,489504695,13201293476.2
2026-02-06,9.03,-3.9362,480881720,105556479,110131814,-4575335,3.79194374,3227322,357400,484109042,12681668094.69
2026-02-09,9.75,7.9734,533310782,186326881,133897819,52429062,3.89481753,3703050,379800,537013832,13692830999.25
2026-02-10,9.83,0.8205,558619553,201929133,176620362,25308771,4.04644818,3755060,382000,562374613,13805182433.09
2026-02-11,11.8,20.0407,639401735,225261624,144479442,80782182,3.85836377,4581940,388300,643983675,16571836491.4
2026-02-12,12.77,8.2203,665865863,466824706,440360578,26464128,3.71284843,4237086,331800,670102949,17934097626.71
2026-02-13,12.66,-0.8614,703634616,335227102,297458349,37768753,3.95753586,4466448,352800,708101064,17779614405.18
2026-02-24,15.19,19.9842,761812846,377409212,319230982,58178230,3.57109896,6844614,450600,768657460,21332728500.37
2026-02-25,15.76,3.7525,831059998,452247674,383000522,69247152,3.75480626,6896576,437600,837956574,22133232466.48
2026-02-26,15.6,-1.0152,871003894,400042949,360099053,39943896,3.9756383,7052760,452100,878056654,21908529598.8
2026-02-27,14.09,-9.6795,863609783,389606073,397000184,-7394111,4.36433348,6027702,427800,869637485,19787896285.07
2026-03-02,13.88,-1.4904,827573296,266377287,302413774,-36036487,4.24549535,5132824,369800,832706120,19492973771.24
2026-03-03,12.81,-7.7089,742419006,198482281,283636571,-85154290,4.12678002,4707675,367500,747126681,17990273343.63
2026-03-04,13.07,2.0297,718441733,166278529,190255802,-23977273,3.91405868,2722481,208300,721164214,18355415503.61
2026-03-05,12.96,-0.8416,724718993,212294989,206017729,6277260,3.98176853,3049488,235300,727768481,18200932282.08
2026-03-06,12.54,-3.2407,738874820,177860684,163704857,14155827,4.19550939,2906772,231800,741781592,17611087254.42
2026-03-09,12.51,-0.2392,725895473,137168084,150147431,-12979347,4.13169397,3176289,253900,729071762,17568955466.73
2026-03-10,12.99,3.8369,776205761,320091855,269781567,50310288,4.25479929,5103771,392900,781309532,18243064069.77
2026-03-11,12.6,-3.0023,775592827,219402222,220015156,-612934,4.38303165,5512500,437500,781105327,17695350829.8
2026-03-12,12.22,-3.0159,775723626,175679747,175548948,130799,4.52009102,4929548,403400,780653174,17161681519.06
2026-03-13,12.06,-1.3093,741160912,155977550,190540264,-34562714,4.37599248,4124520,342000,745285432,16936978651.38
2026-03-16,12.14,0.6633,689559506,100020492,151621898,-51601406,4.04449619,4610772,379800,694170278,17049330085.22
2026-03-17,11.36,-6.425,623262004,71218434,137515936,-66297502,3.90664266,4760976,419100,628022980,15953903605.28
2026-03-18,11.8,3.8732,636986802,84420438,70695640,13724798,3.84379126,5140080,435600,642126882,16571836491.4
2026-03-19,11.29,-4.322,625110284,63783121,75659639,-11876518,3.94252149,5052275,447500,630162559,15855596100.67
2026-03-20,10.95,-3.0115,597174760,33443150,61378674,-27935524,3.88327988,4757775,434500,601932535,15378102506.85
2026-03-23,10.25,-6.3927,600674259,79890478,76390979,3499499,4.17278995,1343775,131100,602018034,14395027460.75
2026-03-24,10.8,5.3659,589297765,53165144,64541638,-11376494,3.88528075,1631880,151100,590929645,15167443568.4
2026-03-25,11.12,2.963,591587495,118227838,115938108,2289730,3.78813603,1071968,96400,592659463,15616849303.76
2026-03-26,10.94,-1.6187,576517796,47716869,62786568,-15069699,3.75237958,979130,89500,577496926,15364058577.62
2026-03-27,11.0,0.5484,576418808,49911232,50010220,-98988,3.73127128,697400,63400,577116208,15448322153.0
2026-03-30,11.68,6.1818,634507473,168826755,110738090,58088665,3.86816745,1544096,132200,636051569,16403309340.64
2026-03-31,11.28,-3.4247,599816157,71344770,106036086,-34691316,3.78634714,3564480,316000,603380637,15841552171.44
2026-04-01,11.83,4.8759,661399183,242624741,181041715,61583026,3.98098258,4812444,406800,666211627,16613968279.09
2026-04-02,11.33,-4.2265,618722847,93346810,136023146,-42676336,3.88845978,4532000,400000,623254847,15911771817.59
2026-04-03,11.06,-2.3831,621231636,92859554,90350765,2508789,3.99953779,4473770,404500,625705406,15532585728.38
2026-04-07,11.45,3.5262,649799302,162082428,133514762,28567666,4.0409653,3161345,276100,652960647,16080298968.35
2026-04-08,12.3,7.4236,627844935,147852269,169806636,-21954367,3.63461698,3820380,310600,631665315,17274032952.9
2026-04-09,12.52,1.7886,629593076,173361776,171613635,1748141,3.58069213,4280588,341900,633873664,17582999395.96
2026-04-10,12.78,2.0767,737754038,348990100,240829138,108160962,4.11047593,5096664,398800,742850702,17948141555.94
2026-04-13,14.83,16.0407,759020536,408798182,387531684,21266498,3.64438074,6108477,411900,765129013,20827147048.09
2026-04-14,14.86,0.2023,881723165,501906619,379203990,122702629,4.22498148,6976770,469500,888699935,20869278835.78
2026-04-15,14.26,-4.0377,896597924,298641138,283766379,14874759,4.47702553,5716834,400900,902314758,20026643081.98
2026-04-16,14.38,0.8415,932497434,294771313,258871803,35899510,4.61742795,5024372,349400,937521806,20195170232.74
2026-04-17,14.0,-2.6426,781240751,220233040,371489723,-151256683,3.97345429,5569200,397800,786809951,19661500922.0
2026-04-20,13.87,-0.9286,802110112,190145742,169276381,20869361,4.1178346,5199863,374900,807309975,19478929842.01
2026-04-21,14.03,1.1536,833224109,214961457,183847460,31113997,4.22878421,4885246,348200,838109355,19703632709.69
2026-04-22,13.99,-0.2851,863291567,213934758,183867300,30067458,4.39390995,6007306,429400,869298873,19647456992.77
2026-04-23,14.99,7.148,880932022,375978315,358337860,17640455,4.18458247,7057292,470800,887989314,21051849915.77
2026-04-24,14.74,-1.6678,876116595,251446953,256262380,-4815427,4.23229363,7089940,481000,883206535,20700751685.02
2026-04-27,15.43,4.6811,875448614,283707034,284375015,-667981,4.03995103,7198095,466500,882646709,21669782801.89
2026-04-28,15.92,3.1756,951193715,419921899,344176798,75745101,4.25438978,7872440,494500,959066155,22357935334.16
2026-04-29,17.04,7.0352,1037454543,482818133,396557305,86260828,4.33521713,8138304,477600,1045592847,23930855407.92
2026-04-30,16.08,-5.6338,978838655,300648824,359264712,-58615888,4.33447433,7858296,488700,986696951,22582638201.84
2026-05-06,18.97,17.9726,998499574,443406594,423745675,19660919,3.74793388,8411298,443400,1006910872,26641333749.31
2026-05-07,19.2,1.2124,1005271587,341113124,334341111,6772013,3.72815145,8213760,427800,1013485347,26964344121.6
2026-05-08,18.6,-3.125,1065051285,343632298,283852600,59779698,4.07726505,8468580,455300,1073519865,26121708367.8
2026-05-11,18.41,-1.0215,1083534903,352706459,334222841,18483618,4.19083425,8382073,455300,1091916976,25854873712.43
2026-05-12,17.75,-3.585,1074222247,365248189,374560845,-9312656,4.3093042,7703500,434000,1081925747,24927974383.25
2026-05-13,20.32,14.4789,932442383,403431855,545211719,-141779864,3.26745541,9263888,455900,941706271,28537264195.36
2026-05-14,19.1,-6.0039,918718440,342848383,356572326,-13723943,3.42499888,7124300,373000,925842740,26823904829.3
2026-05-15,18.71,-2.0419,829647909,230867546,319938077,-89070531,3.15741308,7781489,415900,837429398,26276191589.33
2026-05-18,18.7,-0.0534,833945369,199863428,195565968,4297460,3.17546524,8085880,432400,842031249,26262147660.1
2026-05-19,18.7,0.0,850447562,173761970,157259777,16502193,3.23830165,8373860,447800,858821422,26262147660.1
2026-05-20,18.78,0.4278,899691452,221021465,171777575,49243890,3.41121721,8666970,461500,908358422,26374499093.94
2026-05-21,17.81,-5.1651,927430526,312778570,285039496,27739074,3.70790702,8402758,471800,935833284,25012237958.63
2026-05-22,20.49,15.0477,835991660,394656818,486095684,-91438866,2.90516868,7528026,367400,843519686,28776010992.27
2026-05-25,21.56,5.2221,818997951,370995650,387989359,-16993709,2.70486395,9270800,430000,828268751,30278711419.88
2026-05-26,22.8,5.7514,788492871,368647555,399152635,-30505080,2.46248896,9799440,429800,798292311,32020158644.4
2026-05-27,21.58,-5.3509,810892264,293490566,271091173,22399393,2.67561169,9341982,432900,820234246,30306799278.34
2026-05-28,24.78,14.8285,842585789,372804246,341110721,31693525,2.42116393,11027100,445000,853612889,34800856631.94
2026-05-29,23.35,-5.7708,844521259,284138321,282202851,1935470,2.57534294,9977455,427300,854498714,32792574752.05
2026-06-01,21.36,-8.5225,866015472,331542653,310048440,21494213,2.88692679,9244608,432800,875260080,29997832835.28
2026-06-02,23.18,8.5206,833418202,302584985,335182255,-32597270,2.56012351,9350812,403400,842769014,32553827955.14
2026-06-03,22.01,-5.0475,971505778,408526810,270439234,138087576,3.14294451,9440089,428900,980945867,30910688235.23
2026-06-04,22.69,3.0895,1049540288,313058643,235024133,78034510,3.29363892,9041965,398500,1058582253,31865675422.87
2026-06-05,21.75,-4.1428,997412012,279314008,331442284,-52128276,3.26532716,6790350,312200,1004202362,30545546075.25
2026-06-08,21.98,1.0575,917182991,156092694,236321715,-80229021,2.97125326,10036068,456600,927219059,30868556447.54
2026-06-09,25.36,15.3776,929551420,407286997,394918568,12368429,2.60997013,11863915,467820,941415335,35615404527.28
2026-06-10,25.21,-0.5915,996584640,367888176,300854956,67033220,2.8148335,12126514,481020,1008711154,35404745588.83
2026-06-11,26.45,4.9187,1041167160,388309566,343727046,44582520,2.80289064,12619824,477120,1053786984,37146192813.35
2026-06-12,28.44,7.5236,1051899478,424722377,413990059,10732318,2.63363761,13967453,491120,1065866931,39940934730.12
2026-06-15,34.13,20.007,1044193859,424295551,432001170,-7705619,2.17849323,16413800,480920,1060607659,47931930461.99
2026-06-16,38.68,13.3314,1112698513,570915459,502410805,68504654,2.04834172,16184486,418420,1128882999,54321918261.64
2026-06-17,40.23,4.0072,1181857335,758959296,689800474,69158822,2.09183001,17830741,443220,1199688076,56498727292.29
2026-06-18,40.89,1.6406,1320384211,655083780,516556904,138526876,2.29929439,17771612,434620,1338155823,57425626621.47
2026-06-22,41.6,1.7364,1428508067,681416238,573292382,108123856,2.44512313,24540672,589920,1453048739,58422745596.8
2026-06-23,38.25,-8.0529,1345745958,453156393,535918502,-82762109,2.50520351,22694490,593320,1368440448,53718029304.75
2026-06-24,44.98,17.5948,1365854392,668848987,648740553,20108434,2.16220228,25590022,568920,1391444414,63169593676.54
2026-06-25,47.88,6.4473,1548544821,737403796,554713367,182690429,2.30293142,28044274,585720,1576589095,67242333153.24
2026-06-26,52.27,9.1688,1663526742,780749330,665767409,114981921,2.26615001,31760297,607620,1695287039,73407618085.21
2026-06-29,47.82,-8.5135,1698604244,754482104,719404602,35077502,2.52926306,25422068,531620,1724026312,67158069577.86
2026-06-30,46.67,-2.4049,1771194090,694434619,621844773,72589846,2.70233833,27018196,578920,1798212286,65543017716.41
2026-07-01,46.75,0.1714,1849440755,640837012,562590347,78246665,2.81689187,28359485,606620,1877800240,65655369150.25
2026-07-02,45.19,-3.2955,1913079579,507365679,443726855,63638824,3.0144082,27697855,612920,1940777434,63464516190.37
2026-07-03,46.99,3.9832,1997623558,728308069,643764090,84543979,3.02704985,28481579,606120,2026105137,65992423451.77
2026-07-06,40.66,-13.471,1885560947,591322357,703384968,-112062611,3.30205702,25303531,622320,1910864478,57102616249.18
2026-07-07,40.3,-0.8854,1855821892,412945997,442685052,-29739055,3.27900905,24603956,610520,1880425848,56597034796.9
2026-07-08,37.16,-7.7916,1831964139,496045873,519903626,-23857753,3.51036787,22568011,607320,1854532150,52187241018.68
2026-07-09,38.85,4.5479,1878301884,526372257,480034512,46337745,3.44259345,19515132,502320,1897817016,54560665058.55
2026-07-10,37.77,-2.7799,1897882235,616684416,597104065,19580351,3.57794486,16751750,443520,1914633985,53043920701.71
2026-07-13,33.96,-10.0874,1739885092,318464125,476461268,-157997143,3.64807916,14807239,436020,1754692331,47693183665.08
2026-07-14,39.08,15.0766,1781800872,466462483,424546703,41915780,3.24650428,7104744,181800,1788905616,54883675430.84
2026-07-15,37.0,-5.3224,1806375354,382084932,357510450,24574482,3.47630316,8898500,240500,1815273854,51962538151.0
2026-07-16,34.8,-5.9459,1702574200,268480812,372281966,-103801154,3.48367933,9775320,280900,1712349520,48872873720.4
2026-07-17,31.59,-9.2241,1404093900,260924025,559404325,-298480300,3.16488471,8696727,275300,1412790627,44364772437.57
2026-07-20,26.7,-15.4796,1248639939,322784018,478237979,-155453961,3.32994706,9908370,371100,1258548309,37497291044.1
2026-07-21,29.8,11.6105,1197203147,326852077,378288869,-51436792,2.86063833,9172440,307800,1206375587,41850909105.4
2026-07-22,27.29,-8.4228,1152525655,289176969,333854461,-44677492,3.00717314,11704681,428900,1164230336,38325882868.67
2026-07-23,26.71,-2.1253,1142606572,208926975,218846058,-9919083,3.04603015,9420617,352700,1152027189,37511334973.33
2026-07-24,25.7,-3.7814,1122578210,176879386,196907748,-20028362,3.1102468,11133240,433200,1133711450,36092898121.1
2026-07-27,30.84,20.0,1380540686,638578735,380616259,257962476,3.18747075,11978256,388400,1392518942,43311477745.32
2026-07-28,28.87,-6.3878,1291816052,393353062,482077696,-88724634,3.18614298,16678199,577700,1308494251,40544823687.01
2026-07-29,30.2,4.6069,1390989428,677262889,578089513,99173376,3.2796557,17053940,564700,1408043368,42412666274.6
2026-07-30,32.93,9.0397,1467767876,797458257,720679809,76778448,3.17378143,21651475,657500,1489419351,46246658954.39
2026-07-31,31.99,-2.8545,1622479024,879304907,724593759,154711148,3.61140519,17728858,554200,1640207882,44926529606.77
2026-08-03,27.88,-12.8478,1406919474,402061965,617621515,-215559550,3.59325335,14862828,533100,1421782302,39154474693.24
2026-08-04,29.98,7.5323,1371236037,418544050,454227487,-35683437,3.25680651,16728840,558000,1387964877,42103699831.54
2026-08-05,34.19,14.0427,1494067408,706501548,583670177,122831371,3.11159066,21967075,642500,1516034483,48016194037.37
2026-08-06,35.2,2.9541,1616065584,690609575,568611399,121998176,3.26909609,21802880,619400,1637868464,49434630889.6
2026-08-07,38.32,8.8636,1844042217,1046175013,818198380,227976633,3.42654726,29977736,782300,1874019953,53816336809.36
2026-08-10,38.12,-0.5219,2056993031,961317322,748366508,212950814,3.84230022,26592741,697606,2083585772,53535458224.76
2026-08-11,39.39,3.3316,2078717653,759471921,737747299,21724622,3.7576895,31650101,803506,2110367754,55319037236.97
2026-08-12,38.75,-1.6248,2128082636,563228212,513863229,49364983,3.91046271,29477358,760706,2157559994,54420225766.25
2026-08-13,36.44,-5.9613,2171704172,725199579,681578043,43621536,4.24359242,26841923,736606,2198546095,51176078114.12
2026-08-14,37.19,2.0582,2080385167,504870114,596189119,-91319005,3.98317088,27993136,752706,2108378303,52229372806.37
2026-08-17,38.45,3.388,2101120710,590162299,569426756,20735543,3.89104297,26926766,700306,2128047476,53998907889.35
2026-08-18,37.33,-2.9129,2049701566,439639407,491058551,-51419144,3.90970519,28322495,758706,2078024061,52425987815.59
2026-08-19,33.79,-9.483,1896559463,316571790,469713893,-153142103,3.99659039,23423431,693206,1919982894,47454436868.17
2026-08-20,32.49,-3.8473,1914817476,330787358,312529345,18258013,4.1965175,24075285,741006,1938892761,45628726068.27
2026-08-21,32.43,-0.1847,1971939993,327611245,270488728,57122517,4.32970307,22169343,683606,1994109336,45544462492.89
2026-08-24,30.09,-7.2155,1956616937,313089224,328412280,-15323056,4.63014923,23768272,789906,1980385209,42258183053.07
2026-08-25,30.15,0.1994,1933389637,229721883,252949183,-23227300,4.56607917,19977571,662606,1953367208,42342446628.45
2026-08-26,29.62,-1.7579,1895539443,187586176,225436370,-37850194,4.55679131,19804110,668606,1915343553,41598118379.26
2026-08-27,31.14,5.1317,1977035223,429030844,347535064,81495780,4.52071539,21019687,675006,1998054910,43732795622.22
2026-08-28,30.2,-3.0186,1948489127,405689174,434235270,-28546096,4.59412081,21097901,698606,1969587028,42412666274.6
2026-08-31,31.0,2.649,1931618815,322510980,339381292,-16870312,4.43681276,20314486,655306,1951933301,43536180613.0
2026-09-01,28.15,-9.1935,1999967202,435741418,367393031,68348387,5.05889706,20220314,718306,2020187516,39533660782.45
2026-09-02,27.85,-1.0657,1896604119,219548743,322911826,-103363083,4.84911917,17523387,629206,1914127506,39112342905.55
2026-09-03,27.32,-1.9031,1906959036,246101399,235746482,10354917,4.97017908,19717008,721706,1926676044,38368014656.36
2026-09-04,26.38,-3.4407,1853508525,163999107,217449618,-53450511,5.00300762,16231772,615306,1869740297,37047885308.74
2026-09-07,27.45,4.0561,1855203086,234408385,232713824,1694561,4.81238625,19083405,695206,1874286491,38550585736.35
2026-09-08,27.12,-1.2022,1861306757,208012625,201908954,6103671,4.88696959,18138019,668806,1879444776,38087136071.76
2026-09-09,27.55,1.5855,1845209674,219457884,235554967,-16097083,4.76908966,20078605,728806,1865288279,38691025028.65
2026-09-10,29.42,6.7877,1924024425,518728776,439914025,78814751,4.65671094,18249403,620306,1942273828,41317239794.66
