date,mkt_rz_balance_total,mkt_rz_balance_sh,mkt_rz_buy_sh
2024-01-02,15837.88137465,8311.42083711,291.95568421
2024-01-03,15846.92247733,8309.9438546,258.97354208
2024-01-04,15869.14022378,8321.28138742,232.66378224
2024-01-05,15785.20950586,8287.09528427,250.73487249
2024-01-08,15789.28976363,8289.72334142,233.02087686
2024-01-09,15755.69167335,8268.97619326,223.13020121
2024-01-10,15728.98200519,8258.73985989,214.36155506
2024-01-11,15736.6783491,8266.38502547,248.83034044
2024-01-12,15686.12351673,8237.48027298,217.46731504
2024-01-15,15696.00107911,8240.41494146,204.14361121
2024-01-16,15670.71809,8221.91705187,225.94152644
2024-01-17,15665.45169503,8228.93295095,237.33984762
2024-01-18,15598.10891676,8190.22418564,310.33922602
2024-01-19,15524.90169861,8157.17641554,214.0625332
2024-01-22,15374.13385199,8092.96563322,259.40316396
2024-01-23,15333.50799725,8070.32444057,243.25476838
2024-01-24,15311.32405039,8059.44834168,308.79941897
2024-01-25,15352.12011485,8076.17147167,398.75087135
2024-01-26,15302.07146774,8046.55756758,340.89738562
2024-01-29,15267.228596,8041.26169828,339.57628068
2024-01-30,15187.76590729,8002.44506696,251.35818944
2024-01-31,14994.23529046,7924.90224505,265.96924448
2024-02-01,14879.6037943,7868.3796733,237.97159789
2024-02-02,14588.61190779,7736.47722879,286.84024456
2024-02-05,14194.20411988,7552.17822166,278.57969922
2024-02-06,14042.83256515,7483.3330291,320.43133758
2024-02-07,13911.4002174,7420.1935472,332.32393244
2024-02-08,13741.76000554,7328.14563056,351.90425576
2024-02-19,13896.00876833,7402.27803446,409.02856789
2024-02-20,13956.47562839,7427.93395834,331.27613736
2024-02-21,14011.23510172,7453.00060748,472.73390801
2024-02-22,14069.00048257,7477.23231736,365.74487598
2024-02-23,14116.05700096,7494.92807896,396.13584516
2024-02-26,14203.03032406,7542.28891893,437.3120804
2024-02-27,14313.67878148,7596.79567384,444.31228956
2024-02-28,14344.84527979,7613.94539302,584.92758704
2024-02-29,14397.37075911,7635.88251469,458.78328446
2024-03-01,14419.12938118,7639.98784017,473.75546931
2024-03-04,14516.31195982,7678.75774743,484.20191655
2024-03-05,14470.79636463,7655.43467209,444.77870163
2024-03-06,14523.27161951,7678.31575541,426.41805014
2024-03-07,14504.81791881,7672.38154523,432.97222365
2024-03-08,14517.61935655,7670.76407729,369.49965055
2024-03-11,14597.10972645,7717.35920375,470.20015883
2024-03-12,14670.14256702,7756.28762488,526.86299779
2024-03-13,14740.20354663,7793.91222769,471.25026254
2024-03-14,14751.27340784,7800.46280509,433.15267725
2024-03-15,14753.44485532,7785.95728857,382.21228368
2024-03-18,14889.45308968,7852.38788824,536.98389164
2024-03-19,14926.06719485,7881.23561308,462.78644162
2024-03-20,14994.93342611,7915.79255249,417.69942422
2024-03-21,15050.69944487,7945.58886114,455.38216304
2024-03-22,15029.95850338,7923.6770049,449.68010049
2024-03-25,15022.81903524,7919.01990178,404.84856961
2024-03-26,15012.8918506,7916.48382622,354.36531299
2024-03-27,14973.2726213,7900.56026671,323.37974114
2024-03-28,15009.34769527,7914.83877673,367.28249109
2024-03-29,14952.69424661,7886.04704752,343.29555286
2024-04-01,15026.13092598,7919.41850462,427.26662736
2024-04-02,15040.66899345,7926.50902165,369.29980382
2024-04-03,14974.5858797,7894.44473453,353.78996861
2024-04-08,15024.45355715,7922.57829262,388.91667206
2024-04-09,15031.15139107,7925.37585653,305.85233897
2024-04-10,14999.1617214,7910.62513076,318.57334422
2024-04-11,14983.74161578,7906.06930947,318.68581207
2024-04-12,14946.55675736,7895.1721462,329.79859476
2024-04-15,14920.65505779,7888.82659697,398.53695676
2024-04-16,14846.71156205,7862.3263998,362.13135095
2024-04-17,14894.14483905,7888.06155953,380.02981515
2024-04-18,14917.16102262,7900.46778078,412.68741463
2024-04-19,14871.80310692,7879.30724525,371.87702499
2024-04-22,14877.43640804,7879.29072445,338.66268427
2024-04-23,14847.43565469,7862.54233863,303.04643759
2024-04-24,14847.57881032,7853.21617854,300.5860688
2024-04-25,14841.92832215,7845.58673597,297.51886288
2024-04-26,14807.82433718,7838.66647546,485.87088516
2024-04-29,14864.32305061,7873.2731579,564.53752476
2024-04-30,14728.55448265,7794.61836084,424.85621736
2024-05-06,14878.97075924,7877.90499055,529.94941975
2024-05-07,14908.46585474,7893.11964241,420.60624381
2024-05-08,14946.65886949,7909.7256969,353.30169622
2024-05-09,14950.84011764,7912.98030035,392.99730074
2024-05-10,14935.12443408,7908.29373066,397.26293307
2024-05-13,14954.0473863,7923.63204543,399.00537685
2024-05-14,14969.647295,7939.05998906,357.10621652
2024-05-15,14953.23817974,7933.16171463,349.66875338
2024-05-16,14979.63262538,7945.31737028,377.18920735
2024-05-17,14934.3483345,7911.76970437,384.94153123
2024-05-20,14962.61789059,7918.45812829,444.17936252
2024-05-21,14976.84498586,7927.46660438,347.37064026
2024-05-22,14997.88520909,7931.48030302,364.81325607
2024-05-23,14975.50901591,7921.60302563,362.02964351
2024-05-24,14909.47826963,7890.56561769,319.50424266
2024-05-27,14909.58816641,7887.1145573,314.99560603
2024-05-28,14911.819359,7888.22130899,304.48411795
2024-05-29,14905.87339492,7884.33019337,282.92674505
2024-05-30,14896.51166556,7886.13622634,316.2571818
2024-05-31,14871.88566475,7869.48396207,267.63502562
2024-06-03,14858.45788426,7863.77890389,325.16592452
2024-06-04,14822.78889222,7841.68558915,286.32984786
2024-06-05,14811.90263166,7839.52108368,282.79756551
2024-06-06,14750.48970447,7820.07095818,354.51488862
2024-06-07,14686.46783133,7783.01107436,284.91182922
2024-06-11,14733.12983847,7819.44510323,330.12758982
2024-06-12,14750.51029833,7823.14849008,294.23805378
2024-06-13,14758.45126452,7829.07000391,323.4078492
2024-06-14,,7809.64504299,329.86065555
2024-06-17,,7829.64014854,306.23474138
2024-06-18,,7842.95044737,317.4751408
2024-06-19,,7834.35205481,290.66917833
2024-06-20,,7816.83922089,313.89282481
2024-06-21,,7788.54571234,255.45725515
2024-06-24,,7762.85059177,280.49707057
2024-06-25,,7726.34470591,265.39719303
2024-06-26,,7720.54530413,263.78321273
2024-06-27,,7702.57844269,230.99932421
2024-06-28,,7664.97289908,284.75677753
2024-07-01,,7656.58553562,275.90093082
2024-07-02,,7658.41762398,253.48616384
2024-07-03,,7657.37695477,237.16251361
2024-07-04,,7621.1003042,230.49898752
2024-07-05,,7594.23798637,241.06851721
2024-07-08,14317.42117774,7567.5568118,228.39298891
2024-07-09,14313.2829084,7560.91803578,301.04974336
2024-07-10,14292.27358734,7547.28176771,276.5120522
2024-07-11,14321.04322283,7548.26838907,322.50009426
2024-07-12,14273.75739875,7519.29369568,269.53321817
2024-07-15,14254.7092665,7503.96440884,229.17414714
2024-07-16,14250.9314573,7490.61682416,257.95829835
2024-07-17,14200.22595752,7466.42183806,274.04146944
2024-07-18,14152.99543667,7441.35145022,273.3153836
2024-07-19,14097.552048,7406.024333,288.5773394
2024-07-22,14134.55916011,7427.13939268,303.04394857
2024-07-23,14108.02931297,7415.44599301,281.16572045
2024-07-24,14082.9285189,7399.84379926,245.07965431
2024-07-25,14081.15853005,7400.78516108,248.86412565
2024-07-26,14049.25379195,7387.14451618,251.43059459
2024-07-29,14069.73859061,7393.62322064,241.77623124
2024-07-30,14074.21527937,7397.7533524,247.78077714
2024-07-31,14126.70600975,7418.96882387,416.82325954
2024-08-01,14149.409915,7427.93992998,334.89019778
2024-08-02,14107.8747458,7413.59830054,298.93724044
2024-08-05,14053.12553393,7398.18172372,331.65632858
2024-08-06,14069.92357032,7407.75446219,282.57435391
2024-08-07,14067.28447433,7405.38204386,239.94041058
2024-08-08,7403.11931631,7403.11931631,248.69752398
2024-08-09,14034.54559545,7398.20558982,226.37176301
2024-08-12,14021.84887364,7392.94913283,182.73999796
2024-08-13,14031.09614183,7396.09113886,194.07391033
2024-08-14,14039.26453372,7397.25384912,184.82553528
2024-08-15,14018.58736361,7382.35739847,238.29253343
2024-08-16,13988.7796974,7361.17355213,215.52407838
2024-08-19,13990.53768835,7358.45825682,225.02539348
2024-08-20,13972.97545702,7357.49560342,223.36528345
2024-08-21,13955.00971949,7351.99955823,177.4397978
2024-08-22,13896.86575213,7320.35606499,204.10139406
2024-08-23,13841.77952682,7291.97010072,183.17904216
2024-08-26,13839.67206767,7291.0887802,190.06280596
2024-08-27,13803.5568994,7273.0260243,188.34970669
2024-08-28,13787.31380542,7264.05581174,189.80003594
2024-08-29,13794.64628198,7270.09320287,240.98996052
2024-08-30,13804.25674291,7273.92495681,355.59368524
2024-09-02,13818.72866397,7284.6808848,276.53527824
2024-09-03,13814.2152186,7284.46866207,220.25461206
2024-09-04,13800.84775717,7280.28796228,208.39073537
2024-09-05,13796.58687548,7275.9261708,199.78026387
2024-09-06,13743.94233443,7253.91397412,210.75151776
2024-09-09,13748.80027585,7257.50772848,211.79220029
2024-09-10,13749.76372627,7258.04249926,207.41408544
2024-09-11,13731.49380199,7247.19503933,189.46476781
2024-09-12,13719.7972331,7238.60499312,194.77496617
2024-09-13,13633.37947439,7197.76282455,188.95749495
2024-09-18,13621.26450925,7191.86405254,192.35663234
2024-09-19,13640.70822984,7202.98592968,274.52825049
2024-09-20,13604.76778626,7181.16339596,219.40648396
2024-09-23,13600.32780025,7177.61015028,211.39372694
2024-09-24,13617.15539808,7172.64509182,433.69069418
2024-09-25,13615.57630133,7159.52976997,504.68583195
2024-09-26,13652.13793441,7168.40036786,559.67685098
2024-09-27,13837.03675082,7226.22172263,601.40079914
2024-09-30,14295.01818504,7502.55842337,1466.51560943
2024-10-08,15365.48935327,8059.24955389,2026.24850874
2024-10-09,15763.90006302,8249.11948198,1650.21353232
2024-10-10,15778.30723449,8268.12806408,1085.23000501
2024-10-11,15700.21010247,8233.86486778,760.57268874
2024-10-14,15764.19944203,8265.6373796,768.3598238
2024-10-15,15785.36067751,8278.42917705,703.34440141
2024-10-16,15802.27955933,8269.12817605,589.91181023
2024-10-17,15837.94414537,8284.89901354,626.38871865
2024-10-18,15997.24962404,8362.46672541,1047.75300384
2024-10-21,,8469.48646793,1074.73974638
2024-10-22,,8514.9624724,819.75212888
2024-10-23,,8548.01769061,899.72899189
2024-10-24,,8583.14485171,651.90608291
2024-10-25,,8599.77091153,803.26655923
2024-10-28,,8668.25658131,803.27714103
2024-10-29,,8676.71497826,899.73918958
2024-10-30,,8718.59506573,785.65325649
2024-10-31,,8766.30728168,985.16115695
2024-11-01,,8734.97765288,926.68949955
2024-11-04,,8795.59251402,760.39984874
2024-11-05,,8906.84772868,1177.8798669
2024-11-06,,9023.41939873,1340.87139401
2024-11-07,,9158.49059176,1318.04261449
2024-11-08,,9242.30512864,1414.69211355
2024-11-11,,9421.14058709,1307.76034244
2024-11-12,,9448.27518751,1230.66330674
2024-11-13,,9482.25611563,979.28065756
2024-11-14,,9454.13470996,848.75208544
2024-11-15,,9421.604155,823.85224751
2024-11-18,,9419.31413907,787.93957199
2024-11-19,,9436.41325522,694.61391701
2024-11-20,,9454.36591119,684.06861184
2024-11-21,,9468.33680677,673.51714292
2024-11-22,,9421.38257073,754.58940666
2024-11-25,,9429.39649367,592.78065326
2024-11-26,,9410.65222693,489.42826882
2024-11-27,,9420.5744935,607.02042558
2024-11-28,,9432.5375449,594.1371116
2024-11-29,,9458.97197131,760.90760232
2024-12-02,,9494.1489792,772.61310444
2024-12-03,,9496.11483673,717.24670574
2024-12-04,,9497.64176036,687.99898372
2024-12-05,,9521.35960524,606.8110779
2024-12-06,,9512.30708261,767.96806471
2024-12-09,,9514.53513614,674.97428173
2024-12-10,,9566.48446126,1031.19220153
2024-12-11,,9591.66669434,751.08402493
2024-12-12,,9617.58282389,793.24033297
2024-12-13,,9572.99883806,782.81902886
2024-12-16,,9568.68983361,625.98342104
2024-12-17,,9549.8103823,581.28159485
2024-12-18,,9553.44734903,549.5878614
2024-12-19,,9565.04384519,598.74032021
2024-12-20,,9596.99763814,694.69003386
2024-12-23,,9561.44920489,644.71712815
2024-12-24,,9568.00015587,588.18885384
2024-12-25,,9556.99365165,573.12294681
2024-12-26,,9568.43753174,599.91458523
2024-12-27,,9552.23986645,680.31826778
2024-12-30,,9564.51973149,554.91810078
2024-12-31,,9495.04401354,586.13530863
2025-01-02,,9480.28697338,616.94892869
2025-01-03,,9403.49502202,474.4690578
2025-01-06,,9369.40484542,386.2530883
2025-01-07,,9366.19486694,437.21076608
2025-01-08,,9347.98277212,510.11208618
2025-01-09,,9346.99072676,443.97224527
2025-01-10,,9318.47072917,464.45929478
2025-01-13,,9314.98491977,392.76052098
2025-01-14,,9349.83756674,611.34374592
2025-01-15,,9352.43523067,473.92505448
2025-01-16,,9355.72524508,553.37854569
2025-01-17,,9319.49689547,480.99775514
2025-01-20,,9315.5094743,507.96010934
2025-01-21,,9318.33618165,519.01905868
2025-01-22,,9326.120942,492.08304744
2025-01-23,,9294.53719597,597.24991108
2025-01-24,,9231.70752645,500.86425277
2025-01-27,,9068.36932381,422.41517112
2025-02-05,,9173.92767343,599.85310765
2025-02-06,,9236.56820579,699.22345231
2025-02-07,,9280.35285866,894.21359099
2025-02-10,,9365.41604647,759.79123469
2025-02-11,,9391.46823237,689.91323695
2025-02-12,,9411.42844137,741.95992923
2025-02-13,,9405.85522678,787.85245943
2025-02-14,,9413.52939939,763.58902828
2025-02-17,,9491.58718589,882.49804088
2025-02-18,,9454.24585208,758.62934907
2025-02-19,,9503.98196565,798.24948727
2025-02-20,,9533.02647173,765.70049568
2025-02-21,,9567.06096115,1049.87584876
2025-02-24,,9608.17195447,941.7987895
2025-02-25,,9638.79747065,846.55361497
2025-02-26,,9682.81688463,900.69928898
2025-02-27,,9679.08224325,892.05904643
2025-02-28,,9609.07206926,781.68903895
2025-03-03,,9597.10302382,656.91075979
2025-03-04,,9591.04687354,601.44452545
2025-03-05,,9594.07691107,606.49947203
2025-03-06,,9653.26732669,865.95311696
2025-03-07,,9616.83902616,768.75430813
2025-03-10,,9659.80054878,647.70222659
2025-03-11,,9657.95797513,649.69051754
2025-03-12,,9709.25278485,739.84217204
2025-03-13,,9681.66630947,670.33145026
2025-03-14,,9677.61631056,834.99682377
2025-03-17,,9713.14793092,681.76130429
2025-03-18,,9748.37417875,666.58461032
2025-03-19,,9749.98389156,612.57317822
2025-03-20,,9769.25908288,622.44994431
2025-03-21,,9716.55569946,648.18227748
2025-03-24,,9697.86080222,570.74892321
2025-03-25,,9689.43026169,524.28688528
2025-03-26,,9694.73222868,495.00796463
2025-03-27,,9684.17545674,511.3530134
2025-03-28,,9672.13232779,490.00650491
2025-03-31,,9670.26910148,536.71295584
2025-04-01,,9649.15147379,515.65138671
2025-04-02,,9633.73933304,429.10966375
2025-04-03,,9588.06215111,503.16600334
2025-04-07,,9396.58581632,687.29211346
2025-04-08,,9213.56014088,592.43153925
2025-04-09,,9193.76233259,736.47795572
2025-04-10,,9207.19496266,724.59470914
2025-04-11,,9182.2182342,623.09160472
2025-04-14,,9227.53835196,579.52407994
2025-04-15,,9223.46969118,443.1997114
2025-04-16,,9191.59004275,450.13705649
2025-04-17,,9169.79946296,441.23647919
2025-04-18,,9136.44906996,359.2665082
2025-04-21,,9167.5789012,457.90771111
2025-04-22,,9145.50232887,449.12903257
2025-04-23,,9148.25452131,515.22544999
2025-04-24,,9132.55772009,420.07348299
2025-04-25,,9099.51876584,459.12428943
2025-04-28,,9106.21691549,444.00037735
2025-04-29,,9104.76190696,424.35442875
2025-04-30,,9022.97294171,475.13823797
2025-05-06,,9082.36842318,573.48751501
2025-05-07,,9111.75339517,624.90825129
2025-05-08,,9111.57862069,513.93706214
2025-05-09,,9092.17878305,458.42570881
2025-05-12,,9097.91926143,549.43035756
2025-05-13,,9096.32087491,516.08374574
2025-05-14,,9095.05314379,579.30168446
2025-05-15,,9083.49137943,471.05114301
2025-05-16,,9074.27084606,434.83450631
2025-05-19,,9096.57468124,422.83935722
2025-05-20,,9096.02494527,438.63995066
2025-05-21,,9086.72788726,451.23625987
2025-05-22,,9075.35824938,426.97696444
2025-05-23,,9054.71558442,462.93778603
2025-05-26,,9079.63207363,391.76847072
2025-05-27,,9102.28044137,413.93311924
2025-05-28,,9099.86392086,354.22909185
2025-05-29,,9083.82726705,475.02888017
2025-05-30,,9050.65691813,408.59028032
2025-06-03,,9065.39733658,438.31595154
2025-06-04,,9075.5116891,438.49491785
2025-06-05,,9094.98147688,502.19630609
2025-06-06,,9072.72972139,431.5742386
2025-06-09,,9114.10866748,545.45457089
2025-06-10,,9123.41653816,577.64340159
2025-06-11,,9133.54209893,524.50507897
2025-06-12,,9151.67037266,523.25060614
2025-06-13,,9129.55300781,521.93384904
2025-06-16,,9162.89694734,495.32098489
2025-06-17,,9199.89046739,538.36755172
2025-06-18,,9200.11904287,454.0309421
2025-06-19,18037.71963941,9152.55863687,484.15556506
2025-06-20,17955.82727539,9110.5317488,376.55134844
2025-06-23,17997.05081714,9130.51422559,449.98841717
2025-06-24,18048.33097178,9146.22047518,602.9693346
2025-06-25,18116.38367055,9168.09346278,705.96663137
2025-06-26,18207.86957134,9202.44377739,674.78264623
2025-06-27,18216.86102938,9216.06906801,689.32842631
2025-06-30,18323.35393975,9254.18708645,616.31600888
2025-07-01,18360.33171588,9268.95132373,579.62494465
2025-07-02,18370.85614686,9280.80643653,552.60348418
2025-07-03,18404.67688088,9288.87433388,524.03657575
2025-07-04,18341.82269423,9257.02841567,600.22301707
2025-07-07,18404.95280722,9288.27818949,498.57500699
2025-07-08,18459.74616973,9310.76466397,625.68783373
2025-07-09,18498.17469827,9329.60493605,635.20117716
2025-07-10,18545.16111649,9356.91412605,650.24526606
2025-07-11,18566.83085695,9377.52116945,839.04105366
2025-07-14,18664.12234525,9428.37358485,665.48721716
2025-07-15,18713.56924087,9455.28632364,728.30999554
2025-07-16,18781.65704443,9500.76970726,640.04529159
2025-07-17,18851.93930194,9528.72205457,678.96322812
2025-07-18,18832.44371086,9521.91948293,714.34848411
2025-07-21,18984.84773567,9596.0879723,859.4771033
2025-07-22,19134.40236999,9695.71695398,1022.30430172
2025-07-23,19160.87518085,9706.92921044,981.15701458
2025-07-24,19221.12164897,9730.54656825,1002.72742345
2025-07-25,19276.34164768,9781.89855705,950.43976729
2025-07-28,19468.15554194,9898.96449187,958.00002795
2025-07-29,19620.87336671,10008.35545965,1012.23617126
2025-07-30,19642.54730712,10012.28435294,984.75537687
2025-07-31,19646.98211351,10009.6251061,1016.52870208
2025-08-01,19600.39902763,9986.72967968,770.26104789
2025-08-04,19713.60752504,10050.89414853,761.12372615
2025-08-05,19800.89813707,10094.44473177,781.62132954
2025-08-06,19889.57784098,10132.09625471,813.35719469
2025-08-07,19924.88926534,10138.01673272,874.06746439
2025-08-08,19889.53365036,10127.2023976,790.22966138
2025-08-11,20056.90038666,10217.92143441,913.68606488
2025-08-12,20137.81550276,10255.70739113,895.9362963
2025-08-13,20254.43450689,10290.63342369,1079.97600571
2025-08-14,20343.06294468,10339.02792626,1143.63547456
2025-08-15,20418.97132799,10377.56675565,1166.44891364
2025-08-18,20811.12783039,10571.81453687,1503.48942711
2025-08-19,21100.95327288,10737.9336552,1363.26181325
2025-08-20,21254.16951589,10816.43142709,1227.95716331
2025-08-21,21244.45886795,10785.33040383,1199.13898726
2025-08-22,21327.88693617,10844.2226474,1424.38483342
2025-08-25,21655.94433044,11011.91689087,1802.48653564
2025-08-26,21847.80768028,11118.1850302,1415.55463718
2025-08-27,22048.81616931,11233.66079378,1710.44804741
2025-08-28,22210.57090247,11325.70872138,1612.62104033
2025-08-29,22381.00514487,11409.26430398,1545.68014653
2025-09-01,22734.96156564,11605.69079901,1561.85015686
2025-09-02,22650.35436812,11581.03408143,1488.58063767
2025-09-03,22665.63512355,11574.33653512,1230.99984492
2025-09-04,22568.47188262,11528.73400598,1274.207548
2025-09-05,22637.95662053,11556.50042274,1192.23737896
2025-09-08,22898.80004039,11662.59101553,1286.85602232
2025-09-09,22957.96656429,11710.3861085,1172.53987464
2025-09-10,23015.74638381,11733.48380718,1036.6069884
2025-09-11,23159.16154127,11764.41846643,1357.31678646
2025-09-12,23270.97707494,11839.85455849,1430.1956267
2025-09-15,23454.27666827,11936.51838103,1260.74002488
2025-09-16,23679.67676734,12058.55997868,1366.61848267
2025-09-17,23806.13067411,12097.26836235,1312.7889148
2025-09-18,23779.85808496,12092.24986941,1798.44070489
2025-09-19,23738.4867687,12076.39982663,1245.77227517
2025-09-22,23930.33830318,12183.37102598,1292.50320135
2025-09-23,23922.50958143,12165.73602443,1298.16185154
2025-09-24,24063.72090497,12235.47870961,1381.92656692
2025-09-25,24196.51213277,12301.43924167,1340.55850477
2025-09-26,24003.98363957,12188.54850267,1160.21703286
2025-09-29,24048.2695958,12233.95169661,1309.14023001
2025-09-30,23709.72118303,12086.17882705,1276.17393608
2025-10-09,24216.81333228,12332.49540315,1688.97082776
2025-10-10,24181.85651082,12306.84574757,1406.05766584
2025-10-13,24203.8857048,12336.42293902,1340.22488816
2025-10-14,24226.74929141,12346.22701292,1506.49829758
2025-10-15,24249.74005516,12363.65992629,1225.94136669
2025-10-16,24325.75326416,12377.80502057,1054.36029927
2025-10-17,24053.82024292,12240.47953848,990.60620838
2025-10-20,24057.66692462,12220.28591866,918.99857188
2025-10-21,24196.73815243,12285.25092925,1061.80284118
2025-10-22,24279.67822902,12330.1413348,923.11656936
2025-10-23,24263.77191667,12320.14143922,872.83752227
2025-10-24,24322.97248557,12350.00302822,1138.32576573
2025-10-27,24566.67850644,12465.06855788,1392.00987698
2025-10-28,24693.63777991,12524.96637936,1246.00410793
2025-10-29,24806.62402813,12574.13401254,1305.95923792
2025-10-30,24732.70262516,12535.78067034,1352.89948532
2025-10-31,24609.89122997,12499.24363716,1220.4553037
2025-11-03,24690.23159919,12552.84930321,1139.12656889
2025-11-04,24657.12848488,12545.95845948,969.89095599
2025-11-05,24655.69782515,12548.87414434,983.63561353
2025-11-06,24725.92078662,12611.72891066,1175.04606535
2025-11-07,24675.73804799,12567.49257881,1047.61396722
2025-11-10,24752.43848876,12599.99647179,1167.08686985
2025-11-11,24792.6553187,12631.97439228,1107.36652445
2025-11-12,24762.41652329,12608.7432012,1004.34271194
2025-11-13,24802.61416995,12586.07971942,1088.26017299
2025-11-14,24668.61998344,12531.80360926,955.25839287
2025-11-17,24744.40299981,12570.15227419,943.85625145
2025-11-18,24770.23966549,12603.13161359,945.63998759
2025-11-19,24724.54630074,12570.08488721,791.31083719
2025-11-20,24666.19249662,12519.06950837,818.29910761
2025-11-21,24375.5964644,12396.81215625,892.85737243
2025-11-24,24347.55411919,12390.32782361,773.43240622
2025-11-25,24387.94712037,12403.98370695,836.36920642
2025-11-26,24447.86656458,12428.23709564,817.43980028
2025-11-27,24475.27579329,12433.17159526,802.78293025
2025-11-28,24489.73139044,12433.34608699,704.75798353
2025-12-01,24591.39618103,12486.1667621,888.01580202
2025-12-02,24613.50217002,12487.2737591,667.47908998
2025-12-03,24576.65108761,12469.8955894,694.86212637
2025-12-04,24589.73561734,12476.16304027,701.39375844
2025-12-05,24566.1058465,12463.00715403,838.14900493
2025-12-08,24751.80491924,12544.66290886,1031.80191947
2025-12-09,24853.59874016,12585.50150923,895.26767479
2025-12-10,24888.31436012,12586.75029684,808.56193274
2025-12-11,24824.36665596,12570.22621848,827.84563113
2025-12-12,24760.16835154,12523.69646071,891.02959662
2025-12-15,24808.55593465,12554.99323207,844.74493217
2025-12-16,24803.57528954,12610.4213562,910.08480705
2025-12-17,24781.54119196,12597.74699017,864.00893642
2025-12-18,24748.41169284,12554.33608103,795.35322541
2025-12-19,24793.79468494,12576.16065098,840.03100772
2025-12-22,24919.13248112,12634.36859867,936.06746392
2025-12-23,25067.08381019,12712.01780307,1066.77381165
2025-12-24,25167.63819265,12755.96245962,940.47161593
2025-12-25,25205.47931574,12733.52376369,980.4035027
2025-12-26,25184.83462081,12710.86234902,1085.63310628
2025-12-29,25268.30095079,12739.65468535,1052.60808648
2025-12-30,25305.34098397,12782.85296119,1066.9980894
2025-12-31,25161.88348107,12687.96062622,960.95300677
2026-01-05,25352.83591915,12770.35784652,1314.91854174
2026-01-06,25540.20158077,12858.98834239,1514.35618371
2026-01-07,25789.85286669,12982.14640818,1518.58347821
2026-01-08,25947.67453263,13060.06162278,1443.35561311
2026-01-09,26014.86948742,13093.33101994,1541.27280418
2026-01-12,26470.72209154,13279.19906814,1874.59946493
2026-01-13,26562.80225099,13312.69993389,1805.21195735
2026-01-14,26713.42958207,13395.30229868,2044.90292077
2026-01-15,26921.02218608,13487.08301293,1408.10884907
2026-01-16,27054.52081653,13617.65598205,1649.66242181
2026-01-19,26968.20515975,13606.63928801,1324.07164178
2026-01-20,26830.43990172,13527.75686018,1283.47997913
2026-01-21,26945.23080321,13628.61930351,1304.71229922
2026-01-22,26985.57225801,13651.43170716,1331.71747555
2026-01-23,26971.48070427,13654.16506544,1459.08474464
2026-01-26,26991.02833268,13667.98503378,1547.35136572
2026-01-27,26969.48999309,13655.40768782,1369.06098025
2026-01-28,27162.99659866,13790.75454676,1509.83138451
2026-01-29,27132.92657149,13764.13497488,1584.42520065
2026-01-30,26898.75945094,13629.22122502,1314.40640877
2026-02-02,26839.46105688,13617.51136143,1224.17914019
2026-02-03,26810.51984202,13573.88113443,1174.64265792
2026-02-04,26671.51010054,13484.31797776,1031.63766354
2026-02-05,26553.94024084,13434.76557854,970.68830584
2026-02-06,26383.83830521,13358.57650715,889.02145708
2026-02-09,26387.81838995,13362.56730195,1008.50251959
2026-02-10,26350.49141945,13347.39401256,885.63005061
2026-02-11,26191.79391302,13259.46405377,823.6579566
2026-02-12,26205.97108157,13304.47990665,1034.67190734
2026-02-13,25640.12285101,13006.67234815,840.16465696
2026-02-24,25977.50389722,13168.86917013,1069.55437182
2026-02-25,26213.83885644,13308.32293401,1196.36338244
2026-02-26,26413.96664216,13399.56696186,1184.17406073
2026-02-27,26432.5522291,13408.72565672,1133.73587662
2026-03-02,26478.33221815,13436.87049267,1353.08934416
2026-03-03,26253.55638801,13338.64385539,1393.47525745
2026-03-04,26171.07659727,13315.97450973,1098.03854131
2026-03-05,26254.35939602,13344.00290251,1099.66854146
2026-03-06,26193.09085077,13312.27236116,984.28748215
2026-03-09,26190.48882638,13332.76798688,1202.66698867
2026-03-10,26287.77076224,13367.11949377,1107.18868075
2026-03-11,26341.99544732,13359.799742,1099.85204214
2026-03-12,26374.41320399,13394.24529438,1115.72684062
2026-03-13,26248.33288165,13351.65438835,1041.30410174
2026-03-16,26345.54002442,13402.47410984,1092.61936709
2026-03-17,26255.50250825,13363.56085559,937.9454866
2026-03-18,26281.24337772,13378.49683232,901.9817495
2026-03-19,26238.35315111,13368.09203768,915.31839397
2026-03-20,26065.69847833,13287.20086554,938.64076508
2026-03-23,25951.70904991,13237.94188127,1043.02480823
2026-03-24,25882.96184219,13218.96000206,890.58279244
2026-03-25,25914.6869248,13217.58624861,974.39043574
2026-03-26,25906.04985033,13213.6917744,824.79295308
2026-03-27,25826.93415482,13156.93648745,772.66374177
2026-03-30,25904.95142289,13194.68230266,824.97234732
2026-03-31,25823.38030855,13166.14258911,909.57874346
2026-04-01,25830.44909907,13164.47409207,934.5380246
2026-04-02,25720.55528853,13111.04175276,829.32981463
2026-04-03,25547.21808244,13028.37239635,738.45070021
2026-04-07,25585.22218973,13034.37424328,715.36716666
2026-04-08,25746.52442848,13100.46005809,1163.04735632
2026-04-09,25820.72670263,13129.93564374,932.73372459
2026-04-10,25874.0379813,13156.60195826,1046.75785129
2026-04-13,26034.1702168,13235.53612731,955.90016242
2026-04-14,26197.62419287,13312.46622231,1113.19407488
2026-04-15,26299.44594985,13359.74887351,1142.34214099
2026-04-16,26406.79137139,13408.06749213,1067.65437231
2026-04-17,26428.47623455,13414.25419759,1092.96778849
2026-04-20,26719.04542698,13556.30173016,1220.25650313
2026-04-21,26783.0699807,13589.06781144,1067.39031774
2026-04-22,26919.68846032,13665.74275528,1209.51707682
2026-04-23,26957.68367122,13676.12094993,1322.48660448
2026-04-24,26845.3039551,13645.39928838,1205.76761767
2026-04-27,27000.72341557,13738.66597092,1253.99658647
2026-04-28,27002.28761671,13734.40361754,1205.99172093
2026-04-29,27038.92296907,13784.54050849,1295.88096804
2026-04-30,26871.50297414,13709.28661457,1357.76557577
2026-05-06,27282.33110932,13935.27726696,1751.14458639
2026-05-07,27577.23021996,14091.89855541,1578.7187776
2026-05-08,27735.28480275,14166.87834289,1442.06921612
2026-05-11,28040.80579409,14325.51019603,1794.86484567
2026-05-12,28209.6134496,14407.56886236,1585.76137202
2026-05-13,28438.86146932,14523.54118052,1628.34731849
2026-05-14,28530.30724404,14562.19229613,1656.08050015
2026-05-15,28472.6866169,14523.19161694,1612.24835501
2026-05-18,28628.38207286,14622.77198387,1409.32971372
2026-05-19,28680.55773231,14652.78698973,1388.40090299
2026-05-20,28746.33421166,14703.02212115,1463.66306418
2026-05-21,28662.81385111,14675.27516709,1724.75539876
2026-05-22,28692.72686704,14688.01309416,1387.19752864
2026-05-25,28945.40135255,14808.57012649,1693.98266594
2026-05-26,29018.81410316,14846.78273574,1603.29541793
2026-05-27,29059.53157259,14860.05873872,1589.97715342
2026-05-28,29115.70544937,14895.52701297,1449.07340921
2026-05-29,28821.53674224,14722.4643688,1512.95128416
2026-06-01,28744.92304359,14681.89116504,1287.9564174
2026-06-02,28758.30960728,14690.24532904,1284.7581078
2026-06-03,28843.25894829,14742.44276164,1546.42215781
2026-06-04,28908.92143802,14767.43330571,1362.3636763
2026-06-05,28768.49604298,14654.46567832,1361.1065971
2026-06-08,28534.92718549,14537.0370215,1195.93637005
2026-06-09,28571.30072324,14522.22353096,1176.89403666
2026-06-10,28490.39584836,14478.5782663,1190.17009915
2026-06-11,28438.16389145,14482.4665551,1172.08277423
2026-06-12,28434.13920944,14488.95770788,1481.06824215
2026-06-15,28674.74336592,14617.67264864,1494.39555896
2026-06-16,28938.39130094,14736.88751456,1525.05972585
2026-06-17,29218.51069611,14882.11916696,1640.63037807
2026-06-18,29346.5943161,14951.85799372,1796.0798268
2026-06-22,29636.7748757,15055.58433764,1940.70123414
2026-06-23,29698.08893292,15045.65483004,1739.81197581
2026-06-24,29834.59133226,15102.74044181,1670.85098554
2026-06-25,30009.42666983,15211.14083765,1884.73829264
2026-06-26,29803.4609452,15130.64112108,1749.80568957
2026-06-29,29716.72150165,15052.21517345,1684.25261357
2026-06-30,29877.88011904,15169.08428874,1683.59249964
2026-07-01,29975.82784567,15196.87927976,1955.08431024
2026-07-02,29911.38089764,15149.64123028,1591.97883638
2026-07-03,29714.71291053,15017.6418912,1440.12503768
2026-07-06,29609.75633262,14941.16860023,1384.32367147
2026-07-07,29479.38126108,14882.27749145,1160.4460115
2026-07-08,29290.26172767,14804.49027515,1166.49424444
2026-07-09,29251.08130823,14792.46671872,1434.3159376
2026-07-10,29137.69459433,14712.71507002,1576.73823366
2026-07-13,28802.36492526,14575.17049177,1195.96091224
2026-07-14,28692.78937032,14520.14185914,1233.63539218
2026-07-15,28576.12701293,14447.82928188,1216.24335799
2026-07-16,28290.25639574,14308.21453142,1060.47371889
2026-07-17,27491.44882466,13928.32663141,1073.04029411
2026-07-20,26894.60075224,13627.46855721,1098.62095409
2026-07-21,26895.22075532,13635.97390293,1365.69306205
2026-07-22,26902.67596509,13632.30592667,1248.45133621
2026-07-23,26804.47084597,13586.42831879,972.98144809
2026-07-24,26582.51429621,13506.44344774,866.88961751
2026-07-27,26682.77615316,13643.14690178,1030.53485889
2026-07-28,26385.18256626,13490.11533515,885.29674067
2026-07-29,26129.69579252,13366.95445485,993.12754789
2026-07-30,25763.11045585,13222.12164988,1012.45344382
2026-07-31,25809.69087282,13273.98268667,1293.54378973
2026-08-03,25721.74339979,13232.58064454,886.98958005
2026-08-04,25841.45520359,13294.06737362,1078.54311325
2026-08-05,25962.60777515,13353.88902023,1289.76220812
2026-08-06,26072.70020408,13402.76883602,1197.1525028
2026-08-07,26142.61723809,13446.17540893,1271.14792988
2026-08-10,26282.92549534,13500.88413944,1187.80403841
2026-08-11,26295.9192675,13504.2372469,1098.94202316
2026-08-12,26389.79769039,13552.36713043,1007.93375419
2026-08-13,26413.68870557,13563.08222032,1199.32012466
2026-08-14,26395.28618798,13549.97636588,1015.95270337
2026-08-17,26572.93929018,13648.49998987,1197.23505783
2026-08-18,26625.15847021,13672.66660861,1182.26830106
2026-08-19,26328.47650288,13536.55859899,1151.96240951
2026-08-20,26311.59204453,13524.35512838,1043.49775344
2026-08-21,26250.00676305,13488.16378445,892.91856956
2026-08-24,26208.15643909,13464.70663835,897.09573613
2026-08-25,26200.67121369,13465.73687742,840.39574939
2026-08-26,26167.72747478,13441.46434619,849.47684797
2026-08-27,26280.79858862,13490.74928033,1065.44393036
2026-08-28,26219.17510148,13429.43855079,943.38686041
2026-08-31,26271.19731066,13475.24292617,1027.84105401
2026-09-01,26285.3859019,13467.61287237,901.91742865
2026-09-02,26230.7522214,13450.09259547,783.83553522
2026-09-03,26190.3784294,13427.63630194,776.03882394
2026-09-04,26007.7523758,13316.43107313,852.42459801
2026-09-07,26123.03540194,13394.46636922,896.94678628
2026-09-08,26142.17374574,13399.45793683,880.89801698
2026-09-09,26110.25067608,13378.63158663,795.92048161
2026-09-10,26088.20537493,13373.36851396,720.97005937
