date,index,open,high,low,close,volume
2024-01-02,4859,2316.435,2316.735,2292.229,2292.229,3137547700
2024-01-03,4860,2287.755,2299.683,2283.594,2294.836,2931437500
2024-01-04,4861,2293.458,2296.115,2260.354,2279.036,3212578800
2024-01-05,4862,2272.936,2295.605,2256.598,2268.538,3558937200
2024-01-08,4863,2265.242,2272.035,2240.555,2243.842,3150065600
2024-01-09,4864,2243.41,2251.541,2234.915,2245.622,3026932800
2024-01-10,4865,2239.03,2257.854,2233.181,2235.209,2571329800
2024-01-11,4866,2234.818,2251.075,2226.278,2240.106,3052442500
2024-01-12,4867,2231.286,2250.731,2229.589,2237.207,2589377800
2024-01-15,4868,2227.362,2256.8,2225.236,2238.503,2371509500
2024-01-16,4869,2231.824,2249.051,2223.437,2248.975,2878223700
2024-01-17,4870,2241.016,2242.61,2199.259,2199.259,3062829200
2024-01-18,4871,2191.889,2242.326,2163.868,2238.459,5494474100
2024-01-19,4872,2227.733,2250.611,2218.174,2243.54,3586511400
2024-01-22,4873,2237.773,2257.589,2206.764,2230.609,4478620900
2024-01-23,4874,2220.499,2239.654,2204.369,2226.371,3401531100
2024-01-24,4875,2238.332,2264.521,2209.507,2260.558,4419803300
2024-01-25,4876,2264.022,2314.496,2261.372,2312.854,6194537700
2024-01-26,4877,2303.322,2323.351,2295.962,2314.374,5831629900
2024-01-29,4878,2312.697,2327.361,2304.436,2304.436,5954904300
2024-01-30,4879,2292.221,2303.718,2270.979,2270.979,4326759800
2024-01-31,4880,2261.118,2273.095,2243.904,2254.299,4292875700
2024-02-01,4881,2245.475,2270.068,2238.713,2248.268,3989013800
2024-02-02,4882,2252.654,2264.056,2184.772,2229.014,5063711900
2024-02-05,4883,2221.945,2270.373,2203.074,2255.281,5931402200
2024-02-06,4884,2250.111,2321.448,2246.816,2318.842,5838507600
2024-02-07,4885,2323.125,2344.794,2305.514,2344.151,6478409900
2024-02-08,4886,2345.078,2355.771,2330.828,2352.578,5048620100
2024-02-19,4887,2368.448,2371.548,2348.406,2371.548,5216022500
2024-02-20,4888,2367.919,2372.863,2353.968,2369.083,3748607900
2024-02-21,4889,2359.182,2439.214,2355.402,2410.228,5000538200
2024-02-22,4890,2403.875,2433.233,2403.003,2433.082,3755541100
2024-02-23,4891,2431.866,2447.799,2424.171,2433.407,4006307200
2024-02-26,4892,2427.23,2430.973,2388.393,2393.549,4132834000
2024-02-27,4893,2383.135,2405.061,2381.571,2405.061,3360096000
2024-02-28,4894,2405.878,2417.326,2385.61,2385.61,4476390700
2024-02-29,4895,2378.138,2413.136,2378.138,2413.136,3519252800
2024-03-01,4896,2408.302,2420.378,2397.64,2414.844,3443500700
2024-03-04,4897,2412.08,2422.817,2404.922,2418.584,4029811300
2024-03-05,4898,2410.462,2450.055,2407.051,2446.417,4395609300
2024-03-06,4899,2443.851,2450.432,2433.07,2434.116,3875397500
2024-03-07,4900,2430.424,2446.295,2418.128,2426.973,3833578600
2024-03-08,4901,2423.135,2433.333,2410.148,2426.168,3491125700
2024-03-11,4902,2426.727,2443.106,2418.338,2443.106,3915214500
2024-03-12,4903,2443.232,2458.917,2436.078,2450.469,5057728500
2024-03-13,4904,2445.796,2445.796,2419.453,2427.597,3694867300
2024-03-14,4905,2431.771,2446.88,2415.062,2423.856,3688224600
2024-03-15,4906,2417.572,2430.593,2409.61,2427.197,3300750900
2024-03-18,4907,2424.922,2438.833,2419.876,2438.191,3704725200
2024-03-19,4908,2430.304,2441.605,2416.029,2416.835,3433251500
2024-03-20,4909,2412.607,2430.72,2408.484,2426.459,3083861000
2024-03-21,4910,2432.931,2441.274,2424.876,2427.101,2920841500
2024-03-22,4911,2417.937,2420.774,2386.205,2403.202,3407355500
2024-03-25,4912,2398.321,2418.315,2393.06,2401.211,3438373100
2024-03-26,4913,2404.205,2415.714,2398.601,2413.742,3136249800
2024-03-27,4914,2408.914,2421.135,2398.937,2398.937,3207291600
2024-03-28,4915,2395.217,2424.767,2387.416,2401.987,3687080000
2024-03-29,4916,2399.456,2418.563,2399.279,2414.92,3413358600
2024-04-01,4917,2422.735,2448.877,2422.735,2441.567,3621001300
2024-04-02,4918,2441.489,2447.374,2428.027,2435.757,3572642800
2024-04-03,4919,2439.432,2441.67,2423.876,2430.169,3195998600
2024-04-08,4920,2419.029,2431.405,2407.359,2414.091,3987359600
2024-04-09,4921,2411.781,2418.597,2399.283,2404.609,3562286700
2024-04-10,4922,2403.731,2412.59,2388.683,2396.743,3361270700
2024-04-11,4923,2383.703,2402.75,2380.513,2394.867,3128803600
2024-04-12,4924,2397.284,2402.643,2370.277,2374.047,3236375800
2024-04-15,4925,2367.86,2424.925,2367.763,2424.017,5013050200
2024-04-16,4926,2414.756,2429.386,2398.432,2412.322,4695248200
2024-04-17,4927,2407.964,2440.578,2397.439,2439.856,4594460200
2024-04-18,4928,2430.703,2468.357,2429.626,2445.205,4662446200
2024-04-19,4929,2433.978,2444.02,2424.172,2430.582,3888469000
2024-04-22,4930,2433.181,2450.256,2422.767,2424.747,4036806100
2024-04-23,4931,2420.623,2426.886,2409.95,2413.739,3793205500
2024-04-24,4932,2422.627,2426.958,2406.881,2424.119,2938685900
2024-04-25,4933,2419.5,2437.312,2411.571,2431.622,2831781800
2024-04-26,4934,2432.758,2467.274,2432.758,2461.856,4783802900
2024-04-29,4935,2458.178,2492.927,2453.478,2474.34,5340119700
2024-04-30,4936,2473.514,2484.101,2464.244,2464.244,4681437000
2024-05-06,4937,2495.467,2505.597,2487.322,2495.762,5600781100
2024-05-07,4938,2496.015,2504.034,2489.367,2499.771,3804263100
2024-05-08,4939,2495.624,2497.15,2484.383,2486.019,3230611100
2024-05-09,4940,2483.66,2506.279,2483.66,2501.731,3766211100
2024-05-10,4941,2508.061,2515.024,2492.362,2508.575,4052864200
2024-05-13,4942,2499.69,2512.242,2487.654,2506.459,4103674800
2024-05-14,4943,2507.198,2510.424,2491.248,2496.736,3388568700
2024-05-15,4944,2494.764,2498.953,2475.959,2477.39,2945728800
2024-05-16,4945,2484.272,2498.89,2475.838,2489.414,3919933900
2024-05-17,4946,2492.571,2524.179,2485.819,2524.171,4421856300
2024-05-20,4947,2529.916,2544.525,2524.194,2532.824,4669198500
2024-05-21,4948,2526.937,2531.633,2518.27,2525.233,3311864500
2024-05-22,4949,2524.694,2535.064,2519.026,2529.04,3807604800
2024-05-23,4950,2518.144,2519.071,2495.161,2500.821,3504800300
2024-05-24,4951,2494.368,2504.413,2473.231,2474.425,3129424200
2024-05-27,4952,2478.259,2500.115,2478.259,2497.601,3577089700
2024-05-28,4953,2498.026,2505.787,2486.097,2490.161,3300357300
2024-05-29,4954,2489.519,2510.072,2486.582,2493.169,3178511100
2024-05-30,4955,2488.319,2500.311,2468.256,2473.758,3434998300
2024-05-31,4956,2480.213,2487.129,2462.183,2462.183,2859317000
2024-06-03,4957,2461.35,2476.8,2454.985,2469.017,3293523400
2024-06-04,4958,2465.61,2488.751,2462.665,2483.319,3190318300
2024-06-05,4959,2477.307,2483.331,2467.455,2468.192,2945385700
2024-06-06,4960,2474.232,2492.047,2462.13,2467.887,3689726300
2024-06-07,4961,2473.174,2476.465,2444.93,2457.257,3643610500
2024-06-11,4962,2444.548,2449.647,2415.112,2423.618,4140154900
2024-06-12,4963,2420.899,2427.838,2412.99,2423.607,3794960400
2024-06-13,4964,2425.923,2426.329,2406.992,2412.074,3085107100
2024-06-14,4965,2405.79,2433.054,2399.985,2426.509,4127796600
2024-06-17,4966,2412.092,2418.935,2408.873,2416.341,3749595700
2024-06-18,4967,2412.547,2424.931,2408.289,2415.428,3533834700
2024-06-19,4968,2410.472,2418.738,2402.958,2413.972,3277529100
2024-06-20,4969,2413.393,2422.7,2405.397,2408.338,3201302400
2024-06-21,4970,2406.217,2411.528,2386.48,2398.957,3320203900
2024-06-24,4971,2383.866,2418.916,2381.28,2404.085,3467133100
2024-06-25,4972,2403.729,2410.142,2384.205,2394.215,3491913500
2024-06-26,4973,2388.499,2404.457,2383.147,2398.256,2985950200
2024-06-27,4974,2391.687,2395.811,2376.662,2388.561,3699057000
2024-06-28,4975,2382.117,2406.364,2381.391,2394.875,3989864400
2024-07-01,4976,2395.2,2407.054,2387.617,2405.467,3628124700
2024-07-02,4977,2400.167,2421.751,2399.518,2416.679,3686694900
2024-07-03,4978,2417.176,2421.083,2405.836,2414.866,3299160000
2024-07-04,4979,2417.276,2428.939,2407.126,2407.903,3051157900
2024-07-05,4980,2405.611,2411.928,2367.015,2386.004,3936343900
2024-07-08,4981,2375.684,2387.888,2368.166,2371.689,3561756200
2024-07-09,4982,2365.931,2396.176,2352.767,2389.384,3750447700
2024-07-10,4983,2378.804,2392.877,2378.538,2381.831,3484625800
2024-07-11,4984,2387.665,2400.229,2378.153,2396.407,3829559200
2024-07-12,4985,2397.729,2414.762,2396.529,2412.618,3815709800
2024-07-15,4986,2405.918,2424.412,2405.523,2420.521,3451860700
2024-07-16,4987,2412.255,2426.586,2406.246,2424.755,3568839500
2024-07-17,4988,2422.883,2439.317,2419.98,2432.833,3775036900
2024-07-18,4989,2426.34,2446.768,2421.487,2444.509,3481404600
2024-07-19,4990,2429.805,2462.742,2417.464,2456.79,4131548000
2024-07-22,4991,2454.244,2454.5,2416.2,2432.55,4182968300
2024-07-23,4992,2429.086,2431.268,2396.673,2396.673,4134068100
2024-07-24,4993,2393.232,2407.11,2382.995,2390.954,3929666800
2024-07-25,4994,2384.635,2387.892,2358.543,2369.715,4084689400
2024-07-26,4995,2364.911,2368.271,2341.449,2355.316,4049401600
2024-07-29,4996,2352.506,2359.984,2343.402,2348.478,3367131200
2024-07-30,4997,2341.909,2341.909,2321.499,2335.312,3243289100
2024-07-31,4998,2332.652,2378.881,2331.565,2375.394,5006664200
2024-08-01,4999,2373.471,2375.791,2360.048,2360.422,3913415200
2024-08-02,5000,2344.418,2360.414,2337.638,2343.715,3182747400
2024-08-05,5001,2334.592,2362.31,2327.745,2328.922,3945745800
2024-08-06,5002,2342.842,2346.299,2296.712,2313.336,3487371300
2024-08-07,5003,2311.911,2330.152,2307.078,2314.426,2714599100
2024-08-08,5004,2310.962,2334.462,2305.893,2320.425,2252893600
2024-08-09,5005,2332.671,2338.237,2317.992,2317.992,2598880500
2024-08-12,5006,2314.261,2323.421,2312.579,2316.911,2219498400
2024-08-13,5007,2318.973,2321.542,2304.597,2317.653,2510921800
2024-08-14,5008,2317.888,2317.888,2305.47,2306.115,2204993000
2024-08-15,5009,2300.479,2343.207,2295.753,2335.938,2931562000
2024-08-16,5010,2335.042,2348.153,2331.08,2345.048,3048157800
2024-08-19,5011,2345.645,2367.405,2345.115,2357.031,3088515000
2024-08-20,5012,2361.181,2361.299,2337.507,2346.638,2989810800
2024-08-21,5013,2341.812,2345.974,2324.708,2339.072,2655089900
2024-08-22,5014,2340.154,2344.993,2332.364,2341.151,3111291200
2024-08-23,5015,2338.664,2361.063,2338.322,2355.379,2790004700
2024-08-26,5016,2356.793,2361.883,2341.232,2352.273,2690047600
2024-08-27,5017,2348.544,2355.574,2345.302,2350.414,3095252400
2024-08-28,5018,2349.52,2352.695,2327.924,2336.148,3009226200
2024-08-29,5019,2329.662,2335.675,2315.487,2317.664,4424629500
2024-08-30,5020,2313.61,2354.627,2311.228,2335.215,6378604600
2024-09-02,5021,2321.153,2326.08,2299.167,2299.933,4549928700
2024-09-03,5022,2299.34,2301.694,2286.021,2291.178,4415887700
2024-09-04,5023,2279.477,2289.39,2268.21,2271.807,3548246900
2024-09-05,5024,2272.982,2281.528,2267.331,2275.118,3035256100
2024-09-06,5025,2276.54,2288.927,2263.321,2263.563,2588600400
2024-09-09,5026,2252.304,2256.002,2226.627,2232.959,3425068800
2024-09-10,5027,2232.83,2240.588,2223.903,2235.687,3018400500
2024-09-11,5028,2228.825,2228.825,2213.824,2220.798,3461552900
2024-09-12,5029,2220.901,2227.732,2208.248,2209.56,2809530100
2024-09-13,5030,2211.154,2222.563,2204.865,2205.812,2709850000
2024-09-18,5031,2206.854,2225.912,2203.982,2218.656,2605462000
2024-09-19,5032,2224.263,2239.984,2199.449,2229.805,3496837900
2024-09-20,5033,2227.352,2237.98,2212.522,2233.257,3690208700
2024-09-23,5034,2233.858,2254.161,2232.282,2243.025,2720725700
2024-09-24,5035,2270.356,2352.318,2257.288,2352.145,6015910500
2024-09-25,5036,2391.285,2426.694,2380.589,2386.323,6840310200
2024-09-26,5037,2389.268,2498.323,2383.51,2498.18,6774296300
2024-09-27,5038,2553.602,2571.085,2512.818,2571.085,6480077600
2024-09-30,5039,2657.548,2778.288,2621.702,2755.404,15332445800
2024-10-08,5040,3016.874,3016.874,2780.03,2853.138,16597323500
2024-10-09,5041,2813.956,2825.739,2674.246,2680.715,12465337500
2024-10-10,5042,2697.292,2801.12,2675.442,2739.051,11589175400
2024-10-11,5043,2718.249,2737.082,2653.617,2680.388,7537801900
2024-10-14,5044,2699.707,2737.273,2672.808,2723.183,8065500100
2024-10-15,5045,2711.674,2726.986,2655.116,2655.116,5831414400
2024-10-16,5046,2629.242,2677.22,2628.954,2650.176,5625971300
2024-10-17,5047,2666.367,2680.06,2610.467,2610.467,4979685400
2024-10-18,5048,2606.377,2722.646,2583.489,2681.912,7019820700
2024-10-21,5049,2694.966,2701.358,2659.665,2681.057,7204222600
2024-10-22,5050,2672.853,2704.346,2672.449,2692.661,5220816700
2024-10-23,5051,2691.126,2728.258,2682.942,2708.046,5607679700
2024-10-24,5052,2695.379,2699.0,2669.71,2680.704,4225333500
2024-10-25,5053,2679.349,2705.331,2671.038,2683.325,4686145300
2024-10-28,5054,2681.508,2686.289,2656.325,2686.289,5347497200
2024-10-29,5055,2689.917,2712.283,2665.425,2667.939,5008428600
2024-10-30,5056,2658.259,2674.37,2624.001,2634.738,4445068800
2024-10-31,5057,2637.206,2654.646,2613.251,2633.117,5452962300
2024-11-01,5058,2629.043,2674.251,2629.043,2651.535,6084439200
2024-11-04,5059,2657.314,2675.771,2636.576,2675.771,4301567100
2024-11-05,5060,2666.861,2727.667,2659.166,2727.667,5564248400
2024-11-06,5061,2730.455,2743.127,2691.728,2706.615,5994081800
2024-11-07,5062,2684.813,2800.612,2683.317,2797.86,6701724400
2024-11-08,5063,2825.912,2833.07,2758.214,2765.539,6786175700
2024-11-11,5064,2736.838,2754.974,2711.763,2753.745,6133865800
2024-11-12,5065,2744.946,2778.886,2701.61,2712.265,6011485400
2024-11-13,5066,2697.186,2737.504,2696.689,2728.229,6264407700
2024-11-14,5067,2719.455,2743.755,2700.204,2704.152,6046957100
2024-11-15,5068,2696.961,2712.878,2671.452,2671.452,7004026200
2024-11-18,5069,2683.493,2725.301,2668.059,2678.274,9104571000
2024-11-19,5070,2679.551,2683.368,2637.847,2671.189,6700301800
2024-11-20,5071,2667.449,2686.375,2657.584,2676.207,4501762200
2024-11-21,5072,2674.434,2686.315,2666.568,2680.798,3720238400
2024-11-22,5073,2679.651,2683.745,2601.546,2601.557,4855176400
2024-11-25,5074,2610.961,2620.03,2568.955,2582.054,4559353000
2024-11-26,5075,2576.809,2607.125,2573.966,2592.737,3993165300
2024-11-27,5076,2588.889,2626.326,2583.467,2625.761,4107905400
2024-11-28,5077,2625.507,2630.803,2598.748,2610.121,3430873900
2024-11-29,5078,2612.234,2660.393,2610.715,2624.956,4300156100
2024-12-02,5079,2621.144,2643.867,2613.616,2639.041,4460883600
2024-12-03,5080,2638.806,2658.152,2626.208,2652.898,4737315600
2024-12-04,5081,2651.785,2660.802,2638.113,2648.755,4808817100
2024-12-05,5082,2637.627,2647.984,2629.631,2635.562,3367652100
2024-12-06,5083,2636.607,2682.689,2636.607,2665.428,4389449100
2024-12-09,5084,2666.289,2686.515,2658.431,2667.592,4592635300
2024-12-10,5085,2741.751,2747.073,2684.717,2689.329,5944389900
2024-12-11,5086,2684.591,2696.007,2671.522,2676.552,4080238700
2024-12-12,5087,2673.944,2704.029,2667.637,2702.268,4127383100
2024-12-13,5088,2684.293,2684.411,2636.973,2638.027,6159770500
2024-12-16,5089,2637.74,2647.698,2635.247,2641.56,5409812000
2024-12-17,5090,2637.35,2672.955,2637.35,2652.346,4427923400
2024-12-18,5091,2662.032,2681.121,2661.898,2671.346,4425905600
2024-12-19,5092,2652.195,2672.581,2642.683,2661.722,4021414000
2024-12-20,5093,2654.849,2670.318,2644.836,2648.461,4249351000
2024-12-23,5094,2648.919,2688.886,2648.919,2671.203,5662909900
2024-12-24,5095,2671.909,2704.578,2666.341,2702.282,4646919800
2024-12-25,5096,2706.567,2726.14,2700.681,2710.165,5101038100
2024-12-26,5097,2709.592,2709.592,2692.868,2702.595,4177073600
2024-12-27,5098,2701.209,2713.841,2686.501,2701.703,4489485500
2024-12-30,5099,2700.225,2724.726,2700.225,2718.749,4499476300
2024-12-31,5100,2715.207,2725.788,2684.771,2684.771,5074555400
2025-01-02,5101,2682.416,2684.247,2595.399,2610.342,6116098400
2025-01-03,5102,2615.351,2620.646,2579.439,2587.132,5080485800
2025-01-06,5103,2589.335,2591.894,2555.928,2579.963,4448640200
2025-01-07,5104,2576.677,2595.663,2566.679,2593.965,3921859800
2025-01-08,5105,2587.527,2611.153,2565.599,2597.446,4625746300
2025-01-09,5106,2595.692,2597.056,2574.603,2579.575,3435650600
2025-01-10,5107,2585.2,2593.087,2560.25,2560.25,3616687800
2025-01-13,5108,2545.379,2561.241,2533.313,2553.359,3969949500
2025-01-14,5109,2556.422,2606.089,2549.169,2598.807,4268818400
2025-01-15,5110,2592.316,2606.066,2587.464,2591.503,4121351100
2025-01-16,5111,2601.123,2614.601,2572.109,2580.118,3898711000
2025-01-17,5112,2572.966,2595.164,2561.968,2582.486,3425023200
2025-01-20,5113,2595.325,2609.652,2585.127,2589.069,3626121600
2025-01-21,5114,2598.831,2599.887,2579.668,2584.889,3436658700
2025-01-22,5115,2580.105,2580.186,2544.26,2551.354,3984615800
2025-01-23,5116,2571.828,2605.865,2564.751,2567.477,5132399500
2025-01-24,5117,2562.866,2594.581,2559.492,2579.096,3766363300
2025-01-27,5118,2582.839,2597.351,2582.087,2583.652,3919676400
2025-02-05,5119,2604.139,2604.316,2556.483,2561.942,4353546500
2025-02-06,5120,2559.827,2585.289,2554.475,2580.426,3989533600
2025-02-07,5121,2578.683,2624.675,2570.181,2608.089,5833741100
2025-02-10,5122,2612.061,2628.391,2606.295,2621.04,5606320700
2025-02-11,5123,2625.183,2626.175,2607.244,2614.322,5171276900
2025-02-12,5124,2611.962,2641.729,2607.268,2640.046,4430140900
2025-02-13,5125,2638.981,2663.785,2635.449,2641.131,4634408100
2025-02-14,5126,2638.208,2662.292,2633.707,2660.855,5637142600
2025-02-17,5127,2665.545,2672.03,2647.452,2664.475,6941059400
2025-02-18,5128,2659.088,2679.823,2644.295,2651.112,6509496300
2025-02-19,5129,2648.356,2673.519,2643.956,2663.603,5621433000
2025-02-20,5130,2659.126,2659.6,2641.91,2648.167,4809942900
2025-02-21,5131,2657.801,2686.334,2649.201,2682.239,6848862300
2025-02-24,5132,2674.691,2692.808,2661.321,2674.117,6852148100
2025-02-25,5133,2654.134,2664.157,2636.903,2643.233,5332716800
2025-02-26,5134,2649.901,2667.024,2645.991,2666.656,5192303900
2025-02-27,5135,2664.319,2681.507,2655.001,2679.077,5367300400
2025-02-28,5136,2670.426,2691.294,2638.957,2638.957,5633522900
2025-03-03,5137,2645.011,2655.311,2619.194,2628.524,4969281100
2025-03-04,5138,2617.92,2629.667,2609.337,2621.217,4185128000
2025-03-05,5139,2623.717,2644.754,2619.79,2641.446,4839750000
2025-03-06,5140,2655.538,2689.454,2655.538,2683.949,5771422600
2025-03-07,5141,2677.574,2695.377,2675.418,2682.016,4431739300
2025-03-10,5142,2682.883,2683.605,2653.027,2668.806,5083862300
2025-03-11,5143,2644.819,2682.223,2644.082,2682.223,4219446100
2025-03-12,5144,2684.72,2686.782,2666.488,2669.015,4344953300
2025-03-13,5145,2670.993,2684.125,2655.333,2664.617,4249506800
2025-03-14,5146,2674.495,2748.103,2674.026,2740.507,6548515200
2025-03-17,5147,2755.49,2755.944,2734.505,2737.923,4438073900
2025-03-18,5148,2749.322,2751.726,2737.008,2739.745,3861119800
2025-03-19,5149,2737.313,2757.618,2733.566,2746.963,4632842300
2025-03-20,5150,2748.294,2749.221,2713.467,2718.186,3971076500
2025-03-21,5151,2712.738,2722.49,2669.79,2675.358,4681078200
2025-03-24,5152,2675.461,2696.344,2675.461,2693.331,4492393200
2025-03-25,5153,2695.297,2698.547,2685.287,2691.898,3709621400
2025-03-26,5154,2692.417,2696.536,2675.703,2677.312,3783318900
2025-03-27,5155,2673.935,2704.743,2673.774,2690.843,3647372300
2025-03-28,5156,2691.666,2692.703,2673.238,2679.74,3592005300
2025-03-31,5157,2676.051,2692.444,2657.302,2665.634,4995136400
2025-04-01,5158,2669.005,2674.113,2659.022,2662.711,4084747700
2025-04-02,5159,2659.103,2669.357,2653.452,2658.621,3216863400
2025-04-03,5160,2631.475,2671.712,2631.475,2662.252,4217357100
2025-04-07,5161,2555.71,2579.597,2457.08,2516.965,10270123100
2025-04-08,5162,2526.508,2574.353,2510.636,2574.353,9015352300
2025-04-09,5163,2548.487,2597.102,2541.552,2597.102,7771869600
2025-04-10,5164,2628.522,2628.522,2590.763,2612.619,6111983100
2025-04-11,5165,2620.774,2621.163,2595.499,2619.576,4493927600
2025-04-14,5166,2623.568,2636.79,2615.393,2628.206,4512328300
2025-04-15,5167,2624.201,2637.75,2615.367,2634.593,4200538600
2025-04-16,5168,2639.202,2661.781,2616.87,2658.496,5122473200
2025-04-17,5169,2648.046,2661.804,2639.972,2659.896,3787998500
2025-04-18,5170,2648.66,2666.271,2645.869,2657.637,3035317200
2025-04-21,5171,2655.545,2671.344,2652.654,2652.81,3441198200
2025-04-22,5172,2651.491,2667.838,2650.331,2656.539,3722082200
2025-04-23,5173,2662.926,2664.467,2646.361,2648.83,3304635800
2025-04-24,5174,2648.768,2665.729,2648.757,2655.364,3125267900
2025-04-25,5175,2660.159,2663.345,2643.398,2648.81,3238096000
2025-04-28,5176,2643.136,2658.462,2636.409,2651.225,3290945100
2025-04-29,5177,2650.432,2655.341,2639.8,2645.512,2804263100
2025-04-30,5178,2646.064,2651.299,2631.84,2633.16,4321765700
2025-05-06,5179,2650.464,2650.464,2633.409,2647.717,4070526000
2025-05-07,5180,2685.558,2685.558,2656.2,2670.702,4705582500
2025-05-08,5181,2661.266,2695.777,2658.673,2679.509,3344907700
2025-05-09,5182,2676.124,2689.6,2676.124,2684.006,3277870600
2025-05-12,5183,2688.748,2710.611,2681.956,2702.617,3912399000
2025-05-13,5184,2713.11,2713.11,2702.057,2708.059,3996550700
2025-05-14,5185,2708.558,2766.253,2708.418,2753.785,4648515500
2025-05-15,5186,2748.535,2758.084,2735.904,2740.298,3787844800
2025-05-16,5187,2734.745,2739.057,2706.466,2716.662,3700633600
2025-05-19,5188,2710.322,2716.865,2701.252,2705.088,2695161100
2025-05-20,5189,2710.393,2729.761,2710.393,2716.629,2930979600
2025-05-21,5190,2716.838,2740.771,2716.838,2728.426,3142634100
2025-05-22,5191,2725.448,2738.238,2718.786,2733.632,2783507000
2025-05-23,5192,2731.183,2742.118,2711.852,2711.852,3366853600
2025-05-26,5193,2708.217,2719.701,2692.679,2699.423,3071338100
2025-05-27,5194,2699.692,2709.288,2684.709,2685.281,2709668700
2025-05-28,5195,2686.727,2691.483,2681.855,2683.063,2517173400
2025-05-29,5196,2684.487,2703.993,2677.807,2690.893,2747183600
2025-05-30,5197,2688.957,2696.145,2669.166,2678.696,3215169200
2025-06-03,5198,2674.768,2697.394,2671.336,2687.296,3360848400
2025-06-04,5199,2688.735,2699.67,2687.305,2690.824,2760383000
2025-06-05,5200,2692.54,2695.875,2682.537,2692.129,3077905600
2025-06-06,5201,2691.629,2700.813,2685.245,2688.85,2984988100
2025-06-09,5202,2689.73,2698.363,2681.694,2686.828,3568689100
2025-06-10,5203,2690.869,2700.177,2670.148,2676.401,4146051500
2025-06-11,5204,2676.672,2704.447,2676.672,2692.137,3557342600
2025-06-12,5205,2689.678,2696.782,2674.312,2691.275,3448062500
2025-06-13,5206,2684.882,2690.351,2669.113,2676.433,4799104800
2025-06-16,5207,2666.822,2687.111,2664.429,2685.009,3993590500
2025-06-17,5208,2685.386,2688.614,2672.683,2683.953,3312160700
2025-06-18,5209,2685.466,2690.903,2668.865,2679.922,3666720300
2025-06-19,5210,2678.356,2680.867,2658.493,2665.52,3764503000
2025-06-20,5211,2661.21,2681.526,2661.21,2673.719,3631650600
2025-06-23,5212,2664.636,2692.91,2656.678,2684.776,4295954600
2025-06-24,5213,2685.853,2731.177,2685.853,2715.922,4902826300
2025-06-25,5214,2714.626,2750.389,2707.403,2747.728,5086489400
2025-06-26,5215,2740.233,2747.606,2734.945,2738.466,4284062500
2025-06-27,5216,2738.93,2749.547,2705.778,2707.569,5708183200
2025-06-30,5217,2702.115,2716.298,2695.42,2711.985,3830502000
2025-07-01,5218,2714.967,2721.404,2708.186,2717.713,3303005700
2025-07-02,5219,2720.847,2729.71,2711.597,2722.552,3517749500
2025-07-03,5220,2726.112,2728.168,2713.966,2724.549,3226851000
2025-07-04,5221,2722.178,2761.922,2715.553,2740.444,3931112900
2025-07-07,5222,2736.012,2736.259,2723.959,2731.532,2931900300
2025-07-08,5223,2732.054,2750.465,2730.19,2747.188,3408044900
2025-07-09,5224,2746.14,2759.059,2739.208,2739.92,4783811500
2025-07-10,5225,2739.231,2777.415,2739.231,2756.935,5414201200
2025-07-11,5226,2754.663,2805.557,2754.663,2756.773,7645451800
2025-07-14,5227,2761.479,2774.227,2757.808,2757.808,5149040200
2025-07-15,5228,2758.718,2765.496,2731.319,2747.227,4117244700
2025-07-16,5229,2748.166,2754.058,2729.913,2740.901,3424593100
2025-07-17,5230,2737.351,2744.744,2732.349,2744.26,3615109400
2025-07-18,5231,2746.328,2768.898,2746.328,2764.516,4213080300
2025-07-21,5232,2770.363,2777.048,2763.351,2772.239,4995433700
2025-07-22,5233,2773.405,2795.49,2760.309,2792.182,6831003000
2025-07-23,5234,2798.964,2824.858,2794.812,2801.2,6792983100
2025-07-24,5235,2797.263,2819.13,2791.784,2812.443,6028280000
2025-07-25,5236,2807.631,2810.108,2788.185,2795.513,5169255700
2025-07-28,5237,2799.264,2811.245,2788.02,2802.767,4973726500
2025-07-29,5238,2802.775,2813.741,2795.6,2808.592,4705166400
2025-07-30,5239,2809.437,2842.474,2802.74,2819.351,5218519800
2025-07-31,5240,2807.305,2807.94,2766.929,2775.994,6151584700
2025-08-01,5241,2771.762,2780.156,2749.458,2754.13,4896253100
2025-08-04,5242,2748.618,2769.393,2748.618,2769.393,4196796100
2025-08-05,5243,2773.38,2794.603,2768.022,2790.729,4126476500
2025-08-06,5244,2789.268,2800.761,2787.541,2797.423,4118291700
2025-08-07,5245,2797.711,2808.918,2787.832,2798.311,4233829400
2025-08-08,5246,2795.782,2801.079,2784.378,2789.174,3892387800
2025-08-11,5247,2791.352,2800.891,2783.645,2789.896,4348470300
2025-08-12,5248,2791.204,2816.594,2791.204,2807.012,4260326700
2025-08-13,5249,2809.046,2828.86,2806.661,2812.98,5472011400
2025-08-14,5250,2815.493,2858.009,2815.493,2829.47,5000877000
2025-08-15,5251,2821.975,2847.612,2813.091,2832.876,7111777700
2025-08-18,5252,2843.086,2861.984,2832.464,2838.873,7338546600
2025-08-19,5253,2843.285,2858.412,2812.304,2812.423,6284322200
2025-08-20,5254,2808.437,2848.033,2799.403,2846.991,5859734300
2025-08-21,5255,2853.787,2872.958,2850.63,2862.176,6530949900
2025-08-22,5256,2868.591,2928.881,2868.591,2928.614,6774156300
2025-08-25,5257,2950.653,2989.855,2943.976,2989.855,8635896700
2025-08-26,5258,2975.697,2985.54,2964.209,2969.776,5456582300
2025-08-27,5259,2974.408,2983.023,2918.379,2918.379,7100535600
2025-08-28,5260,2918.528,2963.074,2906.65,2960.727,6599324800
2025-08-29,5261,2954.931,2988.997,2954.931,2976.473,8476146600
2025-09-01,5262,2986.651,2988.547,2965.45,2981.202,7280016300
2025-09-02,5263,2983.72,3006.457,2967.519,2992.881,7744585600
2025-09-03,5264,2995.463,3002.18,2939.812,2960.993,6372357100
2025-09-04,5265,2949.972,2949.972,2879.413,2910.47,9192054400
2025-09-05,5266,2908.512,2949.824,2899.689,2942.216,6238038700
2025-09-08,5267,2940.981,2953.906,2926.386,2939.882,6734077200
2025-09-09,5268,2928.532,2949.537,2915.043,2928.632,5572337800
2025-09-10,5269,2928.112,2954.438,2923.564,2939.591,5640489500
2025-09-11,5270,2925.658,2983.197,2917.808,2983.083,6832650200
2025-09-12,5271,2986.023,2998.981,2964.585,2968.54,6170980400
2025-09-15,5272,2976.345,2984.856,2957.716,2962.615,5255177800
2025-09-16,5273,2969.234,2974.949,2942.297,2947.822,5763941600
2025-09-17,5274,2942.88,2960.311,2935.784,2952.778,5666853700
2025-09-18,5275,2959.389,2971.558,2890.6,2912.826,7486002900
2025-09-19,5276,2914.362,2930.473,2906.165,2909.744,5723655100
2025-09-22,5277,2911.024,2929.516,2901.119,2922.18,4697987600
2025-09-23,5278,2917.991,2938.119,2891.783,2919.515,6289687500
2025-09-24,5279,2908.072,2942.592,2908.072,2939.508,5146206500
2025-09-25,5280,2944.728,2962.181,2941.871,2952.735,5432226800
2025-09-26,5281,2941.169,2962.755,2938.315,2941.018,4814161200
2025-09-29,5282,2940.037,3000.482,2922.009,2973.042,7063229900
2025-09-30,5283,2985.097,2992.539,2976.589,2988.939,5906526600
2025-10-09,5284,3004.453,3030.717,2984.835,3020.596,7636980900
2025-10-10,5285,3000.557,3012.589,2966.578,2974.854,6728372200
2025-10-13,5286,2917.877,2972.194,2917.877,2967.206,7016346700
2025-10-14,5287,2986.581,2996.683,2949.91,2961.101,8618339900
2025-10-15,5288,2962.753,3003.004,2958.446,3001.349,6337699600
2025-10-16,5289,2994.221,3028.569,2992.549,3019.197,6341092100
2025-10-17,5290,3017.427,3022.813,2963.935,2967.775,6267805600
2025-10-20,5291,2984.312,2995.022,2967.688,2974.865,5318097600
2025-10-21,5292,2983.277,3014.101,2979.118,3007.263,5530175200
2025-10-22,5293,2987.346,3015.174,2987.346,3010.095,5141756300
2025-10-23,5294,3001.995,3030.796,2985.435,3026.904,6020665400
2025-10-24,5295,3031.916,3052.819,3028.38,3045.816,5512038200
2025-10-27,5296,3064.383,3078.784,3052.398,3069.529,7040503900
2025-10-28,5297,3059.876,3075.249,3044.563,3050.416,5462624100
2025-10-29,5298,3049.446,3064.556,3048.59,3063.021,6014458600
2025-10-30,5299,3053.793,3076.872,3043.571,3046.611,6573610300
2025-10-31,5300,3046.182,3046.236,3011.555,3011.555,6931892200
2025-11-03,5301,3009.163,3017.452,2990.275,3016.351,5490037500
2025-11-04,5302,3014.832,3029.923,2999.25,3012.969,5598090000
2025-11-05,5303,2985.76,3018.349,2981.819,3007.97,4687175400
2025-11-06,5304,3015.349,3049.486,3012.437,3044.742,5062944700
2025-11-07,5305,3036.01,3050.012,3034.723,3038.346,4766934700
2025-11-10,5306,3043.506,3054.553,3030.234,3053.857,4907964400
2025-11-11,5307,3059.756,3060.284,3023.92,3034.633,4104255100
2025-11-12,5308,3035.026,3059.954,3035.026,3044.301,5751723500
2025-11-13,5309,3044.924,3075.214,3044.924,3073.666,5412640800
2025-11-14,5310,3058.123,3073.71,3037.88,3038.426,4880275600
2025-11-17,5311,3033.022,3037.225,3001.202,3012.071,4823390200
2025-11-18,5312,3005.741,3023.027,2995.174,3003.018,4358732700
2025-11-19,5313,3004.646,3033.224,3004.203,3020.349,4820035500
2025-11-20,5314,3030.037,3038.912,3004.241,3008.29,5404355400
2025-11-21,5315,2989.872,2998.807,2953.46,2955.854,6039312600
2025-11-24,5316,2967.164,2970.205,2942.288,2950.562,5080170600
2025-11-25,5317,2963.689,2974.765,2952.349,2968.202,4240517700
2025-11-26,5318,2969.776,2979.981,2968.021,2971.799,4005797700
2025-11-27,5319,2976.078,2988.2,2965.546,2972.265,3928779700
2025-11-28,5320,2969.228,2973.316,2954.715,2969.617,3727431400
2025-12-01,5321,2975.272,2994.453,2972.791,2993.676,4651946100
2025-12-02,5322,2992.384,2994.715,2970.951,2978.467,3348182800
2025-12-03,5323,2976.113,2983.613,2957.794,2963.076,3851973200
2025-12-04,5324,2968.556,2980.237,2958.607,2974.337,3628255600
2025-12-05,5325,2970.62,3010.717,2969.086,3002.009,4460349100
2025-12-08,5326,3006.633,3030.571,3005.382,3019.362,4489579200
2025-12-09,5327,3012.244,3015.448,2991.651,2997.96,4342592300
2025-12-10,5328,2994.149,2996.21,2970.592,2988.638,4151158900
2025-12-11,5329,2995.632,2998.981,2966.184,2977.032,3939902700
2025-12-12,5330,2981.967,2994.865,2965.688,2994.645,5718891200
2025-12-15,5331,2979.764,3015.389,2978.128,2987.068,3849022700
2025-12-16,5332,2980.937,2986.083,2946.602,2954.787,3830216500
2025-12-17,5333,2955.474,3005.873,2948.736,2991.678,3850074300
2025-12-18,5334,2983.767,3002.022,2980.951,2998.517,3254568300
2025-12-19,5335,2993.929,3016.384,2987.71,3004.34,3660553300
2025-12-22,5336,3010.796,3025.548,3010.796,3020.229,3472819200
2025-12-23,5337,3023.911,3041.668,3019.61,3027.52,3588970900
2025-12-24,5338,3028.374,3032.01,3012.199,3025.184,3179944100
2025-12-25,5339,3020.908,3039.539,3018.583,3032.841,2827064700
2025-12-26,5340,3032.467,3057.948,3031.26,3045.404,3410068900
2025-12-29,5341,3048.979,3057.364,3030.379,3034.635,4315341500
2025-12-30,5342,3023.321,3049.323,3022.277,3036.552,3853828500
2025-12-31,5343,3038.602,3051.43,3026.487,3031.126,3735898000
2026-01-05,5344,3052.129,3105.403,3052.129,3099.746,5350139800
2026-01-06,5345,3106.52,3158.763,3106.087,3158.763,5749427200
2026-01-07,5346,3162.022,3162.444,3132.232,3145.12,5213942200
2026-01-08,5347,3137.81,3142.846,3107.018,3122.063,5342737400
2026-01-09,5348,3121.159,3146.728,3112.458,3134.325,6014927700
2026-01-12,5349,3146.512,3148.111,3125.17,3143.737,6446191300
2026-01-13,5350,3150.733,3177.735,3123.172,3132.933,6316009600
2026-01-14,5351,3136.845,3169.753,3106.134,3112.075,7195742600
2026-01-15,5352,3104.328,3130.985,3097.105,3105.575,5441766500
2026-01-16,5353,3117.933,3127.849,3066.091,3079.763,7245415400
2026-01-19,5354,3077.806,3094.972,3065.94,3075.936,5586659900
2026-01-20,5355,3077.939,3090.085,3058.611,3070.646,6000253300
2026-01-21,5356,3073.769,3097.663,3060.647,3067.175,6566488000
2026-01-22,5357,3080.205,3089.673,3046.428,3053.128,6291845400
2026-01-23,5358,3055.686,3063.258,3019.762,3032.193,6902015100
2026-01-26,5359,3042.368,3088.568,3039.644,3049.587,8910247200
2026-01-27,5360,3054.401,3080.818,3046.189,3052.393,7513591400
2026-01-28,5361,3066.425,3074.976,3047.785,3060.557,9636678000
2026-01-29,5362,3074.487,3122.142,3048.413,3110.914,10071015400
2026-01-30,5363,3088.787,3106.331,3040.423,3066.496,7901468700
2026-02-02,5364,3036.843,3076.022,2997.852,3003.137,8080331700
2026-02-03,5365,3033.47,3036.997,2987.406,3034.58,6483034700
2026-02-04,5366,3033.548,3070.17,3030.338,3069.243,6104365900
2026-02-05,5367,3048.87,3066.509,3030.849,3059.012,5371600900
2026-02-06,5368,3027.173,3056.004,3015.626,3037.86,4678981800
2026-02-09,5369,3066.318,3081.868,3059.029,3081.779,4192393000
2026-02-10,5370,3086.328,3091.346,3079.999,3087.405,3816233200
2026-02-11,5371,3082.699,3094.25,3076.552,3088.457,3684760900
2026-02-12,5372,3091.529,3094.335,3075.76,3079.727,4440099600
2026-02-13,5373,3062.206,3066.039,3032.656,3034.346,4595354900
2026-02-24,5374,3075.472,3075.897,3039.409,3041.324,4389884200
2026-02-25,5375,3045.451,3080.077,3041.589,3054.925,5668589700
2026-02-26,5376,3059.602,3060.337,3023.435,3035.071,4395225700
2026-02-27,5377,3026.076,3049.36,3025.724,3039.431,4390978300
2026-03-02,5378,3031.447,3050.92,3010.047,3046.467,8354559300
2026-03-03,5379,3045.75,3056.986,3008.003,3014.27,10483299600
2026-03-04,5380,2985.632,2991.031,2953.325,2974.21,8683309500
2026-03-05,5381,2993.591,3001.023,2978.086,2988.451,6379790400
2026-03-06,5382,2972.59,2999.724,2970.579,2992.702,5053646200
2026-03-09,5383,2963.2,2970.946,2933.917,2962.989,7865812600
2026-03-10,5384,2973.82,2985.309,2969.912,2981.835,5422691500
2026-03-11,5385,2983.46,2988.754,2970.832,2985.345,5603198400
2026-03-12,5386,2978.115,2985.546,2954.305,2971.561,5564411100
2026-03-13,5387,2961.734,2977.842,2951.701,2956.847,6863301300
2026-03-16,5388,2952.42,2955.004,2927.936,2954.089,5959601800
2026-03-17,5389,2957.015,2995.226,2956.159,2963.578,6260497800
2026-03-18,5390,2965.861,2970.188,2939.748,2961.426,5441379000
2026-03-19,5391,2933.577,2942.459,2908.443,2916.235,6707944100
2026-03-20,5392,2914.851,2924.376,2881.947,2883.864,6609707300
2026-03-23,5393,2847.522,2847.776,2779.599,2792.329,8697663300
2026-03-24,5394,2813.498,2831.272,2790.803,2830.854,6331273600
2026-03-25,5395,2845.409,2862.573,2842.189,2859.535,6396555000
2026-03-26,5396,2854.504,2862.327,2819.067,2824.674,5232212700
2026-03-27,5397,2803.498,2845.834,2803.498,2837.306,4652544100
2026-03-30,5398,2814.828,2835.834,2806.027,2833.205,4911262500
2026-03-31,5399,2844.405,2865.518,2826.125,2826.125,5709601600
2026-04-01,5400,2863.493,2882.671,2856.968,2878.794,5069558000
2026-04-02,5401,2873.826,2873.826,2840.64,2853.453,4691899400
2026-04-03,5402,2856.557,2857.512,2827.09,2830.597,3633137800
2026-04-07,5403,2830.127,2843.165,2824.18,2830.523,3680959300
2026-04-08,5404,2872.035,2907.791,2872.035,2907.066,5873661200
2026-04-09,5405,2888.404,2891.872,2877.552,2884.76,3867362100
2026-04-10,5406,2900.496,2915.7,2894.677,2899.58,4252953100
2026-04-13,5407,2888.424,2902.706,2884.658,2899.47,4049204500
2026-04-14,5408,2918.505,2924.218,2899.857,2924.183,4183436600
2026-04-15,5409,2939.52,2953.067,2931.635,2934.216,4727076600
2026-04-16,5410,2937.758,2948.12,2930.771,2939.765,4111793000
2026-04-17,5411,2920.855,2924.134,2906.952,2910.873,4187484200
2026-04-20,5412,2911.862,2935.292,2911.745,2933.653,4772832400
2026-04-21,5413,2931.611,2937.42,2920.285,2932.072,4632735800
2026-04-22,5414,2927.864,2935.112,2922.326,2930.575,4544342600
2026-04-23,5415,2938.165,2941.196,2912.564,2927.931,5365089800
2026-04-24,5416,2925.901,2948.41,2914.257,2945.043,4244365300
2026-04-27,5417,2944.031,2955.449,2934.673,2939.053,4397511000
2026-04-28,5418,2938.058,2963.36,2937.549,2950.421,4904905900
2026-04-29,5419,2937.814,2968.964,2937.292,2967.503,6115988000
2026-04-30,5420,2972.047,2989.052,2971.287,2985.505,6218575600
2026-05-06,5421,3010.318,3037.264,3001.976,3026.443,6790295100
2026-05-07,5422,3034.977,3040.403,3020.9,3029.194,5840007600
2026-05-08,5423,3014.466,3015.407,2990.014,3003.584,5049671400
2026-05-11,5424,3021.745,3047.9,3009.545,3041.633,6941111500
2026-05-12,5425,3045.221,3058.383,3036.167,3043.556,6609450900
2026-05-13,5426,3029.116,3049.173,3018.85,3047.246,6439746300
2026-05-14,5427,3056.846,3059.786,2995.819,2996.573,6324557500
2026-05-15,5428,2992.261,3001.627,2945.653,2957.602,6389067100
2026-05-18,5429,2947.25,2954.633,2921.176,2934.959,5965249200
2026-05-19,5430,2929.066,2955.066,2918.973,2954.062,5827685600
2026-05-20,5431,2940.262,2964.777,2937.569,2953.747,5751782000
2026-05-21,5432,2972.53,2998.904,2920.409,2920.929,6368473000
2026-05-22,5433,2937.118,2939.596,2908.086,2923.525,5238325900
2026-05-25,5434,2932.24,2969.759,2929.384,2968.697,4843944600
2026-05-26,5435,2954.491,2976.949,2945.547,2973.385,5510995600
2026-05-27,5436,2969.796,2975.968,2921.819,2934.712,5605580900
2026-05-28,5437,2923.206,2928.176,2893.566,2914.19,5195690100
2026-05-29,5438,2919.64,2938.491,2910.574,2921.081,6849840400
2026-06-01,5439,2918.116,2922.817,2887.759,2893.719,5973534100
2026-06-02,5440,2897.97,2931.569,2892.256,2920.269,5997613800
2026-06-03,5441,2913.205,2939.724,2906.828,2920.917,5585109000
2026-06-04,5442,2902.27,2918.659,2884.202,2891.349,4465873900
2026-06-05,5443,2883.282,2908.681,2859.205,2865.866,5332470400
2026-06-08,5444,2818.684,2846.509,2806.325,2825.013,6458825300
2026-06-09,5445,2830.881,2844.234,2814.833,2842.694,5403071100
2026-06-10,5446,2829.649,2859.924,2826.86,2850.369,5897717700
2026-06-11,5447,2842.671,2852.208,2827.859,2845.919,5184349200
2026-06-12,5448,2864.991,2901.651,2851.543,2890.798,8028260900
2026-06-15,5449,2919.69,2946.021,2915.153,2938.649,7748423200
2026-06-16,5450,2933.961,2936.7,2904.362,2913.986,5724402600
2026-06-17,5451,2905.208,2936.611,2901.419,2934.466,5348288200
2026-06-18,5452,2926.486,2956.229,2924.343,2928.748,7091357400
2026-06-22,5453,2929.73,3015.158,2915.544,3012.653,8122982300
2026-06-23,5454,2998.029,3019.338,2913.239,2926.828,7818813000
2026-06-24,5455,2919.848,2948.062,2919.848,2943.896,6423980000
2026-06-25,5456,2944.453,2993.024,2942.548,2977.57,7044250600
2026-06-26,5457,2961.037,2965.413,2887.758,2906.944,6378246900
2026-06-29,5458,2911.338,2991.523,2904.932,2991.081,6456458600
2026-06-30,5459,2972.345,2993.477,2963.447,2989.402,6011943800
2026-07-01,5460,2976.358,3015.626,2966.361,2985.24,6327137300
2026-07-02,5461,2938.766,2957.881,2905.849,2912.276,6586043000
2026-07-03,5462,2917.52,2957.256,2917.48,2931.284,5988738400
2026-07-06,5463,2949.923,2966.276,2920.831,2957.969,6011922500
2026-07-07,5464,2932.808,2952.495,2910.66,2921.887,5200088700
2026-07-08,5465,2929.897,2955.516,2915.801,2920.842,5143818400
2026-07-09,5466,2926.138,2999.494,2921.877,2995.789,5728837000
2026-07-10,5467,2996.841,3026.426,2955.487,2955.52,6034092600
2026-07-13,5468,2931.497,2952.927,2901.455,2913.188,6372427600
2026-07-14,5469,2909.931,2955.553,2875.361,2955.553,6699820800
2026-07-15,5470,2955.764,2983.412,2948.093,2967.07,6194854800
2026-07-16,5471,2927.315,2948.947,2892.045,2904.119,5602839000
2026-07-17,5472,2887.093,2890.099,2814.356,2827.671,7144065900
2026-07-20,5473,2852.252,2912.853,2852.252,2912.853,8902948400
2026-07-21,5474,2953.009,2973.834,2904.479,2973.813,8184785500
2026-07-22,5475,2954.881,3008.376,2954.881,2991.047,6893254700
2026-07-23,5476,3003.503,3003.503,2966.897,2978.77,5748736200
2026-07-24,5477,2971.509,2971.949,2941.301,2956.346,5835491800
2026-07-27,5478,2976.92,2976.92,2919.461,2950.432,5091404500
2026-07-28,5479,2921.311,2931.15,2901.735,2923.205,5757343500
2026-07-29,5480,2948.705,2948.705,2885.187,2915.188,5910162400
2026-07-30,5481,2902.381,2932.717,2881.523,2926.475,6793384200
2026-07-31,5482,2944.938,2946.172,2919.406,2922.967,7109335000
2026-08-03,5483,2908.509,2912.207,2873.557,2887.054,5692289800
2026-08-04,5484,2890.985,2892.397,2867.927,2878.669,6103477800
2026-08-05,5485,2882.509,2932.397,2882.509,2924.063,6589282800
2026-08-06,5486,2913.414,2925.672,2906.453,2920.135,5787365900
2026-08-07,5487,2917.444,2960.945,2913.593,2960.424,5134066100
2026-08-10,5488,2963.238,2980.636,2954.622,2967.733,4791578000
2026-08-11,5489,2956.603,2971.402,2928.19,2929.929,4959770600
2026-08-12,5490,2931.318,2943.999,2925.039,2938.385,4416553100
2026-08-13,5491,2945.495,2960.242,2925.797,2928.121,5196438100
2026-08-14,5492,2931.941,2932.84,2905.111,2916.128,4136125900
2026-08-17,5493,2913.677,2946.42,2907.709,2945.412,4071306600
2026-08-18,5494,2940.529,2944.603,2917.332,2940.701,4421855200
2026-08-19,5495,2913.751,2918.06,2875.751,2895.567,5880878600
2026-08-20,5496,2902.956,2911.72,2872.969,2881.443,5043996100
2026-08-21,5497,2875.652,2891.59,2872.134,2883.548,4013436100
2026-08-24,5498,2882.64,2888.423,2857.302,2870.803,5357402400
2026-08-25,5499,2864.458,2881.123,2859.289,2875.507,4222900200
2026-08-26,5500,2871.889,2914.178,2870.416,2905.083,4532345400
2026-08-27,5501,2905.246,2931.111,2905.246,2930.31,4568570200
2026-08-28,5502,2920.798,2933.471,2916.714,2923.328,4003898100
2026-08-31,5503,2896.968,2936.88,2895.893,2936.88,5745822500
2026-09-01,5504,2930.404,2950.147,2926.809,2941.822,4946906900
2026-09-02,5505,2927.812,2930.986,2905.771,2914.445,4528122800
2026-09-03,5506,2924.368,2938.363,2910.93,2919.499,4312154200
2026-09-04,5507,2929.154,2956.552,2914.013,2923.811,4346120500
2026-09-07,5508,2929.047,2934.645,2901.106,2911.732,4503821700
2026-09-08,5509,2915.16,2923.441,2901.328,2908.805,4104362400
2026-09-09,5510,2911.692,2916.297,2899.308,2910.401,3547269600
2026-09-10,5511,2899.086,2912.303,2889.124,2904.293,3360556700
2026-09-11,5512,2879.617,2881.194,2843.012,2868.318,5172544400
