收益%,回撤%,Sharpe,Calmar,交易数,在场%,标的,变体,ATR%中位
663.8691534193375,-61.25799858082246,1.6110787012481256,2.4701152757405436,1,99.82014388489209,中际旭创,买入持有,5.410272520948057
564.7645552049446,-18.397162535439428,2.037882188122526,7.391022028061417,5,41.007194244604314,中际旭创,FIX 买带5/卖带5,5.410272520948057
564.7645552049446,-18.397162535439428,2.037882188122526,7.391022028061417,5,41.007194244604314,中际旭创,FIX 买带5/卖带5+追踪18%,5.410272520948057
440.7076065028785,-24.8044650819379,1.8359093185059145,4.631624087250234,7,40.10791366906475,中际旭创,ATR k=0.6 无追踪,5.410272520948057
436.66411510090927,-22.451959666775277,1.8898873607534108,5.084417525159902,10,38.84892086330935,中际旭创,ATR k=0.6 追踪2.0xATR,5.410272520948057
614.0614697818963,-22.4517099324258,2.142890218702458,6.402637566107198,7,39.92805755395683,中际旭创,ATR k=1.0 追踪2.0xATR,5.410272520948057
328.0402691777773,-26.15834337237728,1.6638862574545776,3.5664096031872283,18,36.330935251798564,中际旭创,ATR k=0.4 追踪1.5xATR,5.410272520948057
683.321605695879,-60.961969605955865,1.6296042569552085,2.5293647212694452,7,98.7410071942446,中际旭创,满仓+25%追踪(无趋势过滤),5.410272520948057
802.2948246975712,-58.94634541984205,1.7394797188651556,2.901264746438894,18,96.76258992805755,中际旭创,满仓+2.5xATR追踪,5.410272520948057
472.22879286592024,-54.85920826123834,1.336900163646536,2.1960722878297334,1,99.82014388489209,天孚通信,买入持有,6.412949551898693
159.5085080828264,-48.91447800103133,1.0178074815121434,1.1053328126175477,9,36.69064748201439,天孚通信,FIX 买带5/卖带5,6.412949551898693
151.29182737253194,-50.53247573715631,0.993974247950721,1.0258030470809056,10,36.510791366906474,天孚通信,FIX 买带5/卖带5+追踪18%,6.412949551898693
159.5085080828264,-48.91447800103133,1.0178074815121434,1.1053328126175477,9,36.69064748201439,天孚通信,ATR k=0.6 无追踪,6.412949551898693
132.38970337967456,-50.53247573715631,0.9363997589215192,0.9211722012462114,13,35.97122302158273,天孚通信,ATR k=0.6 追踪2.0xATR,6.412949551898693
85.7113622372444,-58.8754049630708,0.7485746050984644,0.5501058598694684,12,34.71223021582734,天孚通信,ATR k=1.0 追踪2.0xATR,6.412949551898693
89.53739837330153,-51.06412074970197,0.775608517670002,0.6583292105223673,20,33.992805755395686,天孚通信,ATR k=0.4 追踪1.5xATR,6.412949551898693
533.6713471649393,-55.79729688259959,1.3939438818851948,2.3460952775710178,9,98.38129496402878,天孚通信,满仓+25%追踪(无趋势过滤),6.412949551898693
387.5625832370849,-56.27645744558507,1.2557208849147115,1.8665209140701873,20,96.40287769784173,天孚通信,满仓+2.5xATR追踪,6.412949551898693
178.3364257482328,-32.15614207272209,1.2209096218172215,1.835920537944419,1,99.82014388489209,北方华创,买入持有,3.699219604045731
34.89758448346964,-32.98744687248666,0.5231195285182711,0.440498517004789,8,46.94244604316547,北方华创,FIX 买带5/卖带5,3.699219604045731
40.42344534200482,-32.98744687248666,0.5819408169753859,0.5042522871068169,8,46.58273381294964,北方华创,FIX 买带5/卖带5+追踪18%,3.699219604045731
35.66805147045366,-26.5118404091531,0.5411370490103746,0.559257360029835,12,39.38848920863309,北方华创,ATR k=0.6 无追踪,3.699219604045731
27.13355624794127,-29.568467395809805,0.44814822017533534,0.3887520424763608,17,36.15107913669065,北方华创,ATR k=0.6 追踪2.0xATR,3.699219604045731
44.41657682115137,-30.022786320853246,0.6608954390436815,0.6037316354695753,13,33.45323741007194,北方华创,ATR k=1.0 追踪2.0xATR,3.699219604045731
47.88659378420699,-21.820706613850593,0.6831057057831637,0.8892372207727627,19,35.97122302158273,北方华创,ATR k=0.4 追踪1.5xATR,3.699219604045731
179.48241176780084,-31.87681063958604,1.2294071137192752,1.8613080952225136,2,99.64028776978418,北方华创,满仓+25%追踪(无趋势过滤),3.699219604045731
67.74497486569797,-37.98254395387743,0.7121361540767163,0.695611657885803,22,96.0431654676259,北方华创,满仓+2.5xATR追踪,3.699219604045731
766.0080947448702,-39.26545425236699,1.6530058313227587,4.228233551749655,1,99.82014388489209,寒武纪,买入持有,5.98454247570917
147.0540767867842,-29.890658050285367,0.9922942044924437,1.6951929994433654,7,35.79136690647482,寒武纪,FIX 买带5/卖带5,5.98454247570917
141.3693964690664,-31.505931845639957,0.9746375983337553,1.558090699166489,8,35.61151079136691,寒武纪,FIX 买带5/卖带5+追踪18%,5.98454247570917
146.11614070025237,-34.86939164922974,0.9736688676791146,1.4457064658624512,9,36.69064748201439,寒武纪,ATR k=0.6 无追踪,5.98454247570917
119.56390863669068,-37.07796260638404,0.887123284487572,1.1550339426501728,13,33.63309352517986,寒武纪,ATR k=0.6 追踪2.0xATR,5.98454247570917
127.67671778615654,-41.62376579288885,0.9437974133164951,1.0857859582411067,11,32.014388489208635,寒武纪,ATR k=1.0 追踪2.0xATR,5.98454247570917
124.92165298715814,-32.90330893492401,0.9195342989002412,1.3492724055957008,16,31.83453237410072,寒武纪,ATR k=0.4 追踪1.5xATR,5.98454247570917
798.8073072228028,-42.59779657601042,1.6784234367939685,4.003579619378678,6,98.92086330935251,寒武纪,满仓+25%追踪(无趋势过滤),5.98454247570917
854.6345674411731,-35.09071265638533,1.726722985049264,5.073553452626298,17,96.94244604316546,寒武纪,满仓+2.5xATR追踪,5.98454247570917
293.2672864966315,-45.272805849750476,1.277763992043815,1.8998015554022585,1,99.82014388489209,沪电股份,买入持有,4.997628489800526
65.67636094713359,-46.72189736685044,0.7036700409496499,0.5503222635207164,7,41.36690647482014,沪电股份,FIX 买带5/卖带5,4.997628489800526
65.67636094713359,-46.72189736685044,0.7036700409496499,0.5503222635207164,7,41.36690647482014,沪电股份,FIX 买带5/卖带5+追踪18%,4.997628489800526
56.31040258234199,-42.52659852082288,0.6415434150579138,0.527664748155413,10,40.827338129496404,沪电股份,ATR k=0.6 无追踪,4.997628489800526
49.17727572522359,-35.460585690618686,0.6029412153771357,0.5604808829625803,14,37.589928057553955,沪电股份,ATR k=0.6 追踪2.0xATR,4.997628489800526
81.04210179311879,-31.49643065056865,0.8259351505567923,0.9800655958956634,11,37.589928057553955,沪电股份,ATR k=1.0 追踪2.0xATR,4.997628489800526
-25.02476788263578,-48.357182047720485,-0.21025518818693636,-0.25306858956462114,26,34.71223021582734,沪电股份,ATR k=0.4 追踪1.5xATR,4.997628489800526
195.2754836443984,-54.46542927048124,1.0688543263781247,1.1631611387185192,5,99.10071942446042,沪电股份,满仓+25%追踪(无趋势过滤),4.997628489800526
275.98036002183983,-43.76664269242766,1.2522705019067142,1.8794656647339998,15,97.3021582733813,沪电股份,满仓+2.5xATR追踪,4.997628489800526
663.7336430435845,-46.53836872234619,1.7729272596941419,3.250954308780473,1,99.82014388489209,生益科技,买入持有,4.894388192575762
432.51076799896293,-24.55241454469205,1.8826756465429328,4.6187861111324,5,48.92086330935252,生益科技,FIX 买带5/卖带5,4.894388192575762
432.51076799896293,-24.55241454469205,1.8826756465429328,4.6187861111324,5,48.92086330935252,生益科技,FIX 买带5/卖带5+追踪18%,4.894388192575762
266.7606466421775,-23.892774334771694,1.531255146095497,3.3574375773777883,10,45.68345323741007,生益科技,ATR k=0.6 无追踪,4.894388192575762
293.17832489885757,-22.637898728399097,1.6275459376010113,3.7985095588471056,14,42.985611510791365,生益科技,ATR k=0.6 追踪2.0xATR,4.894388192575762
304.3963197072826,-20.837362131129122,1.6747249638846742,4.241272586177944,12,42.44604316546763,生益科技,ATR k=1.0 追踪2.0xATR,4.894388192575762
181.75937443695327,-31.476832768890116,1.2704701297135128,1.9036097359051265,20,41.007194244604314,生益科技,ATR k=0.4 追踪1.5xATR,4.894388192575762
745.2224743264031,-48.53995785030333,1.8633266941826185,3.3603317552736596,6,98.92086330935251,生益科技,满仓+25%追踪(无趋势过滤),4.894388192575762
660.2797114183809,-54.55203523956935,1.794902850131682,2.763936949260421,18,96.76258992805755,生益科技,满仓+2.5xATR追踪,4.894388192575762
185.79194226222313,-45.27698646768159,1.0767590288288498,1.3462234112214142,1,99.82014388489209,工业富联,买入持有,4.513397612026111
117.84067240862082,-30.075220016865035,1.0943639357786559,1.4070436551997618,6,30.575539568345324,工业富联,FIX 买带5/卖带5,4.513397612026111
117.84067240862082,-30.075220016865035,1.0943639357786559,1.4070436551997618,6,30.575539568345324,工业富联,FIX 买带5/卖带5+追踪18%,4.513397612026111
137.65347655187443,-25.405014358666524,1.1950456503018125,1.8911381830421932,7,29.676258992805753,工业富联,ATR k=0.6 无追踪,4.513397612026111
101.6780267225093,-25.519726311579248,1.0228553097361324,1.466722417700199,10,28.23741007194245,工业富联,ATR k=0.6 追踪2.0xATR,4.513397612026111
76.27861882890812,-28.585273234023965,0.863551407494993,1.0248821084079347,9,26.978417266187048,工业富联,ATR k=1.0 追踪2.0xATR,4.513397612026111
77.27939551571399,-36.36598756911859,0.8568740523681582,0.8147370720045044,15,26.978417266187048,工业富联,ATR k=0.4 追踪1.5xATR,4.513397612026111
245.45921040499334,-41.93421897346663,1.2255712164873287,1.797976910308116,7,98.7410071942446,工业富联,满仓+25%追踪(无趋势过滤),4.513397612026111
97.40119897360735,-50.89466103600544,0.7927754918061087,0.7093417314816164,20,96.40287769784173,工业富联,满仓+2.5xATR追踪,4.513397612026111
695.74288594341,-54.10092622985151,1.563842544124054,2.8837605682114464,1,99.82014388489209,胜宏科技,买入持有,5.915200257959556
134.76125459080964,-39.028286089315024,0.9343385669470708,1.210021534377564,9,43.884892086330936,胜宏科技,FIX 买带5/卖带5,5.915200257959556
134.76125459080964,-39.028286089315024,0.9343385669470708,1.210021534377564,9,43.884892086330936,胜宏科技,FIX 买带5/卖带5+追踪18%,5.915200257959556
109.4573861686405,-38.48912218508783,0.8438923478252268,1.0342708584056266,11,42.62589928057554,胜宏科技,ATR k=0.6 无追踪,5.915200257959556
113.31799541794538,-42.87833828613119,0.8801428616616908,0.9555006992393084,14,39.92805755395683,胜宏科技,ATR k=0.6 追踪2.0xATR,5.915200257959556
108.9995045759653,-41.93230154454891,0.8729029795205643,0.9460385439554633,12,39.92805755395683,胜宏科技,ATR k=1.0 追踪2.0xATR,5.915200257959556
47.80078045377471,-52.78543642433012,0.5604610490497768,0.3670023008469517,24,39.20863309352518,胜宏科技,ATR k=0.4 追踪1.5xATR,5.915200257959556
883.787100989969,-50.47622059832857,1.690311067489818,3.6027108903101497,8,98.56115107913669,胜宏科技,满仓+25%追踪(无趋势过滤),5.915200257959556
614.4022673680481,-56.37567028693942,1.50476620775709,2.550796835690868,18,96.76258992805755,胜宏科技,满仓+2.5xATR追踪,5.915200257959556
670.1348726415288,-50.81339663927058,1.546112789086409,2.996189199417809,1,99.82014388489209,国际复材,买入持有,4.823670585503613
822.8246107857896,-28.880359124122023,1.9086650367760074,6.017814320825725,5,48.561151079136685,国际复材,FIX 买带5/卖带5,4.823670585503613
828.6856164829704,-28.109108527222727,1.9191740864941926,6.210919882602408,7,47.84172661870504,国际复材,FIX 买带5/卖带5+追踪18%,4.823670585503613
504.4544075291235,-44.98418304711591,1.5986637905791203,2.8013865446445823,12,42.26618705035971,国际复材,ATR k=0.6 无追踪,4.823670585503613
584.7134653810241,-43.78888453199381,1.7030788463485937,3.1779167323941686,17,40.647482014388494,国际复材,ATR k=0.6 追踪2.0xATR,4.823670585503613
451.8841166334755,-45.38246403227812,1.5432473367128425,2.57559502784662,15,41.54676258992806,国际复材,ATR k=1.0 追踪2.0xATR,4.823670585503613
351.7264092704773,-43.11161607383459,1.409622785629599,2.2747439158097316,25,37.589928057553955,国际复材,ATR k=0.4 追踪1.5xATR,4.823670585503613
584.1562822724795,-56.155224858983985,1.4809116916935479,2.476514045659501,8,98.56115107913669,国际复材,满仓+25%追踪(无趋势过滤),4.823670585503613
682.4372932778009,-40.6386603151796,1.5646796908524643,3.7910932470116903,17,96.94244604316546,国际复材,满仓+2.5xATR追踪,4.823670585503613
777.3880043932902,-54.88266380550802,1.646839849806157,3.0538286209989676,1,99.82014388489209,新易盛,买入持有,5.965924385772929
201.33841355477804,-46.09876519387255,1.205530826600077,1.40706248798006,7,38.84892086330935,新易盛,FIX 买带5/卖带5,5.965924385772929
183.6397683680315,-49.26258415051912,1.1613017809922879,1.2261323914794486,8,38.669064748201436,新易盛,FIX 买带5/卖带5+追踪18%,5.965924385772929
244.30820404965297,-42.289885218595025,1.3238072331964217,1.7765867218832452,7,39.02877697841727,新易盛,ATR k=0.6 无追踪,5.965924385772929
238.85968316012372,-44.52570571629462,1.3286405391375817,1.6590433776093942,10,37.05035971223021,新易盛,ATR k=0.6 追踪2.0xATR,5.965924385772929
198.1591940450591,-50.77561057299695,1.2263597566418538,1.2618895114294404,9,34.89208633093525,新易盛,ATR k=1.0 追踪2.0xATR,5.965924385772929
174.35370151702628,-43.50847396026952,1.1326268501714476,1.333088493804916,16,35.97122302158273,新易盛,ATR k=0.4 追踪1.5xATR,5.965924385772929
766.3829638744904,-57.2196221196039,1.6426609090137239,2.902425614053714,8,98.56115107913669,新易盛,满仓+25%追踪(无趋势过滤),5.965924385772929
729.7171842830469,-50.85517539525577,1.6306391742088016,3.1641157664267237,17,96.94244604316546,新易盛,满仓+2.5xATR追踪,5.965924385772929
436.9398708860192,-44.823952973149986,1.4811302721354094,2.5478566005058347,1,99.82014388489209,光迅科技,买入持有,5.032438960043184
170.3422573618453,-38.13512559807736,1.1366877679274228,1.4933571282060787,9,46.58273381294964,光迅科技,FIX 买带5/卖带5,5.032438960043184
140.35338775779172,-37.33059721426757,1.0350526916478042,1.3073547566482393,11,44.064748201438846,光迅科技,FIX 买带5/卖带5+追踪18%,5.032438960043184
163.8581665835448,-35.104631281275026,1.129379204658492,1.573349986024702,10,43.52517985611511,光迅科技,ATR k=0.6 无追踪,5.032438960043184
143.26742630194852,-38.07365056520132,1.0598340972824876,1.3032458239015001,17,40.46762589928058,光迅科技,ATR k=0.6 追踪2.0xATR,5.032438960043184
281.5888604978277,-29.478822071416943,1.5164032080976428,2.832038223755808,12,37.410071942446045,光迅科技,ATR k=1.0 追踪2.0xATR,5.032438960043184
101.75113142484267,-44.058686570660576,0.8897935594315197,0.850069165834036,22,39.20863309352518,光迅科技,ATR k=0.4 追踪1.5xATR,5.032438960043184
524.8682790325615,-39.571018501485035,1.5966029206107168,3.2712407072491025,5,99.10071942446042,光迅科技,满仓+25%追踪(无趋势过滤),5.032438960043184
522.7397058891163,-41.785103431457095,1.6007120840176143,3.0894203397558724,18,96.76258992805755,光迅科技,满仓+2.5xATR追踪,5.032438960043184
463.5295681274733,-37.868183280263004,1.536600633329808,3.141140691263069,1,99.82014388489209,深南电路,买入持有,5.17117723875179
129.02225450023602,-28.911901966580523,1.0155549715714671,1.576609777774675,6,44.60431654676259,深南电路,FIX 买带5/卖带5,5.17117723875179
129.02225450023602,-28.911901966580523,1.0155549715714671,1.576609777774675,6,44.60431654676259,深南电路,FIX 买带5/卖带5+追踪18%,5.17117723875179
79.45254042045025,-31.488182826380474,0.7748402334374382,0.9637433537011251,10,42.62589928057554,深南电路,ATR k=0.6 无追踪,5.17117723875179
103.3842780589668,-29.627439412437717,0.9128832761903382,1.281113734613937,12,40.28776978417266,深南电路,ATR k=0.6 追踪2.0xATR,5.17117723875179
96.00534813156021,-31.693796647967034,0.8829436831731122,1.1252885926930183,11,38.84892086330935,深南电路,ATR k=1.0 追踪2.0xATR,5.17117723875179
0.9842804907488345,-44.11467847385248,0.17395037579900235,0.01008549517650081,25,37.05035971223021,深南电路,ATR k=0.4 追踪1.5xATR,5.17117723875179
493.12937212926965,-35.333368967267084,1.5784894710741408,3.5119450122275557,5,99.10071942446042,深南电路,满仓+25%追踪(无趋势过滤),5.17117723875179
386.27885057769834,-35.97525831966549,1.441470892149378,2.9130109475695893,17,96.94244604316546,深南电路,满仓+2.5xATR追踪,5.17117723875179
260.0247423612025,-41.87731047161175,1.195152522067859,1.8795555562681028,1,99.82014388489209,澜起科技,买入持有,4.403568655157228
30.65063833085371,-35.19734920415944,0.4480831963723991,0.3660037824384233,9,37.94964028776979,澜起科技,FIX 买带5/卖带5,4.403568655157228
31.628706244355943,-35.19734920415944,0.45627841869380587,0.37686336313827745,9,37.76978417266187,澜起科技,FIX 买带5/卖带5+追踪18%,4.403568655157228
43.603802412263384,-30.055140856936756,0.5501632517308961,0.5930407833743812,11,36.15107913669065,澜起科技,ATR k=0.6 无追踪,4.403568655157228
34.763143958631204,-28.374953836703032,0.48545367592343996,0.5102800727060078,17,33.81294964028777,澜起科技,ATR k=0.6 追踪2.0xATR,4.403568655157228
1.6504671959188366,-33.97678962496261,0.16671099771843714,0.021918098818890893,17,32.73381294964029,澜起科技,ATR k=1.0 追踪2.0xATR,4.403568655157228
10.30708097560391,-38.27415070223489,0.26053570127484205,0.11878744793352315,24,35.431654676258994,澜起科技,ATR k=0.4 追踪1.5xATR,4.403568655157228
261.6292127801378,-37.59897505529596,1.2036059976995102,2.103016545979473,5,99.10071942446042,澜起科技,满仓+25%追踪(无趋势过滤),4.403568655157228
309.51014639384215,-37.32070499038355,1.3067469028135712,2.3968705183599233,18,96.76258992805755,澜起科技,满仓+2.5xATR追踪,4.403568655157228
225.4665216321584,-37.669170144543074,1.1512328380165369,1.922039548095981,1,99.81684981684981,海光信息,买入持有,5.141122892259379
99.617841859245,-25.207947137092123,0.8465327107682543,1.4907776285133398,7,32.78388278388278,海光信息,FIX 买带5/卖带5,5.141122892259379
99.617841859245,-25.207947137092123,0.8465327107682543,1.4907776285133398,7,32.78388278388278,海光信息,FIX 买带5/卖带5+追踪18%,5.141122892259379
130.3330673618782,-22.03706836806637,0.9754275210679695,2.1316033183256975,9,31.868131868131865,海光信息,ATR k=0.6 无追踪,5.141122892259379
118.40483129307842,-24.776820103905916,0.9346085728827033,1.7520826201176716,19,28.754578754578752,海光信息,ATR k=0.6 追踪2.0xATR,5.141122892259379
74.76296290881889,-34.41901113073035,0.7311479422014653,0.853879993007245,15,27.472527472527474,海光信息,ATR k=1.0 追踪2.0xATR,5.141122892259379
78.45533725404717,-28.999278925856085,0.7422444992592138,1.0567272224194073,26,29.67032967032967,海光信息,ATR k=0.4 追踪1.5xATR,5.141122892259379
202.78415548799904,-35.085001855024935,1.0976630355063788,1.902474291542028,5,99.08424908424908,海光信息,满仓+25%追踪(无趋势过滤),5.141122892259379
158.64398388530364,-43.82766281827265,0.9834299764098051,1.2561069504354156,18,96.7032967032967,海光信息,满仓+2.5xATR追踪,5.141122892259379
332.21941632148804,-59.4355357942226,1.336342056258301,1.5839756296392067,1,99.82014388489209,兆易创新,买入持有,5.140588750445284
233.77901165365046,-28.45121110912232,1.3792873680230207,2.5546767354367628,8,40.827338129496404,兆易创新,FIX 买带5/卖带5,5.140588750445284
263.83344551127453,-28.45121110912232,1.4732030039223094,2.7965470005124518,8,40.28776978417266,兆易创新,FIX 买带5/卖带5+追踪18%,5.140588750445284
225.2644630216282,-37.723810068576526,1.3531379532133951,1.873431928324598,10,40.10791366906475,兆易创新,ATR k=0.6 无追踪,5.140588750445284
248.54419344794115,-32.43865697754642,1.4322409537601934,2.3461187795058263,16,37.76978417266187,兆易创新,ATR k=0.6 追踪2.0xATR,5.140588750445284
217.74883745430316,-30.646557358820804,1.353748306518161,2.2473706718806388,14,36.8705035971223,兆易创新,ATR k=1.0 追踪2.0xATR,5.140588750445284
230.48445978400628,-28.27188509574019,1.3808867777561473,2.5434817489134267,23,38.489208633093526,兆易创新,ATR k=0.4 追踪1.5xATR,5.140588750445284
340.0409436621143,-56.90037031348586,1.3606919584635964,1.6823964909730142,8,98.56115107913669,兆易创新,满仓+25%追踪(无趋势过滤),5.140588750445284
235.36895547283078,-59.69977362314383,1.163623195324103,1.2237229525251283,22,96.0431654676259,兆易创新,满仓+2.5xATR追踪,5.140588750445284
-19.26051123244519,-51.0286930421102,-0.11661222282138758,-0.18110158536602253,1,99.82014388489209,韦尔股份,买入持有,3.17903476637881
-6.532499329058283,-30.12308302830974,-0.17674809345172934,-0.10010618741407436,4,15.827338129496402,韦尔股份,FIX 买带5/卖带5,3.17903476637881
-6.532499329058283,-30.12308302830974,-0.17674809345172934,-0.10010618741407436,4,15.827338129496402,韦尔股份,FIX 买带5/卖带5+追踪18%,3.17903476637881
-18.648018921759444,-40.05323208178493,-0.5222452589914007,-0.22295251684801848,9,15.107913669064748,韦尔股份,ATR k=0.6 无追踪,3.17903476637881
-17.40509461363253,-39.137344182662574,-0.4792460012071511,-0.21212343317824434,11,14.568345323741008,韦尔股份,ATR k=0.6 追踪2.0xATR,3.17903476637881
-17.499416728731244,-36.123175272097875,-0.5127247499468391,-0.23113761698180443,9,13.848920863309353,韦尔股份,ATR k=1.0 追踪2.0xATR,3.17903476637881
-15.391953147094817,-37.82859130953785,-0.42147096872893014,-0.19285994723644356,12,14.028776978417264,韦尔股份,ATR k=0.4 追踪1.5xATR,3.17903476637881
-22.991682760445332,-51.88820888286054,-0.17357664390352467,-0.2152115595305004,6,98.92086330935251,韦尔股份,满仓+25%追踪(无趋势过滤),3.17903476637881
-16.10319126832538,-47.66845946909759,-0.07546626151977413,-0.16047597307616598,24,95.68345323741008,韦尔股份,满仓+2.5xATR追踪,3.17903476637881
153.1986887725958,-42.7981870118342,1.017091276136373,1.2233577800126587,1,99.82014388489209,长电科技,买入持有,3.9711263788233713
63.26267507739245,-23.24089918633835,0.7386662944982086,1.0704699111438243,5,27.51798561151079,长电科技,FIX 买带5/卖带5,3.9711263788233713
69.4935566904884,-23.24073011793236,0.7911448963253672,1.1624717647574434,5,26.798561151079138,长电科技,FIX 买带5/卖带5+追踪18%,3.9711263788233713
57.164903119108686,-21.8520633708566,0.6945932067791843,1.0407577765309923,8,27.87769784172662,长电科技,ATR k=0.6 无追踪,3.9711263788233713
57.26384414860455,-23.97005457599092,0.6955998922054883,0.9502573679056185,16,25.719424460431657,长电科技,ATR k=0.6 追踪2.0xATR,3.9711263788233713
67.36989098196943,-23.969839328208653,0.7753995760505858,1.0969159807573845,13,22.841726618705035,长电科技,ATR k=1.0 追踪2.0xATR,3.9711263788233713
61.57126830196995,-23.96989477690018,0.7354836816414824,1.013381124013741,17,25.899280575539567,长电科技,ATR k=0.4 追踪1.5xATR,3.9711263788233713
114.84661839974865,-47.92650090295787,0.8823812123578506,0.8643911184101291,6,98.92086330935251,长电科技,满仓+25%追踪(无趋势过滤),3.9711263788233713
122.2066805279288,-40.891508723580394,0.9059833347674016,1.0663076370995959,22,96.0431654676259,长电科技,满仓+2.5xATR追踪,3.9711263788233713
150.43930701899296,-38.2206257081947,0.9733094622615386,1.3501265718635485,1,99.82014388489209,通富微电,买入持有,4.48452804294509
31.45198528394615,-37.43090097704101,0.4566454853607289,0.35253343672749665,8,29.856115107913666,通富微电,FIX 买带5/卖带5,4.48452804294509
16.65321500524182,-44.44696784614749,0.32606044882562624,0.16268680031845995,9,28.597122302158272,通富微电,FIX 买带5/卖带5+追踪18%,4.48452804294509
23.12397996683364,-41.65064653521298,0.3864086020168307,0.23738139286959897,10,30.935251798561154,通富微电,ATR k=0.6 无追踪,4.48452804294509
-4.904464790869234,-47.20935580871238,0.09636704826318829,-0.04773352952447122,19,28.23741007194245,通富微电,ATR k=0.6 追踪2.0xATR,4.48452804294509
-5.472956419381192,-47.6078647432852,0.07855342386322903,-0.05290613060326324,18,26.618705035971225,通富微电,ATR k=1.0 追踪2.0xATR,4.48452804294509
36.47482749085249,-35.96091104474552,0.49843058569988113,0.42089948882777584,20,28.776978417266186,通富微电,ATR k=0.4 追踪1.5xATR,4.48452804294509
152.06575782253364,-39.90385996131626,0.9795431350920594,1.3043383627959764,6,98.92086330935251,通富微电,满仓+25%追踪(无趋势过滤),4.48452804294509
94.46128259869062,-44.19500043727002,0.7798122781243773,0.7960003498841473,21,96.22302158273382,通富微电,满仓+2.5xATR追踪,4.48452804294509
91.35734642101592,-55.181300084394366,0.7659467422268548,0.6197205530083997,1,99.82014388489209,立昂微,买入持有,4.196647938151315
52.98598216636172,-24.59359595199765,0.6806911270596238,0.8641514593802769,5,26.798561151079138,立昂微,FIX 买带5/卖带5,4.196647938151315
52.98598216636172,-24.59359595199765,0.6806911270596238,0.8641514593802769,5,26.798561151079138,立昂微,FIX 买带5/卖带5+追踪18%,4.196647938151315
75.2157033558183,-25.312097367855777,0.8523952117275623,1.143429364632997,7,27.87769784172662,立昂微,ATR k=0.6 无追踪,4.196647938151315
26.69901747441592,-42.319074307520886,0.4251392336722585,0.2675369955964971,12,25.719424460431657,立昂微,ATR k=0.6 追踪2.0xATR,4.196647938151315
33.2037245505399,-42.31885161144683,0.49324557614755743,0.3279119725707357,11,24.46043165467626,立昂微,ATR k=1.0 追踪2.0xATR,4.196647938151315
21.037339938027657,-39.262570183121525,0.363581961633307,0.23022118746700965,16,25.899280575539567,立昂微,ATR k=0.4 追踪1.5xATR,4.196647938151315
108.8151790108577,-50.6802455206011,0.8384263263273735,0.781640451664776,6,98.92086330935251,立昂微,满仓+25%追踪(无趋势过滤),4.196647938151315
65.53062762758918,-53.04773275673731,0.6502945870245262,0.4837524257574674,20,96.40287769784173,立昂微,满仓+2.5xATR追踪,4.196647938151315
116.59799629376222,-54.152820801719095,0.8189129924586648,0.7746339009635987,1,99.82014388489209,北京君正,买入持有,5.390903928778861
59.01468024326688,-38.81164962949503,0.6365890397183477,0.602792608672606,7,38.1294964028777,北京君正,FIX 买带5/卖带5,5.390903928778861
59.01468024326688,-38.81164962949503,0.6365890397183477,0.602792608672606,7,38.1294964028777,北京君正,FIX 买带5/卖带5+追踪18%,5.390903928778861
2.2716573481186275,-42.754637744316895,0.20098035983694873,0.023933773268950437,12,38.84892086330935,北京君正,ATR k=0.6 无追踪,5.390903928778861
-27.824749872812582,-51.18035774381538,-0.16982600649162213,-0.2684358807292792,21,36.510791366906474,北京君正,ATR k=0.6 追踪2.0xATR,5.390903928778861
-16.842090473479132,-48.53721403910246,-0.027163702770446448,-0.16521705263325487,15,33.093525179856115,北京君正,ATR k=1.0 追踪2.0xATR,5.390903928778861
-22.60627698439427,-41.090787673907826,-0.1229409964346593,-0.2668655245424714,27,34.172661870503596,北京君正,ATR k=0.4 追踪1.5xATR,5.390903928778861
93.37108992681426,-59.253526789455925,0.7442100047917397,0.5879012821846479,8,98.56115107913669,北京君正,满仓+25%追踪(无趋势过滤),5.390903928778861
68.41448465394029,-56.34740683083359,0.6505873435208503,0.4729506781580892,18,96.76258992805755,北京君正,满仓+2.5xATR追踪,5.390903928778861
