date,open,high,low,close,volume
2020-07-01,1453.252,1459.771,1417.602,1439.878,6278613.52
2020-07-02,1439.009,1452.745,1424.148,1437.052,5994840.48
2020-07-03,1435.082,1441.089,1408.08,1438.585,6024870.37
2020-07-06,1445.607,1547.135,1444.686,1538.402,9449414.67
2020-07-07,1550.296,1617.6,1550.296,1572.189,10320028.01
2020-07-08,1572.776,1608.193,1555.306,1599.905,7913151.86
2020-07-09,1596.984,1681.906,1594.256,1666.85,9680794.36
2020-07-10,1653.505,1682.619,1633.183,1654.826,7818090.11
2020-07-13,1647.183,1721.976,1640.984,1721.976,8097677.94
2020-07-14,1714.871,1726.193,1647.642,1701.582,9448435.48
2020-07-15,1702.581,1707.633,1611.911,1612.035,10008757.26
2020-07-16,1606.435,1612.328,1460.64,1469.798,13819920.26
2020-07-17,1475.464,1495.914,1425.642,1443.397,8965055.76
2020-07-20,1459.784,1463.707,1388.277,1459.034,9053350.01
2020-07-21,1456.487,1499.854,1454.588,1490.171,7598157.0
2020-07-22,1474.015,1519.122,1468.112,1497.231,9910810.97
2020-07-23,1487.2,1512.47,1459.73,1494.14,8947755.0
2020-07-24,1467.1,1474.46,1389.31,1389.31,10254387.0
2020-07-27,1396.49,1403.11,1361.98,1374.52,6206763.0
2020-07-28,1385.79,1404.9,1383.28,1400.54,5444707.0
2020-07-29,1400.92,1476.92,1395.97,1476.92,7326990.0
2020-07-30,1484.43,1496.27,1467.8,1472.79,7402878.0
2020-07-31,1469.1,1513.76,1467.78,1512.98,8554323.0
2020-08-03,1533.23,1622.81,1533.23,1622.81,9665389.0
2020-08-04,1620.79,1628.14,1555.9,1566.06,7827533.0
2020-08-05,1592.39,1597.47,1556.68,1588.62,7167247.0
2020-08-06,1582.47,1589.75,1552.54,1573.87,6986209.0
2020-08-07,1561.86,1568.56,1492.25,1526.8,7357510.0
2020-08-10,1520.1,1555.68,1507.27,1535.6,6018437.0
2020-08-11,1531.6,1539.84,1490.83,1491.84,5771384.0
2020-08-12,1485.56,1488.88,1422.73,1458.64,6336105.0
2020-08-13,1465.6,1482.63,1453.38,1468.23,4944971.0
2020-08-14,1466.8,1486.4,1453.74,1484.04,4313049.0
2020-08-17,1486.81,1501.25,1471.92,1496.4,7506811.0
2020-08-18,1496.42,1512.76,1492.96,1512.51,7946743.0
2020-08-19,1516.98,1517.89,1470.34,1472.02,8016528.0
2020-08-20,1460.03,1473.05,1438.46,1442.58,6154748.0
2020-08-21,1447.8,1467.98,1443.52,1447.71,5215102.0
2020-08-24,1453.49,1457.58,1421.89,1450.67,5606668.0
2020-08-25,1449.54,1462.9,1424.42,1427.7,5269909.0
2020-08-26,1422.0,1430.79,1377.21,1383.31,6544953.0
2020-08-27,1389.94,1429.96,1380.13,1417.56,6056520.0
2020-08-28,1415.65,1416.82,1393.85,1413.64,5652897.0
2020-08-31,1417.66,1441.46,1417.66,1423.24,5475692.0
2020-09-01,1424.43,1435.65,1419.6,1426.65,4431871.0
2020-09-02,1430.87,1434.92,1411.84,1422.95,4919830.0
2020-09-03,1422.42,1423.89,1396.11,1402.14,5304861.0
2020-09-04,1377.39,1396.0,1371.16,1390.28,4909810.0
2020-09-07,1387.49,1394.9,1349.77,1356.7,6207608.0
2020-09-08,1356.82,1363.28,1328.92,1344.61,4448545.0
2020-09-09,1331.43,1332.07,1289.35,1298.08,6252185.0
2020-09-10,1309.32,1321.06,1276.5,1280.19,4750599.0
2020-09-11,1279.84,1313.85,1272.84,1312.51,4036201.0
2020-09-14,1334.98,1372.83,1334.98,1348.07,4373248.0
2020-09-15,1348.79,1372.44,1334.82,1364.6,4109504.0
2020-09-16,1363.32,1364.42,1341.68,1349.67,4133686.0
2020-09-17,1347.45,1393.85,1335.03,1383.59,8406254.0
2020-09-18,1386.38,1403.92,1379.92,1403.9,6376210.0
2020-09-21,1407.07,1411.5,1390.9,1397.75,5173416.0
2020-09-22,1389.78,1403.26,1379.01,1390.09,5571567.0
2020-09-23,1401.37,1440.64,1400.28,1423.9,6208908.0
2020-09-24,1412.16,1416.38,1392.01,1394.93,5031487.0
2020-09-25,1399.39,1402.68,1360.55,1364.02,3824131.0
2020-09-28,1367.46,1369.04,1335.99,1338.95,4523227.0
2020-09-29,1345.99,1403.43,1345.99,1389.96,4293616.0
2020-09-30,1394.86,1431.88,1393.91,1418.8,3985063.0
2020-10-09,1446.52,1467.98,1446.52,1465.96,4921015.0
2020-10-12,1475.26,1491.61,1469.65,1490.58,6598166.0
2020-10-13,1491.85,1498.83,1485.13,1497.6,5095454.0
2020-10-14,1495.34,1498.0,1481.12,1488.67,4673418.0
2020-10-15,1489.38,1493.0,1451.88,1453.79,4520312.0
2020-10-16,1457.15,1461.83,1429.08,1438.53,3777447.0
2020-10-19,1444.84,1446.49,1411.27,1412.15,4009461.0
2020-10-20,1413.87,1428.08,1402.71,1426.18,3879556.0
2020-10-21,1427.24,1429.45,1396.12,1396.98,3849928.0
2020-10-22,1395.13,1395.13,1373.51,1376.58,3329097.0
2020-10-23,1380.37,1389.52,1336.37,1336.53,3775379.0
2020-10-26,1332.68,1364.97,1313.45,1356.11,3074009.0
2020-10-27,1359.18,1386.8,1354.81,1385.75,3147773.0
2020-10-28,1396.56,1413.66,1392.07,1406.07,4166346.0
2020-10-29,1394.28,1418.41,1387.38,1412.06,4612046.0
2020-10-30,1413.51,1430.12,1393.91,1393.91,6123725.0
2020-11-02,1402.08,1406.94,1370.9,1400.91,5250701.0
2020-11-03,1403.64,1451.63,1402.26,1449.01,5020761.0
2020-11-04,1454.73,1462.67,1443.42,1458.9,4180001.0
2020-11-05,1477.61,1479.47,1453.72,1475.38,4796505.0
2020-11-06,1477.53,1477.53,1429.12,1441.47,4453441.0
2020-11-09,1446.47,1491.52,1442.62,1485.15,7796951.0
2020-11-10,1483.66,1483.66,1438.59,1441.97,5811330.0
2020-11-11,1440.78,1441.0,1393.73,1395.51,5615446.0
2020-11-12,1404.81,1421.74,1404.57,1413.29,4220596.0
2020-11-13,1406.68,1441.01,1401.46,1436.89,4160211.0
2020-11-16,1520.27,1520.27,1444.39,1446.95,4716782.0
2020-11-17,1455.23,1455.23,1425.26,1430.81,4858681.0
2020-11-18,1431.66,1441.22,1418.36,1419.23,5021121.0
2020-11-19,1415.64,1436.49,1408.22,1435.92,4496034.0
2020-11-20,1433.95,1442.31,1427.31,1430.72,4702930.0
2020-11-23,1429.39,1429.39,1412.02,1418.1,4743939.0
2020-11-24,1412.02,1420.34,1409.4,1412.75,4864347.0
2020-11-25,1414.19,1414.51,1387.56,1388.36,4652580.0
2020-11-26,1386.21,1398.57,1380.13,1385.31,3800503.0
2020-11-27,1386.65,1398.14,1380.64,1387.77,3723177.0
2020-11-30,1392.95,1397.01,1380.22,1385.48,4183574.0
2020-12-01,1386.58,1408.04,1381.96,1404.24,3731742.0
2020-12-02,1408.67,1419.11,1403.73,1408.49,5738486.0
2020-12-03,1410.44,1418.12,1398.1,1410.83,4585012.0
2020-12-04,1409.59,1410.93,1401.53,1404.87,4178597.0
2020-12-07,1410.5,1417.78,1403.42,1406.19,4758978.0
2020-12-08,1405.72,1408.79,1397.55,1398.73,4279576.0
2020-12-09,1400.57,1404.23,1364.2,1365.04,4783357.0
2020-12-10,1363.0,1370.83,1355.88,1360.18,5043398.0
2020-12-11,1362.34,1365.43,1345.32,1362.96,6665413.0
2020-12-14,1361.61,1380.05,1353.9,1375.06,4584335.0
2020-12-15,1373.96,1379.77,1357.36,1363.18,4713483.0
2020-12-16,1357.22,1357.22,1339.96,1345.13,5560614.0
2020-12-17,1343.28,1364.88,1339.9,1363.36,4798301.0
2020-12-18,1381.48,1381.48,1357.77,1361.11,4663221.0
2020-12-21,1359.69,1390.59,1355.93,1388.67,5212184.0
2020-12-22,1383.29,1390.99,1355.97,1358.62,5162246.0
2020-12-23,1359.73,1378.61,1355.25,1376.6,5196093.0
2020-12-24,1378.38,1384.31,1347.8,1348.01,5764382.0
2020-12-25,1348.47,1357.65,1340.79,1349.79,4981681.0
2020-12-28,1345.3,1349.35,1335.25,1339.01,5208984.0
2020-12-29,1338.24,1353.06,1336.09,1337.47,4819255.0
2020-12-30,1336.72,1367.76,1335.21,1362.91,5200486.0
2020-12-31,1370.44,1394.74,1368.47,1393.03,5460861.0
2021-01-04,1398.96,1425.7,1389.59,1422.12,5855451.0
2021-01-05,1413.18,1427.12,1409.54,1425.16,6097512.0
2021-01-06,1430.07,1434.19,1408.06,1415.02,6071455.0
2021-01-07,1414.9,1417.43,1370.19,1381.94,6633573.0
2021-01-08,1382.15,1385.12,1366.18,1378.74,5424099.0
2021-01-11,1385.35,1407.91,1378.12,1390.66,5762420.0
2021-01-12,1389.47,1408.42,1379.8,1405.22,4511353.0
2021-01-13,1412.07,1416.66,1389.77,1407.41,5709620.0
2021-01-14,1406.05,1478.75,1399.56,1447.27,7542993.0
2021-01-15,1450.86,1465.69,1431.45,1447.58,6054884.0
2021-01-18,1443.82,1496.37,1437.02,1481.25,6290347.0
2021-01-19,1485.46,1489.22,1441.62,1443.92,5731520.0
2021-01-20,1450.72,1482.11,1444.74,1481.45,4920432.0
2021-01-21,1485.65,1492.95,1465.89,1482.28,5260490.0
2021-01-22,1482.65,1487.61,1456.02,1486.31,5801637.0
2021-01-25,1481.74,1513.73,1471.18,1498.6,6035836.0
2021-01-26,1498.0,1509.41,1471.31,1478.45,4841190.0
2021-01-27,1481.49,1489.76,1441.18,1458.37,4527917.0
2021-01-28,1441.4,1461.84,1418.94,1421.59,4281555.0
2021-01-29,1435.28,1440.25,1400.67,1421.96,4920399.0
2021-02-01,1419.18,1439.04,1412.16,1421.48,4623272.0
2021-02-02,1419.71,1438.09,1414.36,1438.06,4469188.0
2021-02-03,1436.0,1443.98,1410.15,1410.15,5084930.0
2021-02-04,1402.09,1412.71,1367.71,1394.1,4842044.0
2021-02-05,1396.12,1407.32,1368.65,1368.8,4227634.0
2021-02-08,1371.75,1395.14,1367.33,1382.48,3771755.0
2021-02-09,1389.07,1434.87,1383.86,1427.68,3905478.0
2021-02-10,1424.77,1440.21,1407.64,1437.02,4082148.0
2021-02-18,1457.8,1465.68,1429.09,1429.74,4797954.0
2021-02-19,1426.1,1430.72,1404.15,1427.91,4339918.0
2021-02-22,1431.56,1436.8,1388.52,1389.92,5450826.0
2021-02-23,1371.63,1401.51,1370.91,1390.53,4358750.0
2021-02-24,1393.72,1398.33,1358.41,1365.64,4513936.0
2021-02-25,1373.84,1375.61,1349.71,1349.71,4900397.0
2021-02-26,1319.89,1344.15,1319.65,1325.59,4743338.0
2021-03-01,1339.99,1359.72,1337.19,1358.14,4967721.0
2021-03-02,1373.03,1373.66,1342.9,1352.04,5245032.0
2021-03-03,1350.01,1359.79,1340.32,1359.4,4491709.0
2021-03-04,1358.28,1362.99,1322.34,1324.16,5243798.0
2021-03-05,1307.06,1338.83,1305.92,1329.84,3836834.0
2021-03-08,1337.02,1340.42,1275.46,1275.46,4922588.0
2021-03-09,1275.32,1278.32,1227.18,1230.14,5040233.0
2021-03-10,1251.18,1258.88,1227.42,1232.74,3711132.0
2021-03-11,1241.1,1273.96,1227.33,1267.3,3855338.0
2021-03-12,1268.44,1269.21,1251.2,1261.32,3716221.0
2021-03-15,1254.68,1254.68,1213.43,1223.39,3478461.0
2021-03-16,1223.8,1231.99,1212.34,1220.37,3304112.0
2021-03-17,1220.45,1237.91,1213.35,1236.54,3172300.0
2021-03-18,1241.56,1251.56,1237.62,1241.31,3572963.0
2021-03-19,1226.41,1242.13,1221.42,1231.29,3970796.0
2021-03-22,1229.47,1247.49,1227.84,1242.76,3570030.0
2021-03-23,1246.36,1257.38,1232.26,1236.47,4327683.0
2021-03-24,1228.61,1244.45,1219.51,1221.45,3866384.0
2021-03-25,1212.83,1231.96,1212.38,1219.71,3365032.0
2021-03-26,1224.64,1258.16,1224.64,1256.66,3534232.0
2021-03-29,1262.29,1263.44,1248.33,1250.77,3478752.0
2021-03-30,1250.28,1259.28,1245.01,1248.34,3490176.0
2021-03-31,1248.16,1253.79,1236.26,1248.33,3552431.0
2021-04-01,1251.0,1269.88,1248.96,1266.75,4255372.0
2021-04-02,1276.03,1302.62,1274.38,1299.92,5421746.0
2021-04-06,1304.64,1309.95,1291.92,1296.62,4364205.0
2021-04-07,1296.82,1300.77,1283.16,1298.78,4135531.0
2021-04-08,1293.64,1305.43,1287.01,1291.86,4764705.0
2021-04-09,1290.31,1296.86,1269.92,1271.44,4141692.0
2021-04-12,1269.02,1280.08,1240.44,1243.5,4406542.0
2021-04-13,1242.76,1259.04,1239.46,1241.4,3849525.0
2021-04-14,1243.24,1258.17,1243.24,1254.71,3526558.0
2021-04-15,1250.36,1266.58,1245.18,1264.16,3525387.0
2021-04-16,1265.15,1279.29,1255.84,1274.7,4652616.0
2021-04-19,1273.08,1300.54,1268.99,1299.01,6874662.0
2021-04-20,1295.61,1304.76,1290.02,1290.5,6992433.0
2021-04-21,1285.31,1291.53,1275.61,1286.86,5194641.0
2021-04-22,1288.58,1308.34,1288.58,1305.18,4982010.0
2021-04-23,1303.29,1318.3,1300.1,1311.83,4761955.0
2021-04-26,1315.51,1335.47,1313.06,1314.91,6231161.0
2021-04-27,1310.66,1316.2,1297.27,1311.91,5052354.0
2021-04-28,1318.55,1326.01,1304.33,1324.24,5728293.0
2021-04-29,1320.89,1337.85,1312.94,1324.05,5513658.0
2021-04-30,1319.01,1327.37,1313.83,1322.24,6061533.0
2021-05-06,1321.21,1322.68,1298.91,1310.13,4730640.0
2021-05-07,1311.66,1315.75,1263.69,1263.9,4847937.0
2021-05-10,1262.48,1265.8,1249.49,1254.49,4379785.0
2021-05-11,1243.81,1260.82,1240.2,1258.11,4367330.0
2021-05-12,1254.74,1273.69,1251.81,1270.91,4739303.0
2021-05-13,1257.87,1287.92,1257.87,1275.48,5027245.0
2021-05-14,1277.97,1301.37,1273.96,1300.54,5060970.0
2021-05-17,1303.08,1338.29,1301.06,1328.92,5946864.0
2021-05-18,1330.47,1332.32,1316.38,1321.64,5422690.0
2021-05-19,1320.68,1335.25,1318.16,1326.14,7668543.0
2021-05-20,1322.05,1339.97,1321.04,1329.79,6869658.0
2021-05-21,1334.6,1341.28,1314.4,1315.21,6261344.0
2021-05-24,1314.79,1333.42,1304.64,1330.87,5612988.0
2021-05-25,1329.68,1371.59,1329.68,1370.12,6243466.0
2021-05-26,1371.78,1375.81,1360.59,1364.04,6150436.0
2021-05-27,1362.95,1400.38,1361.01,1397.77,8323018.0
2021-05-28,1395.43,1414.61,1381.45,1386.04,21565099.0
2021-05-31,1398.19,1442.67,1398.19,1442.67,16376296.0
2021-06-01,1437.32,1467.94,1432.97,1460.54,15904982.0
2021-06-02,1461.74,1465.16,1423.45,1426.85,14395871.0
2021-06-03,1425.8,1438.64,1410.12,1414.53,11441596.0
2021-06-04,1406.31,1445.14,1405.51,1431.52,10000221.0
2021-06-07,1443.86,1451.39,1425.11,1433.57,10420182.0
2021-06-08,1443.74,1446.38,1411.23,1419.08,9490826.0
2021-06-09,1420.31,1442.16,1417.77,1427.32,8264218.0
2021-06-10,1427.87,1455.83,1426.49,1450.4,10102674.0
2021-06-11,1453.6,1455.66,1433.06,1436.28,10683273.0
2021-06-15,1442.09,1467.47,1435.05,1448.2,10071064.0
2021-06-16,1452.95,1454.92,1404.69,1406.47,8539387.0
2021-06-17,1409.05,1477.05,1409.05,1473.51,11908654.0
2021-06-18,1475.21,1499.82,1474.68,1494.7,10061074.0
2021-06-21,1485.66,1529.28,1482.49,1528.13,10219505.0
2021-06-22,1531.52,1534.43,1506.31,1523.36,19707938.0
2021-06-23,1530.64,1551.92,1516.69,1534.3,16034833.0
2021-06-24,1531.24,1537.58,1496.94,1504.81,14070093.0
2021-06-25,1505.29,1536.5,1502.89,1534.85,10854452.0
2021-06-28,1538.02,1579.22,1536.71,1562.98,10952572.0
2021-06-29,1567.88,1576.87,1546.68,1562.08,10390392.0
2021-06-30,1564.32,1603.35,1558.96,1588.22,11534991.0
2021-07-01,1587.53,1594.11,1569.9,1579.8,10411769.0
2021-07-02,1563.83,1564.88,1527.2,1538.16,9514212.0
2021-07-05,1545.68,1581.07,1545.68,1575.89,9806062.0
2021-07-06,1580.28,1584.69,1510.71,1532.79,11070754.0
2021-07-07,1523.83,1573.15,1519.41,1570.03,10339861.0
2021-07-08,1577.5,1616.7,1577.41,1610.77,11734788.0
2021-07-09,1598.28,1602.0,1556.58,1583.71,10147818.0
2021-07-12,1593.57,1611.6,1576.72,1601.61,10538463.0
2021-07-13,1602.12,1621.71,1573.78,1590.98,11111536.0
2021-07-14,1579.03,1585.6,1556.69,1556.72,9198546.0
2021-07-15,1549.28,1567.27,1536.9,1560.7,9376894.0
2021-07-16,1568.17,1569.25,1523.64,1525.23,9509712.0
2021-07-19,1514.83,1530.59,1503.11,1514.18,8526475.0
2021-07-20,1505.08,1529.27,1501.92,1522.63,7907029.0
2021-07-21,1528.6,1576.77,1527.6,1565.64,9164912.0
2021-07-22,1570.49,1584.32,1549.45,1582.13,12357063.0
2021-07-23,1593.31,1593.7,1548.39,1563.49,11488401.0
2021-07-26,1559.84,1566.68,1496.65,1556.98,12628435.0
2021-07-27,1556.93,1627.85,1541.36,1545.29,18598248.0
2021-07-28,1532.42,1555.25,1476.59,1518.7,13614854.0
2021-07-29,1554.13,1598.34,1545.11,1588.47,12811655.0
2021-07-30,1582.58,1608.96,1570.45,1591.22,15280930.0
2021-08-02,1594.03,1619.36,1572.11,1599.47,15124102.0
2021-08-03,1586.35,1593.03,1558.1,1564.19,13659596.0
2021-08-04,1566.45,1608.5,1564.46,1605.89,12551651.0
2021-08-05,1606.65,1616.05,1584.31,1604.81,12622179.0
2021-08-06,1630.3,1639.19,1575.42,1586.67,12602316.0
2021-08-09,1567.44,1582.92,1548.69,1574.44,10713509.0
2021-08-10,1574.01,1592.83,1569.28,1588.19,11203302.0
2021-08-11,1589.43,1593.15,1564.97,1578.79,13221209.0
2021-08-12,1572.15,1604.73,1570.35,1586.5,12889128.0
2021-08-13,1580.12,1588.23,1549.68,1552.78,12574406.0
2021-08-16,1547.39,1566.0,1535.35,1547.93,10953033.0
2021-08-17,1544.4,1555.45,1506.72,1509.25,10909613.0
2021-08-18,1514.46,1530.24,1501.18,1507.99,10366160.0
2021-08-19,1509.72,1553.16,1508.17,1546.11,9872179.0
2021-08-20,1537.91,1557.11,1514.07,1529.09,10376035.0
2021-08-23,1534.39,1568.84,1524.2,1564.11,11546176.0
2021-08-24,1567.7,1586.52,1550.88,1578.03,11717098.0
2021-08-25,1573.74,1574.4,1535.09,1542.78,10847549.0
2021-08-26,1546.32,1555.04,1494.89,1497.34,10721530.0
2021-08-27,1491.34,1506.65,1476.56,1480.31,10400805.0
2021-08-30,1487.9,1508.78,1463.4,1471.45,11875582.0
2021-08-31,1463.13,1463.56,1423.51,1441.17,10729866.0
2021-09-01,1437.26,1438.38,1400.16,1424.66,12748492.0
2021-09-02,1416.16,1424.17,1395.51,1399.48,11488714.0
2021-09-03,1399.47,1415.24,1382.64,1400.89,11395644.0
2021-09-06,1398.24,1441.71,1393.54,1439.0,9785658.0
2021-09-07,1435.73,1443.34,1426.03,1438.57,9452685.0
2021-09-08,1439.66,1439.66,1408.72,1412.72,9905056.0
2021-09-09,1414.07,1425.28,1393.61,1402.19,9410267.0
2021-09-10,1398.33,1431.71,1392.21,1426.81,10523019.0
2021-09-13,1426.54,1426.76,1384.02,1384.43,9265900.0
2021-09-14,1384.28,1414.09,1383.41,1396.67,9748823.0
2021-09-15,1395.61,1395.99,1378.95,1384.52,7924336.0
2021-09-16,1378.18,1380.16,1347.9,1351.43,9126226.0
2021-09-17,1349.34,1360.91,1332.1,1349.68,8729839.0
2021-09-22,1338.01,1361.21,1335.5,1355.28,7818997.0
2021-09-23,1359.67,1376.57,1354.21,1363.79,7350698.0
2021-09-24,1362.98,1390.5,1359.85,1375.0,7169070.0
2021-09-27,1386.52,1397.18,1354.2,1368.69,8402437.0
2021-09-28,1362.33,1379.59,1350.79,1354.1,5858258.0
2021-09-29,1344.89,1356.64,1336.51,1345.77,6903713.0
2021-09-30,1348.65,1371.49,1348.65,1368.72,5485896.0
2021-10-08,1378.53,1388.02,1361.04,1364.46,5502787.0
2021-10-11,1367.21,1377.31,1348.05,1349.77,5145543.0
2021-10-12,1348.22,1355.92,1312.44,1319.39,5915764.0
2021-10-13,1322.89,1349.17,1322.89,1344.76,5223684.0
2021-10-14,1346.99,1356.21,1339.56,1347.27,5616097.0
2021-10-15,1349.4,1367.23,1341.75,1363.16,6729274.0
2021-10-18,1366.55,1366.55,1338.89,1352.57,6536446.0
2021-10-19,1355.07,1369.16,1352.01,1366.79,6254979.0
2021-10-20,1370.21,1381.06,1363.65,1373.59,7260010.0
2021-10-21,1374.65,1379.19,1355.93,1362.4,6545723.0
2021-10-22,1367.06,1379.19,1359.27,1368.14,6723731.0
2021-10-25,1366.21,1381.24,1359.63,1380.31,7034967.0
2021-10-26,1379.79,1389.48,1372.66,1376.13,7720807.0
2021-10-27,1371.79,1374.36,1354.3,1361.82,8823225.0
2021-10-28,1359.07,1371.17,1354.72,1356.37,8884098.0
2021-10-29,1363.25,1398.42,1355.37,1396.2,8218328.0
2021-11-01,1398.59,1415.58,1392.4,1404.21,9112094.0
2021-11-02,1405.87,1423.93,1395.7,1405.64,9807672.0
2021-11-03,1408.2,1416.47,1386.4,1399.55,7383885.0
2021-11-04,1404.66,1420.33,1404.66,1410.74,8411022.0
2021-11-05,1416.24,1418.88,1396.03,1396.74,9115940.0
2021-11-08,1398.57,1401.05,1381.62,1400.8,8082439.0
2021-11-09,1404.89,1422.9,1397.82,1420.51,8749737.0
2021-11-10,1417.66,1423.31,1398.88,1420.45,8704593.0
2021-11-11,1418.48,1443.6,1416.18,1437.15,10200216.0
2021-11-12,1432.71,1444.41,1425.58,1440.16,10727916.0
2021-11-15,1441.41,1448.03,1429.32,1432.6,11415896.0
2021-11-16,1428.48,1438.61,1418.2,1421.27,10301429.0
2021-11-17,1420.99,1438.8,1414.12,1436.16,9775222.0
2021-11-18,1433.51,1433.64,1417.17,1423.97,10239622.0
2021-11-19,1424.76,1447.19,1424.76,1444.78,9380937.0
2021-11-22,1449.45,1483.48,1449.38,1479.99,11213782.0
2021-11-23,1477.67,1485.8,1473.55,1476.25,10579714.0
2021-11-24,1477.96,1489.71,1471.62,1472.22,10066693.0
2021-11-25,1472.64,1477.74,1465.64,1468.07,9806109.0
2021-11-26,1466.36,1470.53,1450.93,1459.93,9106979.0
2021-11-29,1448.5,1474.44,1444.3,1471.23,10436432.0
2021-11-30,1477.8,1479.93,1463.15,1475.71,10256269.0
2021-12-01,1473.52,1479.09,1452.75,1456.48,8961384.0
2021-12-02,1454.74,1458.08,1427.98,1429.5,9043364.0
2021-12-03,1432.23,1444.99,1431.59,1444.83,8489747.0
2021-12-06,1444.93,1445.16,1405.51,1405.77,9235243.0
2021-12-07,1413.0,1415.05,1380.51,1389.44,8730994.0
2021-12-08,1394.99,1416.69,1394.99,1415.37,7151266.0
2021-12-09,1417.34,1438.49,1410.15,1434.52,8145978.0
2021-12-10,1431.85,1442.62,1425.0,1435.7,10303018.0
2021-12-13,1439.19,1450.83,1434.15,1445.71,8536485.0
2021-12-14,1445.05,1451.68,1435.89,1439.47,7914952.0
2021-12-15,1439.12,1443.55,1424.77,1424.9,8234987.0
2021-12-16,1425.53,1436.06,1419.7,1425.93,7414006.0
2021-12-17,1426.79,1430.39,1395.64,1399.06,8054162.0
2021-12-20,1389.18,1401.34,1363.11,1363.96,7751401.0
2021-12-21,1366.27,1378.49,1363.97,1374.65,6785367.0
2021-12-22,1378.31,1386.24,1373.53,1375.03,7598660.0
2021-12-23,1375.83,1380.15,1366.99,1375.97,7016695.0
2021-12-24,1375.18,1378.3,1353.65,1358.73,7635981.0
2021-12-27,1356.41,1369.21,1349.11,1355.64,6350202.0
2021-12-28,1355.65,1370.31,1355.65,1369.62,6636276.0
2021-12-29,1370.49,1370.49,1352.0,1356.21,6304036.0
2021-12-30,1355.97,1381.44,1355.41,1375.56,7816841.0
2021-12-31,1384.28,1399.75,1383.84,1398.19,7840208.0
2022-01-04,1403.39,1405.51,1361.43,1364.99,9302562.0
2022-01-05,1364.01,1365.77,1328.29,1333.33,9000497.0
2022-01-06,1327.7,1331.43,1309.9,1320.94,7953740.0
2022-01-07,1322.89,1331.91,1305.14,1305.49,9117416.0
2022-01-10,1306.6,1323.15,1291.41,1318.27,8517367.0
2022-01-11,1317.92,1317.93,1291.51,1294.4,8035785.0
2022-01-12,1298.62,1317.52,1298.62,1316.35,8890363.0
2022-01-13,1319.19,1319.19,1294.65,1294.65,8251106.0
2022-01-14,1289.38,1316.33,1288.85,1312.29,9975888.0
2022-01-17,1317.39,1341.17,1313.62,1338.32,10462288.0
2022-01-18,1340.41,1362.48,1328.4,1342.36,11182558.0
2022-01-19,1340.71,1343.3,1318.31,1324.09,8753067.0
2022-01-20,1326.64,1329.81,1304.69,1306.02,9122820.0
2022-01-21,1304.16,1308.44,1288.78,1290.41,8648363.0
2022-01-24,1286.14,1311.51,1285.04,1307.74,7030921.0
2022-01-25,1303.93,1311.73,1276.2,1277.0,8234706.0
2022-01-26,1281.51,1289.41,1261.95,1276.36,15139954.0
2022-01-27,1274.63,1280.25,1239.49,1240.55,11187482.0
2022-01-28,1253.94,1255.19,1229.22,1229.22,9061238.0
2022-02-07,1247.58,1263.97,1230.7,1233.62,8199670.0
2022-02-08,1233.66,1233.66,1191.49,1204.05,8219262.0
2022-02-09,1204.24,1212.45,1195.09,1210.29,8613441.0
2022-02-10,1214.98,1215.28,1182.4,1188.2,9020558.0
2022-02-11,1182.87,1188.52,1168.9,1169.59,8975096.0
2022-02-14,1161.84,1179.89,1148.7,1169.44,6205633.0
2022-02-15,1172.77,1204.34,1171.68,1203.12,7440951.0
2022-02-16,1210.42,1211.55,1195.97,1197.56,7084265.0
2022-02-17,1196.6,1217.47,1191.45,1207.82,7402910.0
2022-02-18,1200.34,1206.01,1195.24,1204.37,6396948.0
2022-02-21,1207.15,1212.49,1191.84,1193.6,7576727.0
2022-02-22,1184.84,1186.78,1168.57,1183.98,7696765.0
2022-02-23,1182.42,1233.44,1181.4,1231.08,9068585.0
2022-02-24,1226.95,1240.35,1199.07,1214.99,11331530.0
2022-02-25,1231.54,1253.46,1230.61,1240.88,8620741.0
2022-02-28,1243.98,1249.59,1230.65,1249.59,9812227.0
2022-03-01,1254.57,1259.68,1232.09,1239.02,8568308.0
2022-03-02,1233.1,1233.92,1216.47,1230.28,7208667.0
2022-03-03,1235.96,1237.2,1208.82,1209.82,7620905.0
2022-03-04,1201.12,1228.19,1197.83,1203.09,7767776.0
2022-03-07,1198.01,1198.01,1164.98,1169.98,8184385.0
2022-03-08,1167.59,1179.2,1135.52,1137.07,9672312.0
2022-03-09,1148.18,1156.4,1097.07,1129.65,10917419.0
2022-03-10,1161.99,1168.14,1149.42,1153.36,10228939.0
2022-03-11,1137.61,1162.6,1125.34,1161.21,10553236.0
2022-03-14,1151.97,1154.7,1126.26,1126.28,8923501.0
2022-03-15,1115.19,1142.81,1093.43,1093.43,10622022.0
2022-03-16,1115.84,1128.12,1070.77,1125.48,11589989.0
2022-03-17,1144.98,1163.51,1138.01,1142.71,11980371.0
2022-03-18,1136.98,1144.32,1124.85,1144.32,8593988.0
2022-03-21,1143.55,1160.71,1137.81,1152.33,9242880.0
2022-03-22,1145.08,1149.47,1131.88,1134.32,10100149.0
2022-03-23,1138.73,1150.2,1130.22,1144.09,8990593.0
2022-03-24,1135.85,1141.76,1121.64,1134.57,8134171.0
2022-03-25,1137.8,1140.92,1106.36,1106.86,7338739.0
2022-03-28,1097.87,1101.33,1085.27,1090.73,6734435.0
2022-03-29,1097.36,1099.24,1078.34,1079.93,6966104.0
2022-03-30,1084.76,1112.63,1084.76,1112.52,7382173.0
2022-03-31,1109.55,1109.55,1086.99,1091.06,7493790.0
2022-04-01,1085.31,1095.46,1074.79,1089.19,6563324.0
2022-04-06,1087.76,1087.76,1054.7,1058.49,7593340.0
2022-04-07,1050.43,1059.36,1036.07,1036.07,7199422.0
2022-04-08,1032.84,1039.1,1017.18,1027.24,7185175.0
2022-04-11,1022.91,1022.91,985.59,988.76,7376606.0
2022-04-12,987.45,994.83,970.05,994.44,6643485.0
2022-04-13,989.66,989.66,964.83,964.83,5728478.0
2022-04-14,972.24,982.7,961.54,975.57,6624018.0
2022-04-15,968.91,980.15,955.77,973.36,6724774.0
2022-04-18,969.06,1005.89,964.49,1004.61,7087611.0
2022-04-19,1002.98,1010.58,987.77,989.93,6158754.0
2022-04-20,988.75,992.47,973.05,973.51,6078594.0
2022-04-21,968.48,989.25,954.84,957.72,6865450.0
2022-04-22,953.64,959.73,940.26,942.07,6360020.0
2022-04-25,924.96,924.96,884.3,884.3,9136037.0
2022-04-26,884.18,901.76,865.65,868.07,8059534.0
2022-04-27,857.38,910.07,853.21,906.43,9287122.0
2022-04-28,899.66,908.45,885.25,903.06,8793258.0
2022-04-29,910.14,949.06,902.58,947.15,9738874.0
2022-05-05,944.55,967.25,944.06,956.13,8590368.0
2022-05-06,933.01,960.04,929.82,942.23,7183487.0
2022-05-09,938.39,953.6,937.43,946.72,6765286.0
2022-05-10,935.06,983.68,931.58,972.14,8374513.0
2022-05-11,974.54,1026.49,972.86,1002.46,10648066.0
2022-05-12,999.54,1021.96,996.47,1013.06,8131937.0
2022-05-13,1020.39,1021.37,1002.27,1010.8,6622283.0
2022-05-16,1016.94,1025.6,995.25,996.51,7612821.0
2022-05-17,995.97,1013.95,993.38,1010.37,7342573.0
2022-05-18,1011.53,1023.93,1007.57,1014.0,6720129.0
2022-05-19,1002.66,1036.67,999.4,1036.34,7902840.0
2022-05-20,1045.69,1049.04,1028.95,1045.38,8060715.0
2022-05-23,1044.18,1050.06,1033.79,1046.15,7552498.0
2022-05-24,1045.01,1045.03,996.65,996.65,9146504.0
2022-05-25,996.75,1008.58,991.97,1006.52,6407957.0
2022-05-26,1006.1,1014.85,986.42,1004.26,6793010.0
2022-05-27,1008.06,1015.46,988.21,993.7,6835761.0
2022-05-30,995.96,1007.12,984.28,1001.54,7110602.0
2022-05-31,1004.08,1035.32,991.75,1035.32,12296032.0
2022-06-01,1029.09,1038.7,1024.76,1031.58,13257484.0
2022-06-02,1028.69,1081.92,1023.99,1079.85,19161110.0
2022-06-06,1084.66,1130.76,1081.45,1121.54,22940399.0
2022-06-07,1124.16,1124.52,1104.43,1111.4,16527788.0
2022-06-08,1108.59,1126.46,1091.68,1111.67,15056600.0
2022-06-09,1108.93,1109.73,1073.66,1081.17,11377633.0
2022-06-10,1074.07,1103.15,1072.18,1102.85,12923596.0
2022-06-13,1088.76,1094.79,1080.39,1088.38,11242662.0
2022-06-14,1073.75,1076.82,1039.0,1070.54,11274084.0
2022-06-15,1069.94,1085.88,1061.46,1062.71,11204511.0
2022-06-16,1065.69,1094.7,1065.44,1078.95,10129777.0
2022-06-17,1070.62,1094.27,1066.17,1092.09,10617344.0
2022-06-20,1099.46,1109.74,1086.75,1095.33,10970631.0
2022-06-21,1094.33,1098.9,1073.5,1083.02,10545015.0
2022-06-22,1084.71,1090.02,1063.59,1063.69,10786063.0
2022-06-23,1064.73,1083.1,1054.91,1081.84,11016481.0
2022-06-24,1084.61,1107.33,1084.61,1101.48,12574040.0
2022-06-27,1113.22,1121.45,1101.32,1103.4,11837409.0
2022-06-28,1105.11,1119.18,1084.59,1117.28,12493418.0
2022-06-29,1112.59,1121.24,1089.25,1090.68,13435015.0
2022-06-30,1092.46,1116.95,1090.5,1105.67,11699048.0
2022-07-01,1105.97,1107.86,1086.25,1089.03,11272489.0
2022-07-04,1087.34,1098.64,1073.04,1095.09,12158535.0
2022-07-05,1100.18,1106.99,1077.35,1090.93,10864734.0
2022-07-06,1092.7,1116.14,1091.41,1101.75,11098901.0
2022-07-07,1103.78,1113.73,1087.59,1111.67,10722936.0
2022-07-08,1117.18,1120.87,1100.55,1104.02,10217150.0
2022-07-11,1098.67,1098.67,1070.66,1081.16,9892558.0
2022-07-12,1081.9,1084.94,1049.21,1049.24,9916930.0
2022-07-13,1051.78,1061.41,1041.65,1052.79,8995422.0
2022-07-14,1052.43,1086.33,1049.65,1076.81,10386484.0
2022-07-15,1072.99,1093.82,1071.97,1072.26,10002371.0
2022-07-18,1075.71,1078.3,1053.35,1069.33,10702567.0
2022-07-19,1068.69,1073.06,1052.95,1061.85,10769581.0
2022-07-20,1066.2,1082.62,1066.2,1079.53,10869764.0
2022-07-21,1080.65,1109.54,1075.67,1091.41,11941082.0
2022-07-22,1099.62,1101.37,1076.35,1084.97,11345458.0
2022-07-25,1082.62,1095.69,1070.81,1073.76,10544993.0
2022-07-26,1072.54,1087.86,1066.13,1084.66,9935264.0
2022-07-27,1083.67,1098.37,1083.32,1095.7,10781892.0
2022-07-28,1102.44,1116.16,1094.66,1108.79,12965483.0
2022-07-29,1113.08,1113.32,1086.71,1088.91,11999335.0
2022-08-01,1081.62,1100.96,1068.19,1100.18,11774034.0
2022-08-02,1084.98,1107.24,1074.97,1094.91,14710583.0
2022-08-03,1099.44,1127.0,1090.61,1100.35,16086424.0
2022-08-04,1106.15,1119.5,1099.1,1110.92,12893393.0
2022-08-05,1115.02,1158.51,1112.92,1157.33,18170966.0
2022-08-08,1161.04,1161.04,1144.32,1152.58,16118744.0
2022-08-09,1152.91,1163.7,1141.34,1162.32,14508790.0
2022-08-10,1154.17,1170.52,1152.97,1156.16,14272798.0
2022-08-11,1163.54,1176.06,1150.98,1173.14,14374724.0
2022-08-12,1169.66,1174.4,1146.02,1146.19,14592381.0
2022-08-15,1145.02,1155.45,1138.06,1143.75,12172440.0
2022-08-16,1143.7,1154.43,1134.21,1137.3,12572219.0
2022-08-17,1136.8,1140.66,1127.89,1132.31,12724451.0
2022-08-18,1132.6,1148.38,1129.32,1146.63,15236276.0
2022-08-19,1146.33,1155.78,1108.16,1108.45,16589097.0
2022-08-22,1103.15,1111.4,1096.99,1107.28,13588642.0
2022-08-23,1109.25,1117.71,1105.68,1107.3,12444586.0
2022-08-24,1110.01,1112.75,1068.98,1068.98,14611786.0
2022-08-25,1071.98,1077.66,1044.77,1055.89,12317057.0
2022-08-26,1064.71,1069.26,1044.4,1045.99,11305675.0
2022-08-29,1032.04,1058.72,1029.89,1054.28,10769680.0
2022-08-30,1054.26,1064.76,1047.73,1050.28,9794386.0
2022-08-31,1048.4,1057.84,1023.47,1029.66,11907422.0
2022-09-01,1032.78,1041.92,1023.54,1025.66,10261082.0
2022-09-02,1027.47,1040.46,1022.58,1030.12,9911829.0
2022-09-05,1030.6,1034.95,1018.56,1024.39,10061240.0
2022-09-06,1025.86,1038.97,1016.65,1035.78,9997951.0
2022-09-07,1032.02,1065.17,1031.9,1049.58,10687587.0
2022-09-08,1050.32,1054.74,1040.05,1040.77,9081518.0
2022-09-09,1039.59,1042.11,1022.68,1033.78,8187492.0
2022-09-13,1034.5,1046.18,1028.77,1031.17,8362207.0
2022-09-14,1018.07,1033.45,1016.87,1031.3,8314302.0
2022-09-15,1035.76,1037.63,990.85,1000.08,11337668.0
2022-09-16,997.36,1018.72,997.36,998.52,9295366.0
2022-09-19,997.53,1003.15,970.87,975.55,9222551.0
2022-09-20,982.37,997.22,977.27,985.15,7670276.0
2022-09-21,980.62,983.8,968.71,970.39,8649923.0
2022-09-22,964.96,986.43,963.89,975.87,8075362.0
2022-09-23,975.58,984.11,956.11,960.94,9223295.0
2022-09-26,955.04,978.49,952.18,961.83,10879005.0
2022-09-27,963.49,976.45,959.2,976.45,10265123.0
2022-09-28,973.47,977.66,955.32,956.19,9450678.0
2022-09-29,962.45,970.11,955.61,961.47,8817168.0
2022-09-30,956.4,961.89,937.86,939.38,8064603.0
2022-10-10,933.02,934.96,895.2,897.34,9226559.0
2022-10-11,898.37,904.47,889.45,892.74,8002565.0
2022-10-12,890.29,926.19,871.45,924.91,10789074.0
2022-10-13,917.4,942.87,916.37,926.52,11210006.0
2022-10-14,936.42,961.5,925.93,954.92,13755285.0
2022-10-17,948.64,964.95,946.94,963.22,14404748.0
2022-10-18,964.97,968.13,952.99,960.0,13254453.0
2022-10-19,957.73,963.11,949.5,949.5,11824277.0
2022-10-20,944.16,976.71,938.33,963.95,13492214.0
2022-10-21,961.48,972.81,951.67,967.98,12339327.0
2022-10-24,967.56,989.65,960.62,969.49,13263780.0
2022-10-25,962.97,984.48,955.57,971.33,12032286.0
2022-10-26,972.45,1010.98,963.36,1003.25,14944917.0
2022-10-27,1008.71,1021.56,995.55,1004.91,15104565.0
2022-10-28,996.61,1015.42,989.23,993.72,14442282.0
2022-10-31,991.89,1022.23,991.89,1010.33,16546709.0
2022-11-01,1011.96,1029.64,1000.97,1024.52,15026220.0
2022-11-02,1020.07,1046.82,1017.99,1037.18,16917400.0
2022-11-03,1028.43,1055.12,1027.04,1048.07,14597022.0
2022-11-04,1048.89,1077.49,1048.89,1072.87,15534409.0
2022-11-07,1070.14,1080.79,1058.13,1061.35,15112128.0
2022-11-08,1061.71,1062.72,1040.87,1051.71,12506547.0
2022-11-09,1049.72,1053.14,1036.95,1037.53,11487172.0
2022-11-10,1033.13,1044.72,1021.11,1023.06,14736055.0
2022-11-11,1053.86,1059.76,1023.26,1023.26,17654333.0
2022-11-14,1021.41,1031.71,1012.67,1022.91,13552908.0
2022-11-15,1022.04,1054.36,1021.14,1052.04,15939905.0
2022-11-16,1052.41,1054.34,1034.2,1036.49,13316508.0
2022-11-17,1029.31,1041.75,1015.05,1041.67,13408446.0
2022-11-18,1039.85,1045.95,1030.74,1031.99,14299613.0
2022-11-21,1023.9,1032.95,1020.06,1032.47,12221752.0
2022-11-22,1029.5,1030.37,1015.14,1017.82,14199148.0
2022-11-23,1014.74,1021.91,994.5,1017.02,14127160.0
2022-11-24,1019.18,1024.24,1013.48,1015.36,11487495.0
2022-11-25,1012.8,1012.8,999.84,999.99,11343303.0
2022-11-28,983.59,997.9,980.76,992.81,11452162.0
2022-11-29,995.34,1003.61,988.07,1002.45,12619262.0
2022-11-30,999.61,1003.73,991.49,1000.26,12195134.0
2022-12-01,1008.71,1017.01,1004.32,1009.33,13135534.0
2022-12-02,1005.63,1021.4,1005.16,1008.14,12601183.0
2022-12-05,1011.28,1011.29,999.49,1003.6,15041170.0
2022-12-06,1003.31,1014.33,999.52,1003.14,13059792.0
2022-12-07,999.28,1008.85,996.94,1000.47,12105057.0
2022-12-08,999.75,1005.88,995.88,997.31,12358659.0
2022-12-09,998.74,1004.36,992.63,1001.69,16837179.0
2022-12-12,1000.29,1011.76,996.23,1004.62,14016449.0
2022-12-13,1002.54,1004.21,989.18,989.31,11266264.0
2022-12-14,1003.57,1004.74,983.09,984.22,11259073.0
2022-12-15,985.15,992.97,979.53,989.2,9608035.0
2022-12-16,984.25,985.87,973.7,978.36,10897108.0
2022-12-19,973.6,980.47,954.02,956.19,9767095.0
2022-12-20,955.08,959.96,950.47,952.77,8004557.0
2022-12-21,950.56,954.62,937.52,940.84,7709576.0
2022-12-22,944.57,946.04,928.91,930.8,8129995.0
2022-12-23,925.14,930.06,915.35,920.35,8693046.0
2022-12-26,920.74,951.66,920.56,951.11,9612288.0
2022-12-27,951.86,965.49,947.17,963.14,9259026.0
2022-12-28,960.39,963.36,955.49,957.27,8731054.0
2022-12-29,956.1,970.57,954.74,962.25,8302554.0
2022-12-30,963.29,971.04,958.99,959.9,7869400.0
2023-01-03,960.51,982.24,956.7,979.91,11260680.0
2023-01-04,982.03,983.84,966.29,972.38,9969593.0
2023-01-05,972.61,985.82,969.32,983.52,10431918.0
2023-01-06,985.99,1003.05,984.02,991.1,11444622.0
2023-01-09,994.74,1000.07,986.17,988.67,10381752.0
2023-01-10,989.85,998.16,985.22,990.32,9545891.0
2023-01-11,990.15,993.47,973.56,973.96,9935611.0
2023-01-12,978.36,979.36,971.5,974.19,9156746.0
2023-01-13,976.58,977.06,967.11,974.31,9132180.0
2023-01-16,972.7,1000.27,971.9,992.61,13295506.0
2023-01-17,994.64,1006.59,993.45,1003.68,10530097.0
2023-01-18,1006.69,1009.87,1001.75,1006.75,9384388.0
2023-01-19,1004.79,1023.71,1004.08,1023.65,10429025.0
2023-01-20,1025.0,1034.59,1024.16,1029.14,9878585.0
2023-01-30,1046.44,1051.67,1031.36,1031.61,14771562.0
2023-01-31,1027.82,1029.62,1014.13,1014.36,11950707.0
2023-02-01,1016.31,1026.87,1010.4,1026.4,13265177.0
2023-02-02,1030.33,1041.24,1028.37,1031.68,15089642.0
2023-02-03,1029.12,1034.26,1016.91,1033.87,13436468.0
2023-02-06,1031.92,1038.27,1020.81,1024.43,13472147.0
2023-02-07,1024.24,1027.76,1014.48,1020.17,13468151.0
2023-02-08,1021.16,1026.22,1010.69,1010.69,12411983.0
2023-02-09,1007.84,1037.7,1004.67,1036.86,15250329.0
2023-02-10,1034.22,1038.6,1018.76,1024.54,15500931.0
2023-02-13,1020.55,1031.47,1017.59,1024.04,14680015.0
2023-02-14,1026.45,1032.59,1016.93,1022.67,13336025.0
2023-02-15,1022.79,1026.2,1016.25,1024.22,14513134.0
2023-02-16,1024.12,1030.43,998.96,1005.18,18716012.0
2023-02-17,1002.08,1005.38,986.33,986.33,13315050.0
2023-02-20,985.11,999.98,979.83,998.83,12940704.0
2023-02-21,997.55,1003.18,989.98,995.73,12560806.0
2023-02-22,988.79,993.52,987.28,989.65,11471029.0
2023-02-23,988.2,997.76,988.2,992.46,11555135.0
2023-02-24,996.03,999.8,988.33,990.63,10365102.0
2023-02-27,988.11,996.12,983.92,986.28,13105651.0
2023-02-28,991.44,994.73,980.1,990.47,13030246.0
2023-03-01,989.11,998.06,984.59,994.63,16923481.0
2023-03-02,994.54,997.46,987.91,988.89,16987362.0
2023-03-03,996.1,1002.48,990.27,998.9,15729559.0
2023-03-06,999.72,1011.03,991.66,1007.63,16894733.0
2023-03-07,1005.62,1008.08,990.21,990.58,16561087.0
2023-03-08,989.71,996.81,987.97,994.89,13918512.0
2023-03-09,996.56,1003.2,992.21,998.3,14563629.0
2023-03-10,990.9,1003.89,987.5,993.55,15658157.0
2023-03-13,992.94,1000.02,991.16,998.91,15444107.0
2023-03-14,997.77,1017.69,989.33,1013.39,18844123.0
2023-03-15,1016.18,1027.17,1007.18,1007.3,17202626.0
2023-03-16,1001.52,1010.28,990.16,992.44,16082071.0
2023-03-17,1002.37,1021.83,995.08,1015.76,19707246.0
2023-03-20,1016.23,1035.28,1012.45,1025.32,20209621.0
2023-03-21,1024.53,1030.19,1020.52,1030.19,15983189.0
2023-03-22,1031.61,1039.16,1028.31,1034.05,17059582.0
2023-03-23,1030.47,1058.99,1030.47,1058.99,20085463.0
2023-03-24,1058.12,1064.12,1051.05,1060.99,20005305.0
2023-03-27,1057.17,1070.18,1044.7,1057.49,20895865.0
2023-03-28,1059.67,1065.95,1037.01,1038.63,17470067.0
2023-03-29,1039.79,1076.06,1035.68,1062.14,18078374.0
2023-03-30,1065.39,1070.11,1053.53,1065.69,16252582.0
2023-03-31,1063.29,1083.16,1059.36,1081.54,16056229.0
2023-04-03,1093.08,1128.23,1090.75,1126.49,22345749.0
2023-04-04,1122.38,1147.73,1115.74,1129.08,26905799.0
2023-04-06,1127.03,1165.34,1127.03,1146.96,26538856.0
2023-04-07,1149.54,1162.57,1141.83,1161.02,22424695.0
2023-04-10,1164.98,1171.3,1126.05,1129.17,26075743.0
2023-04-11,1132.22,1138.62,1109.22,1121.74,21302438.0
2023-04-12,1118.13,1139.09,1112.45,1129.41,21288229.0
2023-04-13,1122.37,1124.71,1098.12,1100.13,21642002.0
2023-04-14,1107.62,1137.95,1095.96,1136.21,23625575.0
2023-04-17,1134.05,1151.4,1134.05,1140.13,22116216.0
2023-04-18,1130.81,1137.83,1114.83,1129.82,19347408.0
2023-04-19,1131.74,1151.68,1127.71,1134.4,20114570.0
2023-04-20,1134.94,1165.68,1134.94,1164.95,27229110.0
2023-04-21,1162.94,1167.54,1116.83,1116.83,28650984.0
2023-04-24,1116.67,1118.77,1089.96,1096.38,23101640.0
2023-04-25,1095.95,1102.39,1068.72,1076.86,22597602.0
2023-04-26,1072.7,1085.97,1060.13,1069.01,22745807.0
2023-04-27,1063.53,1082.03,1059.95,1068.01,18987330.0
2023-04-28,1060.71,1089.74,1060.71,1087.87,20603987.0
2023-05-04,1077.85,1082.84,1060.3,1064.2,20084234.0
2023-05-05,1062.66,1067.41,1047.09,1049.09,19637312.0
2023-05-08,1050.1,1063.89,1046.26,1057.21,17974243.0
2023-05-09,1058.37,1063.02,1034.19,1034.21,19030597.0
2023-05-10,1031.13,1038.11,1018.08,1025.71,22885687.0
2023-05-11,1035.18,1042.32,1025.57,1025.97,17588344.0
2023-05-12,1028.36,1036.88,1014.02,1014.11,15956440.0
2023-05-15,1013.53,1025.91,1006.3,1025.79,16836051.0
2023-05-16,1029.33,1033.82,1022.34,1025.87,17614131.0
2023-05-17,1025.45,1035.15,1024.18,1029.65,16864851.0
2023-05-18,1031.4,1038.52,1027.76,1034.82,19118822.0
2023-05-19,1040.35,1048.9,1036.97,1040.16,20303218.0
2023-05-22,1040.83,1048.47,1027.44,1032.11,16554774.0
2023-05-23,1029.14,1029.33,1016.11,1016.11,15240431.0
2023-05-24,1011.12,1024.07,1006.71,1011.77,17253064.0
2023-05-25,1016.92,1023.42,1006.79,1021.72,16642805.0
2023-05-26,1023.86,1040.67,1022.11,1038.66,15634356.0
2023-05-29,1041.27,1047.36,1026.83,1028.38,18659870.0
2023-05-30,1025.83,1047.47,1022.15,1044.43,17457968.0
2023-05-31,1040.34,1053.91,1037.63,1053.91,18804422.0
2023-06-01,1048.95,1067.23,1044.98,1053.55,20426297.0
2023-06-02,1055.95,1059.25,1047.37,1053.29,18112868.0
2023-06-05,1063.15,1068.3,1049.45,1051.73,17502161.0
2023-06-06,1047.92,1048.3,1021.0,1022.98,18426402.0
2023-06-07,1023.95,1026.46,1015.34,1019.05,15778532.0
2023-06-08,1012.66,1014.57,1001.75,1007.12,17727474.0
2023-06-09,1008.9,1032.55,1003.32,1032.55,24684305.0
2023-06-12,1030.26,1032.09,1022.4,1026.64,20110923.0
2023-06-13,1025.21,1043.96,1021.27,1039.46,18988534.0
2023-06-14,1038.89,1040.33,1031.07,1035.31,19049046.0
2023-06-15,1036.31,1038.72,1029.74,1033.85,21223890.0
2023-06-16,1034.42,1055.08,1032.31,1052.88,21132829.0
2023-06-19,1053.34,1059.98,1044.98,1055.45,23703244.0
2023-06-20,1054.51,1058.6,1043.5,1055.41,23794637.0
2023-06-21,1050.12,1051.02,1020.14,1020.22,21023428.0
2023-06-26,1011.15,1029.94,1006.35,1010.31,19884217.0
2023-06-27,1011.08,1018.9,1006.79,1011.35,17787955.0
2023-06-28,1017.08,1019.67,996.14,1008.22,18586625.0
2023-06-29,1004.54,1012.06,1001.46,1001.46,17583075.0
2023-06-30,999.18,1009.1,997.54,1005.15,18964358.0
2023-07-03,1006.58,1013.19,999.16,1008.4,20382267.0
2023-07-04,1008.43,1022.46,1004.12,1015.4,19590085.0
2023-07-05,1013.38,1016.81,1004.54,1005.73,17758381.0
2023-07-06,1004.67,1012.85,1001.37,1002.11,15231644.0
2023-07-07,1001.02,1002.45,989.66,991.85,15591017.0
2023-07-10,992.74,1001.03,990.25,993.73,14149016.0
2023-07-11,996.56,1003.22,994.26,1001.41,15145939.0
2023-07-12,999.24,1000.01,984.03,984.98,16631197.0
2023-07-13,988.7,997.7,988.59,995.97,15896275.0
2023-07-14,999.79,1002.82,990.62,991.56,16804282.0
2023-07-17,988.88,988.88,982.05,984.82,14046030.0
2023-07-18,985.24,987.71,980.02,980.02,14128257.0
2023-07-19,987.0,988.55,973.34,975.11,12939210.0
2023-07-20,978.38,978.63,960.29,961.13,14404593.0
2023-07-21,958.89,963.97,953.93,955.55,12792754.0
2023-07-24,953.96,961.4,949.64,950.55,11588354.0
2023-07-25,961.52,965.69,956.37,964.4,13204061.0
2023-07-26,963.55,967.67,959.32,961.6,12189232.0
2023-07-27,962.61,964.62,950.81,952.3,12473734.0
2023-07-28,950.51,963.01,948.2,962.64,13856046.0
2023-07-31,961.69,973.9,961.69,968.99,15253905.0
2023-08-01,969.41,971.52,966.13,969.68,13167740.0
2023-08-02,967.69,973.39,965.99,968.44,12403790.0
2023-08-03,962.55,972.16,962.05,970.37,11962658.0
2023-08-04,972.48,976.98,968.82,975.78,13588524.0
2023-08-07,973.29,977.41,967.16,968.9,14225930.0
2023-08-08,967.43,971.72,965.04,965.53,11723743.0
2023-08-09,961.5,966.7,956.4,957.37,11707097.0
2023-08-10,957.22,961.86,954.42,959.17,10619882.0
2023-08-11,960.1,960.65,938.77,938.77,11783185.0
2023-08-14,932.09,934.25,919.94,930.5,12250489.0
2023-08-15,933.06,935.01,911.59,917.45,14348806.0
2023-08-16,916.59,920.35,901.68,901.79,12645853.0
2023-08-17,899.8,913.85,896.44,910.38,13304289.0
2023-08-18,924.3,924.3,904.25,904.25,16818811.0
2023-08-21,900.22,907.6,891.74,892.09,13615262.0
2023-08-22,896.74,903.78,877.62,901.13,15881399.0
2023-08-23,899.96,899.96,879.46,879.46,12681585.0
2023-08-24,883.8,895.91,880.03,885.48,14458614.0
2023-08-25,880.17,882.44,865.09,870.4,15625560.0
2023-08-28,926.0,927.63,878.26,880.19,20051901.0
2023-08-29,878.78,920.54,878.78,916.46,23830685.0
2023-08-30,935.82,950.7,928.42,939.65,27726785.0
2023-08-31,936.19,949.46,932.34,942.61,23925719.0
2023-09-01,944.25,945.72,927.21,934.79,17556889.0
2023-09-04,935.82,942.45,927.58,942.43,18012264.0
2023-09-05,942.56,947.95,929.25,930.63,17212030.0
2023-09-06,926.25,936.88,920.25,934.6,18227324.0
2023-09-07,929.36,929.36,899.3,899.83,17950120.0
2023-09-08,895.5,906.34,894.4,901.51,17510457.0
2023-09-11,901.54,915.99,895.62,907.51,20968300.0
2023-09-12,905.92,909.84,901.38,901.62,15686209.0
2023-09-13,900.0,902.52,882.91,889.13,15290497.0
2023-09-14,888.26,892.79,877.82,880.8,13108085.0
2023-09-15,883.07,893.91,876.62,887.01,15945029.0
2023-09-18,881.38,888.68,876.91,879.53,14389660.0
2023-09-19,879.35,880.26,870.66,873.62,12530683.0
2023-09-20,870.03,876.9,865.79,866.02,11526322.0
2023-09-21,862.64,869.86,860.31,860.39,10756565.0
2023-09-22,860.73,883.26,859.09,882.88,15168082.0
2023-09-25,880.32,881.7,874.21,874.55,15043259.0
2023-09-26,876.26,884.02,873.98,876.05,14088806.0
2023-09-27,875.43,886.67,875.43,880.17,15841409.0
2023-09-28,880.39,890.07,878.59,887.8,14657804.0
2023-10-09,884.2,890.95,880.34,887.21,14532703.0
2023-10-10,888.15,892.48,881.84,882.04,14728131.0
2023-10-11,885.63,895.16,883.66,893.45,17694937.0
2023-10-12,896.0,901.47,891.17,899.98,16006127.0
2023-10-13,895.47,897.15,888.54,891.72,16365379.0
2023-10-16,890.48,890.94,870.61,874.03,16909757.0
2023-10-17,874.28,884.91,871.79,882.19,14405849.0
2023-10-18,884.71,884.93,869.45,869.76,14009232.0
2023-10-19,864.46,879.55,864.06,870.1,16604081.0
2023-10-20,865.78,872.8,861.08,861.81,15319707.0
2023-10-23,857.48,859.99,836.64,840.14,15304396.0
2023-10-24,844.09,858.29,839.08,850.61,15420049.0
2023-10-25,859.77,862.2,848.65,848.65,15689852.0
2023-10-26,841.99,850.99,837.47,849.31,15464978.0
2023-10-27,843.88,866.54,842.6,861.85,19976172.0
2023-10-30,862.12,881.88,860.4,878.13,24262162.0
2023-10-31,882.43,882.56,869.02,874.41,20324141.0
2023-11-01,874.04,878.33,868.45,869.92,16086212.0
2023-11-02,871.55,875.26,859.89,859.93,14696377.0
2023-11-03,861.54,877.09,861.54,875.37,17361652.0
2023-11-06,880.6,891.56,880.6,890.21,22588830.0
2023-11-07,887.2,892.99,883.75,891.46,19798147.0
2023-11-08,890.87,905.94,889.89,899.63,22146826.0
2023-11-09,897.93,904.59,891.49,893.8,20711730.0
2023-11-10,888.99,894.63,885.3,889.75,16883019.0
2023-11-13,893.5,897.11,888.55,896.55,17875503.0
2023-11-14,895.81,904.71,893.28,904.34,21101284.0
2023-11-15,912.63,913.2,900.62,902.18,22918258.0
2023-11-16,898.74,900.15,886.77,887.11,18718815.0
2023-11-17,886.67,891.95,884.51,891.38,18134883.0
2023-11-20,890.9,896.07,883.03,892.63,21501083.0
2023-11-21,892.92,896.96,884.6,884.89,19630210.0
2023-11-22,881.96,884.71,870.76,870.76,16915590.0
2023-11-23,869.85,878.45,866.63,877.77,15187726.0
2023-11-24,875.58,876.26,863.85,864.77,14603206.0
2023-11-27,864.27,869.87,861.38,868.03,16634920.0
2023-11-28,868.81,873.66,863.81,871.91,16621707.0
2023-11-29,870.4,872.9,862.04,862.04,16363503.0
2023-11-30,861.51,865.68,857.63,865.68,16189968.0
2023-12-01,863.33,869.82,856.44,867.54,15860366.0
2023-12-04,867.83,873.51,861.92,861.92,16454691.0
2023-12-05,859.49,859.49,845.6,845.8,15218409.0
2023-12-06,843.82,852.31,842.59,848.79,15882736.0
2023-12-07,847.1,850.08,839.03,847.48,17385923.0
2023-12-08,849.16,868.23,847.93,868.23,24478442.0
2023-12-11,859.97,880.03,854.81,878.52,20641230.0
2023-12-12,876.69,877.83,866.84,869.97,15631617.0
2023-12-13,868.87,875.19,861.03,861.25,14566895.0
2023-12-14,865.09,869.29,855.43,855.9,13153971.0
2023-12-15,857.01,859.25,846.82,847.51,12939167.0
2023-12-18,845.54,847.59,838.32,840.68,12609513.0
2023-12-19,839.64,850.41,838.21,845.86,12152471.0
2023-12-20,847.27,847.59,835.31,835.71,12112031.0
2023-12-21,832.37,850.99,831.93,847.82,14325569.0
2023-12-22,846.67,851.48,839.79,843.32,14511892.0
2023-12-25,840.38,845.56,834.43,837.22,11853019.0
2023-12-26,836.53,836.66,822.44,825.26,11693280.0
2023-12-27,826.83,833.81,826.17,830.06,12035678.0
2023-12-28,828.4,853.49,828.34,850.39,17920884.0
2023-12-29,849.61,854.88,848.33,852.0,17181516.0
2024-01-02,850.97,850.97,839.8,839.8,15138040.0
2024-01-03,838.3,842.2,827.18,829.77,14285605.0
2024-01-04,831.23,831.55,817.75,823.85,12465895.0
2024-01-05,820.4,825.94,803.4,807.73,13831363.0
2024-01-08,802.9,804.6,783.74,784.43,13204224.0
2024-01-09,786.48,793.6,777.56,782.93,13703054.0
2024-01-10,779.08,790.36,771.58,777.15,12740775.0
2024-01-11,775.37,793.14,775.18,789.86,13547240.0
2024-01-12,788.03,790.38,778.11,778.36,13106491.0
2024-01-15,774.96,784.19,770.98,773.41,12190529.0
2024-01-16,771.84,777.53,765.43,777.4,13152859.0
2024-01-17,775.86,776.23,757.04,757.04,11754122.0
2024-01-18,752.29,769.12,741.34,768.28,17344119.0
2024-01-19,767.24,773.15,762.26,765.47,12880392.0
2024-01-22,763.6,764.62,735.41,742.23,17115759.0
2024-01-23,738.38,754.65,733.48,749.74,16124075.0
2024-01-24,753.01,754.22,728.37,750.27,16456236.0
2024-01-25,749.13,768.02,742.93,765.79,18867797.0
2024-01-26,759.94,762.18,742.93,746.1,15653146.0
2024-01-29,748.26,754.59,725.31,725.31,18099305.0
2024-01-30,720.19,722.63,696.56,697.85,15184450.0
2024-01-31,693.85,699.67,681.38,684.85,18790544.0
2024-02-01,680.72,704.66,678.97,690.01,17736774.0
2024-02-02,693.02,694.75,653.62,673.41,20966472.0
2024-02-05,675.4,687.62,635.74,676.79,27776959.0
2024-02-06,675.45,721.38,665.63,720.8,27528071.0
2024-02-07,723.31,744.34,717.7,743.42,30993446.0
2024-02-08,749.64,767.86,745.24,751.5,31037561.0
2024-02-19,762.64,763.36,748.29,763.32,27425987.0
2024-02-20,756.08,758.06,748.6,754.7,19703420.0
2024-02-21,747.25,769.15,744.26,755.16,22272663.0
2024-02-22,757.26,768.66,755.9,762.38,18435223.0
2024-02-23,768.51,769.81,754.35,764.48,21288172.0
2024-02-26,764.03,776.98,761.22,768.49,26715672.0
2024-02-27,763.66,797.15,761.26,796.91,24214646.0
2024-02-28,797.83,811.65,771.59,771.59,33634356.0
2024-02-29,769.56,807.71,769.56,807.71,26053051.0
2024-03-01,809.4,818.11,803.53,815.49,23983105.0
2024-03-04,819.96,822.65,807.39,818.51,23131064.0
2024-03-05,812.62,824.12,810.32,817.77,22349007.0
2024-03-06,816.14,822.79,803.99,811.9,19973582.0
2024-03-07,814.17,817.78,793.59,794.24,21403310.0
2024-03-08,795.32,805.57,791.73,803.2,20310428.0
2024-03-11,800.9,818.71,797.26,818.44,22129381.0
2024-03-12,818.52,827.63,813.05,817.75,21946276.0
2024-03-13,821.32,824.81,813.09,814.93,20803285.0
2024-03-14,811.51,815.55,797.78,804.86,21741015.0
2024-03-15,802.91,809.4,794.75,808.67,19734463.0
2024-03-18,810.39,825.9,809.83,825.4,23449626.0
2024-03-19,822.18,823.9,811.77,811.77,21579360.0
2024-03-20,810.69,815.73,806.58,814.03,20788645.0
2024-03-21,820.14,824.18,805.55,806.14,22730548.0
2024-03-22,804.02,808.71,793.1,794.2,22091222.0
2024-03-25,792.85,797.66,781.62,781.65,20912655.0
2024-03-26,781.73,787.6,768.68,772.09,18539103.0
2024-03-27,771.54,772.47,752.72,752.82,17834301.0
2024-03-28,753.9,771.48,753.23,763.27,18867049.0
2024-03-29,761.65,763.56,751.24,762.74,16835344.0
2024-04-01,765.63,776.74,765.63,775.53,19159141.0
2024-04-02,774.73,774.73,764.32,768.79,17626700.0
2024-04-03,768.21,769.23,755.21,756.76,17633758.0
2024-04-08,753.83,757.13,740.67,740.67,17707814.0
2024-04-09,739.39,749.86,736.89,749.63,15995308.0
2024-04-10,749.22,749.58,732.47,735.73,16564199.0
2024-04-11,735.67,746.91,735.67,738.67,16417057.0
2024-04-12,742.93,747.5,738.33,738.43,15876099.0
2024-04-15,739.2,755.18,738.54,750.9,21897791.0
2024-04-16,746.88,749.12,732.89,733.15,21751165.0
2024-04-17,737.66,751.2,735.21,750.89,20343833.0
2024-04-18,747.13,757.75,741.2,745.69,19080342.0
2024-04-19,741.29,741.92,729.57,730.56,16603589.0
2024-04-22,723.41,735.97,719.12,731.81,15965519.0
2024-04-23,732.87,736.36,724.9,727.85,15411070.0
2024-04-24,731.71,739.01,728.38,738.63,16525813.0
2024-04-25,735.56,740.47,730.61,733.34,16152999.0
2024-04-26,733.02,753.15,733.02,752.25,21895507.0
2024-04-29,752.92,780.2,752.62,776.15,25607571.0
2024-04-30,773.84,775.92,765.6,767.46,21291970.0
2024-05-06,778.99,785.07,774.04,777.66,21260962.0
2024-05-07,776.82,779.59,768.4,769.79,19046323.0
2024-05-08,769.69,769.7,760.57,761.66,17301005.0
2024-05-09,762.4,779.48,762.4,778.87,19590355.0
2024-05-10,778.15,778.56,764.44,767.17,18440335.0
2024-05-13,760.1,769.21,757.96,763.69,18791632.0
2024-05-14,766.65,769.42,759.43,760.3,15472971.0
2024-05-15,758.8,760.08,749.22,749.47,13491056.0
2024-05-16,753.45,755.17,745.02,746.47,15060795.0
2024-05-17,743.79,754.56,741.86,754.42,16810362.0
2024-05-20,752.2,761.17,749.81,753.54,18255758.0
2024-05-21,752.29,755.46,747.31,748.24,14797268.0
2024-05-22,749.91,756.7,743.68,754.97,17875265.0
2024-05-23,754.4,755.4,741.41,742.4,17360466.0
2024-05-24,741.68,746.4,726.87,727.21,17035306.0
2024-05-27,726.37,739.45,719.54,738.65,18033003.0
2024-05-28,736.7,746.3,734.58,734.85,16252414.0
2024-05-29,734.29,741.34,731.53,734.33,15606172.0
2024-05-30,733.55,746.26,730.34,742.7,16472358.0
2024-05-31,743.18,751.4,741.35,743.23,17256354.0
2024-06-03,743.61,754.65,742.2,750.43,24023261.0
2024-06-04,748.3,755.25,746.53,753.64,19203401.0
2024-06-05,752.05,762.26,751.35,752.04,16498547.0
2024-06-06,756.79,759.24,741.68,743.23,22550234.0
2024-06-07,744.39,749.42,731.52,737.93,16720502.0
2024-06-11,735.84,756.53,734.76,755.83,19587723.0
2024-06-12,758.38,761.6,753.61,754.93,18227638.0
2024-06-13,758.61,765.95,755.61,758.98,25978950.0
2024-06-14,756.41,756.53,750.49,754.26,29506159.0
2024-06-17,749.94,759.93,748.7,757.11,22019578.0
2024-06-18,757.85,763.82,753.55,756.9,19653822.0
2024-06-19,758.41,759.14,747.74,751.69,19207461.0
2024-06-20,752.15,766.12,749.82,755.15,26905292.0
2024-06-21,749.73,758.67,744.5,758.37,20387596.0
2024-06-24,754.41,762.15,738.21,739.14,23239029.0
2024-06-25,738.32,738.8,713.42,717.75,19469298.0
2024-06-26,719.84,732.13,713.0,729.64,18530167.0
2024-06-27,725.52,727.39,715.17,715.36,16091572.0
2024-06-28,713.36,724.9,710.54,712.08,17709520.0
2024-07-01,711.65,714.13,699.42,709.6,17128692.0
2024-07-02,709.15,709.17,697.54,699.12,14508489.0
2024-07-03,698.96,707.36,692.81,701.78,15022225.0
2024-07-04,702.09,704.78,689.92,690.38,14632986.0
2024-07-05,688.53,699.97,683.4,698.85,14254730.0
2024-07-08,700.02,703.63,689.85,692.49,15136831.0
2024-07-09,689.79,712.19,689.42,709.89,18996610.0
2024-07-10,707.19,715.71,706.79,710.37,15019366.0
2024-07-11,722.04,725.02,712.0,718.04,18439796.0
2024-07-12,713.31,721.46,711.16,718.37,15120890.0
2024-07-15,716.48,720.42,712.79,715.86,14157874.0
2024-07-16,712.76,732.69,711.71,732.06,15541005.0
2024-07-17,733.07,735.71,729.0,729.0,15197177.0
2024-07-18,721.76,738.73,718.52,735.41,17760685.0
2024-07-19,731.41,751.2,731.4,749.47,18928053.0
2024-07-22,749.32,756.68,747.38,752.0,17021854.0
2024-07-23,750.13,750.13,720.88,721.11,16260399.0
2024-07-24,720.47,726.31,712.33,713.32,15521986.0
2024-07-25,708.94,722.6,708.94,713.88,14031882.0
2024-07-26,713.89,723.49,710.33,719.87,13475448.0
2024-07-29,719.55,721.22,707.6,707.6,13292593.0
2024-07-30,706.86,712.15,699.9,710.01,13069542.0
2024-07-31,707.66,744.0,707.2,743.37,20586187.0
2024-08-01,745.96,748.77,735.58,738.87,18294406.0
2024-08-02,730.65,742.23,723.56,725.66,16586428.0
2024-08-05,719.16,730.29,704.26,704.3,18802540.0
2024-08-06,714.49,717.19,705.02,713.86,14715068.0
2024-08-07,712.74,716.26,706.83,707.59,12896915.0
2024-08-08,703.06,716.6,699.7,708.92,13891261.0
2024-08-09,717.14,719.43,705.55,705.55,12895302.0
2024-08-12,704.37,709.21,702.95,707.33,12002220.0
2024-08-13,707.7,710.89,702.91,710.75,10647463.0
2024-08-14,711.66,711.94,700.85,700.93,10526844.0
2024-08-15,699.09,714.46,697.86,707.55,14007562.0
2024-08-16,707.39,710.99,703.58,705.22,13276616.0
2024-08-19,705.04,712.01,703.0,703.32,12825326.0
2024-08-20,704.12,705.01,691.65,693.52,12141047.0
2024-08-21,691.13,698.52,689.38,691.64,10322703.0
2024-08-22,692.19,695.48,683.88,685.53,11841474.0
2024-08-23,683.59,688.33,676.23,685.76,11650937.0
2024-08-26,684.77,688.92,679.61,682.5,12151487.0
2024-08-27,679.75,679.75,672.46,674.35,11612004.0
2024-08-28,672.97,675.11,669.13,671.22,10915142.0
2024-08-29,667.88,683.33,666.41,679.59,13954803.0
2024-08-30,678.61,700.03,677.54,694.16,19156711.0
2024-09-02,693.67,694.42,670.01,670.01,17205560.0
2024-09-03,670.06,681.48,670.06,674.96,13042151.0
2024-09-04,668.93,679.17,666.9,672.28,11882664.0
2024-09-05,673.0,680.79,668.46,671.26,11248050.0
2024-09-06,672.62,673.97,662.34,662.34,12014699.0
2024-09-09,659.5,665.67,652.93,654.94,10622661.0
2024-09-10,656.04,663.83,648.62,660.01,11153705.0
2024-09-11,657.39,665.77,656.82,664.33,10920574.0
2024-09-12,666.22,671.87,658.67,658.85,11175622.0
2024-09-13,658.98,662.89,650.7,655.05,12477661.0
2024-09-18,654.51,654.51,641.91,647.41,11780642.0
2024-09-19,649.73,658.36,642.79,651.47,13218370.0
2024-09-20,651.82,654.16,642.6,648.36,11546560.0
2024-09-23,649.0,654.24,643.04,643.04,11194771.0
2024-09-24,648.13,667.27,640.35,667.05,19770627.0
2024-09-25,673.18,684.43,667.07,667.34,21546357.0
2024-09-26,667.55,693.46,663.16,693.15,21200670.0
2024-09-27,704.52,742.96,704.29,740.02,19926573.0
2024-09-30,782.31,872.37,776.45,872.37,59912936.0
2024-10-08,1045.05,1045.05,972.34,1023.97,81102521.0
2024-10-09,993.78,1084.68,958.46,997.85,74028185.0
2024-10-10,1014.36,1016.57,940.09,954.17,48801027.0
2024-10-11,939.57,946.52,889.11,898.9,38192169.0
2024-10-14,904.14,931.81,873.52,925.96,36151683.0
2024-10-15,920.99,942.25,898.83,898.83,33495189.0
2024-10-16,874.27,896.31,872.16,875.69,25707766.0
2024-10-17,897.2,901.12,878.74,879.1,28830410.0
2024-10-18,879.95,1008.07,876.68,978.66,49514598.0
2024-10-21,999.54,1063.85,977.88,1000.37,58186607.0
2024-10-22,988.7,1002.96,969.86,985.83,46255097.0
2024-10-23,976.25,1003.96,971.69,979.15,43236685.0
2024-10-24,968.99,988.04,968.49,977.6,31944262.0
2024-10-25,981.41,1016.08,974.48,991.22,40210711.0
2024-10-28,988.43,991.13,976.52,986.56,36836545.0
2024-10-29,988.5,1006.86,975.03,975.37,41061591.0
2024-10-30,967.84,976.4,949.33,958.82,35542724.0
2024-10-31,960.68,978.18,947.58,969.45,41639866.0
2024-11-01,960.21,967.84,939.76,939.76,39771151.0
2024-11-04,938.19,955.9,937.97,954.67,29295116.0
2024-11-05,954.14,997.89,950.39,996.17,44245568.0
2024-11-06,1002.06,1017.12,986.43,998.09,47729913.0
2024-11-07,986.5,1038.03,984.56,1028.44,43727199.0
2024-11-08,1053.45,1070.95,1025.43,1025.64,56444883.0
2024-11-11,1033.55,1074.52,1028.1,1073.84,64938764.0
2024-11-12,1070.64,1080.57,1040.91,1050.54,59573924.0
2024-11-13,1042.2,1062.65,1039.58,1061.37,44872097.0
2024-11-14,1056.21,1065.2,1024.55,1027.32,39579052.0
2024-11-15,1024.6,1030.27,986.86,986.88,38743327.0
2024-11-18,989.4,1001.99,962.83,968.71,35938901.0
2024-11-19,974.0,999.96,960.01,998.01,32059518.0
2024-11-20,992.67,1008.56,988.26,1002.54,35204756.0
2024-11-21,1002.97,1020.0,999.56,1011.46,33040487.0
2024-11-22,1011.64,1018.51,968.96,969.35,36093663.0
2024-11-25,970.82,974.29,941.21,957.92,28722240.0
2024-11-26,955.58,967.92,950.51,951.59,24624105.0
2024-11-27,947.95,987.98,940.87,985.97,29623561.0
2024-11-28,985.79,1003.42,981.37,983.68,28504955.0
2024-11-29,980.43,1024.53,978.39,1007.39,33890707.0
2024-12-02,1008.71,1022.59,1002.06,1015.79,36643713.0
2024-12-03,1017.07,1021.7,997.11,1005.26,33287414.0
2024-12-04,1020.08,1023.06,995.2,999.36,34291372.0
2024-12-05,993.17,1006.57,992.89,1001.84,30789936.0
2024-12-06,1004.77,1024.84,994.63,1014.45,37273325.0
2024-12-09,1012.88,1016.94,995.41,1003.38,32129434.0
2024-12-10,1051.53,1051.9,1008.5,1010.91,41846050.0
2024-12-11,1007.55,1016.83,1004.36,1007.19,37497161.0
2024-12-12,1008.14,1014.56,999.06,1010.9,34806827.0
2024-12-13,1003.99,1009.35,988.73,989.78,43854121.0
2024-12-16,990.57,992.36,971.1,975.27,31026433.0
2024-12-17,974.04,980.57,965.49,967.28,27355681.0
2024-12-18,970.46,984.76,965.56,981.51,26614720.0
2024-12-19,969.38,997.8,967.86,993.0,28375989.0
2024-12-20,990.06,1024.72,989.41,1011.21,36584700.0
2024-12-23,1011.19,1025.81,996.89,998.61,35158440.0
2024-12-24,1002.5,1015.87,991.3,1014.02,27831235.0
2024-12-25,1018.57,1024.95,1009.71,1017.36,27249738.0
2024-12-26,1014.07,1030.67,1010.94,1027.02,27815373.0
2024-12-27,1026.71,1044.15,1016.98,1018.58,29907884.0
2024-12-30,1014.78,1031.46,1011.1,1020.63,25487299.0
2024-12-31,1020.52,1021.41,988.93,988.93,27751039.0
2025-01-02,986.82,986.82,945.45,955.33,28157561.0
2025-01-03,955.72,963.23,941.25,941.82,26313549.0
2025-01-06,943.76,949.59,931.0,938.71,22772699.0
2025-01-07,938.6,966.07,936.65,965.53,22947764.0
2025-01-08,956.71,976.62,937.82,965.12,27063783.0
2025-01-09,962.23,972.47,960.54,961.44,23092604.0
2025-01-10,962.22,980.75,950.59,950.59,25467432.0
2025-01-13,938.38,955.08,936.78,952.19,21884740.0
2025-01-14,958.49,984.03,946.63,981.78,29347707.0
2025-01-15,976.13,988.86,970.82,977.66,24770957.0
2025-01-16,982.09,991.9,954.15,956.4,26051970.0
2025-01-17,949.84,977.81,947.84,965.9,25653257.0
2025-01-20,969.84,978.22,962.4,968.27,24552899.0
2025-01-21,973.91,980.15,964.86,976.3,25990813.0
2025-01-22,972.21,980.41,967.67,975.34,23809673.0
2025-01-23,987.26,994.77,966.11,966.11,28155580.0
2025-01-24,966.09,980.43,966.09,974.83,26768503.0
2025-01-27,972.19,975.96,954.9,955.09,24754873.0
2025-02-05,989.12,989.53,974.99,982.83,31658763.0
2025-02-06,977.02,1012.88,975.37,1011.22,37025135.0
2025-02-07,1011.06,1035.17,1003.24,1018.8,43382897.0
2025-02-10,1023.02,1038.02,1018.37,1036.77,40897494.0
2025-02-11,1034.95,1038.6,1018.39,1024.41,37958064.0
2025-02-12,1026.87,1042.13,1021.57,1041.14,37531796.0
2025-02-13,1040.42,1041.98,1016.23,1017.09,37169319.0
2025-02-14,1012.61,1024.96,1008.28,1022.46,37162621.0
2025-02-17,1030.86,1039.75,1026.89,1037.31,40674790.0
2025-02-18,1034.63,1036.5,1006.94,1011.17,38599958.0
2025-02-19,1010.67,1035.06,1010.37,1034.57,41785846.0
2025-02-20,1034.79,1041.62,1025.92,1033.09,40160792.0
2025-02-21,1042.4,1098.6,1038.85,1094.77,51205572.0
2025-02-24,1093.03,1110.06,1084.57,1100.05,47334072.0
2025-02-25,1083.94,1119.3,1079.49,1102.9,44028999.0
2025-02-26,1108.58,1129.63,1093.27,1126.82,48188607.0
2025-02-27,1127.25,1140.37,1101.52,1126.29,48414146.0
2025-02-28,1118.52,1123.56,1076.01,1078.8,48627539.0
2025-03-03,1079.64,1087.72,1055.77,1062.35,40444205.0
2025-03-04,1052.47,1088.53,1050.25,1080.66,36576289.0
2025-03-05,1081.1,1090.47,1072.06,1083.82,35061162.0
2025-03-06,1100.44,1125.64,1099.72,1121.58,44917469.0
2025-03-07,1113.84,1120.98,1102.61,1107.62,38649049.0
2025-03-10,1107.31,1111.74,1088.34,1105.16,35068148.0
2025-03-11,1086.38,1102.91,1085.46,1100.74,32494332.0
2025-03-12,1107.96,1112.16,1092.67,1092.71,32797155.0
2025-03-13,1093.59,1094.89,1064.25,1069.7,35028705.0
2025-03-14,1070.8,1089.26,1069.01,1088.11,33196342.0
2025-03-17,1090.0,1090.11,1077.49,1083.21,29805928.0
2025-03-18,1087.34,1103.48,1087.34,1089.83,30549093.0
2025-03-19,1084.9,1089.63,1075.1,1076.94,28807118.0
2025-03-20,1075.13,1076.37,1064.25,1064.79,27574771.0
2025-03-21,1063.33,1065.41,1036.37,1042.89,30248391.0
2025-03-24,1042.33,1048.17,1029.91,1045.94,29076650.0
2025-03-25,1045.85,1049.31,1028.54,1031.7,23573432.0
2025-03-26,1029.81,1040.22,1028.8,1029.05,21589683.0
2025-03-27,1028.69,1053.22,1026.2,1040.57,25274784.0
2025-03-28,1037.76,1044.92,1029.46,1029.48,22759534.0
2025-03-31,1024.26,1031.34,1011.97,1022.71,25955300.0
2025-04-01,1027.96,1037.32,1022.78,1024.38,26323610.0
2025-04-02,1021.82,1030.91,1020.38,1022.75,20967165.0
2025-04-03,1011.6,1030.55,1011.6,1018.07,24054483.0
2025-04-07,960.49,982.77,877.71,924.17,47850342.0
2025-04-08,932.24,950.74,923.67,940.09,38027479.0
2025-04-09,922.86,992.34,917.35,980.57,39823657.0
2025-04-10,1003.68,1006.15,985.71,991.22,33821924.0
2025-04-11,990.83,1027.54,987.83,1011.71,34062591.0
2025-04-14,1018.26,1025.44,1006.17,1014.28,28563474.0
2025-04-15,1011.67,1012.02,995.82,1006.34,21962998.0
2025-04-16,1016.76,1017.14,996.4,1014.51,23238561.0
2025-04-17,1007.63,1024.04,1006.77,1016.81,21483528.0
2025-04-18,1011.51,1012.93,1003.43,1008.6,18674226.0
2025-04-21,1012.81,1021.38,1008.56,1019.41,3394109.0
2025-04-22,1018.42,1023.5,1012.6,1016.22,4275467.0
2025-04-23,1019.02,1022.66,1010.09,1012.65,4055068.0
2025-04-24,1012.33,1012.4,1000.46,1003.32,3606206.0
2025-04-25,1003.87,1011.59,997.98,1004.57,3886927.0
2025-04-28,1004.05,1008.59,997.9,1002.83,3572348.0
2025-04-29,996.97,1005.71,994.22,1003.87,4004222.0
2025-04-30,1000.65,1014.37,1000.65,1012.42,5521387.0
2025-05-06,1016.44,1027.02,1013.58,1026.52,5396841.0
2025-05-07,1044.17,1044.57,1021.79,1030.19,5556163.0
2025-05-08,1024.97,1030.09,1022.49,1026.44,4399338.0
2025-05-09,1020.79,1020.79,1006.32,1006.32,4559588.0
2025-05-12,1008.96,1016.73,1004.49,1011.23,5127871.0
2025-05-13,1020.34,1021.53,1009.63,1009.68,5850734.0
2025-05-14,1014.1,1021.39,1006.51,1013.77,4867945.0
2025-05-15,1011.57,1011.69,999.26,1000.97,3808564.0
2025-05-16,997.45,999.41,991.42,995.24,3635157.0
2025-05-19,994.28,998.62,985.98,995.25,4313331.0
2025-05-20,995.75,1002.0,993.69,997.68,3659943.0
2025-05-21,996.66,999.96,993.74,995.49,3985852.0
2025-05-22,994.08,1000.38,989.06,990.71,3483059.0
2025-05-23,989.71,997.02,980.58,980.58,3966570.0
2025-05-26,982.07,985.47,978.14,982.26,3329971.0
2025-05-27,982.02,983.43,972.67,972.92,3462665.0
2025-05-28,973.9,975.86,969.68,970.64,2998876.0
2025-05-29,972.26,986.45,970.69,986.3,3588304.0
2025-05-30,981.35,981.35,974.11,977.03,3491034.0
2025-06-03,977.23,987.62,976.11,981.71,5885200.0
2025-06-04,982.36,988.16,981.62,986.11,3883379.0
2025-06-05,987.53,997.93,982.85,996.41,4160004.0
2025-06-06,995.31,995.7,989.15,991.64,3692986.0
2025-06-09,991.31,1002.4,989.53,997.61,4288596.0
2025-06-10,1004.55,1004.78,978.79,982.9,5790864.0
2025-06-11,982.6,990.14,980.29,980.93,4316856.0
2025-06-12,978.69,982.12,974.63,977.97,4688914.0
2025-06-13,971.69,978.42,966.87,972.94,9098951.0
2025-06-16,968.19,975.54,968.19,970.89,4908353.0
2025-06-17,971.53,972.2,960.64,963.08,4445141.0
2025-06-18,962.24,971.8,960.02,968.18,4188414.0
2025-06-19,966.92,974.48,960.54,962.94,4056253.0
2025-06-20,963.78,967.98,956.87,957.87,4374142.0
2025-06-23,952.33,966.19,952.33,961.49,4664690.0
2025-06-24,963.79,980.52,963.79,978.71,4955202.0
2025-06-25,979.97,996.66,976.16,995.61,5760879.0
2025-06-26,995.57,1005.89,989.97,989.97,5250056.0
2025-06-27,996.68,998.58,987.83,988.21,4973668.0
2025-06-30,992.3,1004.47,992.3,1003.41,5736739.0
2025-07-01,1002.09,1002.09,992.55,994.8,4880849.0
2025-07-02,992.38,992.47,981.22,982.64,5951274.0
2025-07-03,984.34,987.09,980.81,984.95,4610810.0
2025-07-04,984.53,997.41,976.83,984.8,5304787.0
2025-07-07,983.2,987.11,976.9,978.29,3791107.0
2025-07-08,978.9,993.19,977.6,991.95,6157517.0
2025-07-09,991.34,993.61,981.5,983.11,4702308.0
2025-07-10,981.74,986.31,978.89,979.99,5437181.0
2025-07-11,980.38,1000.03,979.18,994.45,6002557.0
2025-07-14,995.29,998.97,992.39,992.39,4576455.0
2025-07-15,990.73,998.08,986.5,996.25,5167869.0
2025-07-16,996.33,1008.47,994.38,997.63,4262078.0
2025-07-17,997.71,1005.67,992.56,1005.65,5353465.0
2025-07-18,1008.13,1013.12,1003.09,1007.53,4976351.0
2025-07-21,1007.58,1010.34,1005.03,1007.89,5808705.0
2025-07-22,1007.51,1019.03,1005.84,1016.27,6977007.0
2025-07-23,1016.58,1030.54,1014.84,1020.86,7053932.0
2025-07-24,1019.72,1032.84,1019.31,1032.84,7214478.0
2025-07-25,1032.45,1059.73,1028.79,1054.2,7433888.0
2025-07-28,1054.91,1059.05,1048.55,1055.11,6319298.0
2025-07-29,1053.12,1071.44,1051.55,1070.45,6913306.0
2025-07-30,1065.94,1073.82,1051.11,1058.57,6832508.0
2025-07-31,1057.32,1070.76,1045.45,1047.87,8360018.0
2025-08-01,1047.38,1056.42,1029.53,1036.77,6263113.0
2025-08-04,1034.13,1049.46,1033.85,1049.41,5928392.0
2025-08-05,1048.71,1054.11,1046.53,1053.65,5487126.0
2025-08-06,1051.87,1060.4,1049.6,1059.76,6070429.0
2025-08-07,1059.84,1069.04,1053.73,1058.21,6183818.0
2025-08-08,1052.46,1052.74,1042.84,1043.54,6792742.0
2025-08-11,1043.23,1053.7,1043.08,1049.73,6343111.0
2025-08-12,1048.21,1077.88,1044.33,1069.81,7744626.0
2025-08-13,1069.52,1079.14,1067.5,1077.7,7496928.0
2025-08-14,1079.22,1109.85,1079.22,1085.74,9639960.0
2025-08-15,1079.16,1104.5,1077.0,1101.29,9527128.0
2025-08-18,1114.32,1138.42,1105.58,1124.82,12605477.0
2025-08-19,1122.64,1133.63,1111.66,1112.27,8425769.0
2025-08-20,1109.7,1148.74,1105.27,1148.15,10004872.0
2025-08-21,1150.98,1173.28,1143.16,1149.15,9811302.0
2025-08-22,1162.29,1248.07,1162.29,1247.86,16247841.0
2025-08-25,1282.05,1320.72,1252.84,1287.73,18838045.0
2025-08-26,1266.59,1284.07,1257.44,1270.87,11376356.0
2025-08-27,1285.44,1332.82,1272.55,1272.56,16118948.0
2025-08-28,1280.24,1365.92,1275.5,1364.6,19009401.0
2025-08-29,1335.65,1346.76,1314.74,1341.31,15616830.0
2025-09-01,1348.53,1366.92,1322.8,1357.15,15438179.0
2025-09-02,1353.94,1364.2,1314.12,1328.28,13393638.0
2025-09-03,1318.51,1325.75,1296.71,1306.48,10937923.0
2025-09-04,1301.98,1304.05,1210.87,1226.98,15296053.0
2025-09-05,1232.21,1275.1,1220.78,1268.55,13659157.0
2025-09-08,1266.47,1280.82,1253.73,1275.87,12953551.0
2025-09-09,1250.96,1271.96,1239.94,1245.53,11206187.0
2025-09-10,1253.5,1272.91,1246.26,1259.1,9896437.0
2025-09-11,1254.19,1332.76,1244.14,1326.03,13543504.0
2025-09-12,1324.84,1360.07,1323.45,1338.02,13696011.0
2025-09-15,1362.85,1366.46,1332.43,1340.4,14248895.0
2025-09-16,1347.2,1370.29,1347.2,1358.05,11586109.0
2025-09-17,1351.64,1378.87,1338.95,1370.43,12560120.0
2025-09-18,1385.5,1433.57,1351.14,1380.35,17429025.0
2025-09-19,1388.86,1400.69,1359.29,1362.65,12139062.0
2025-09-22,1361.25,1422.74,1353.71,1408.64,12651973.0
2025-09-23,1406.61,1419.28,1364.44,1407.3,15183674.0
2025-09-24,1395.37,1479.7,1394.68,1456.47,19780341.0
2025-09-25,1449.65,1486.43,1448.69,1474.49,16547220.0
2025-09-26,1461.95,1485.88,1448.96,1450.82,17251029.0
2025-09-29,1448.55,1470.41,1424.84,1470.41,15414107.0
2025-09-30,1488.29,1505.91,1478.42,1495.29,14731506.0
2025-10-09,1526.92,1588.83,1522.79,1539.08,22149716.0
2025-10-10,1511.16,1512.34,1444.99,1452.68,17976513.0
2025-10-13,1409.68,1476.13,1409.68,1473.02,16773966.0
2025-10-14,1488.05,1489.17,1399.97,1410.3,18468908.0
2025-10-15,1409.53,1430.28,1390.99,1430.0,12889308.0
2025-10-16,1419.55,1444.23,1409.7,1416.58,10898137.0
2025-10-17,1411.74,1415.66,1360.45,1363.17,11679231.0
2025-10-20,1390.71,1397.73,1358.69,1367.9,9369503.0
2025-10-21,1374.98,1410.07,1368.01,1406.32,9513313.0
2025-10-22,1392.59,1424.23,1380.98,1405.41,8166757.0
2025-10-23,1396.09,1403.94,1375.75,1401.26,7774473.0
2025-10-24,1421.21,1466.85,1416.46,1462.22,10817862.0
2025-10-27,1489.66,1491.11,1457.65,1484.21,13207003.0
2025-10-28,1470.48,1496.06,1463.46,1471.73,10854806.0
2025-10-29,1466.44,1495.38,1465.31,1489.12,12665859.0
2025-10-30,1485.94,1494.4,1461.3,1461.3,13581418.0
2025-10-31,1451.06,1452.24,1415.53,1415.53,14075252.0
2025-11-03,1403.46,1406.01,1372.25,1400.86,13433442.0
2025-11-04,1406.86,1415.73,1378.64,1387.24,10782302.0
2025-11-05,1355.72,1398.37,1355.72,1390.39,11805661.0
2025-11-06,1405.15,1442.81,1403.07,1436.86,13704385.0
2025-11-07,1420.23,1434.39,1414.47,1415.69,13199185.0
2025-11-10,1422.32,1431.77,1389.77,1407.56,13447623.0
2025-11-11,1416.86,1423.68,1385.07,1387.53,11752127.0
2025-11-12,1377.15,1388.51,1362.38,1379.45,12724041.0
2025-11-13,1376.37,1404.63,1373.49,1399.29,12111630.0
2025-11-14,1379.44,1390.62,1361.23,1361.23,11525900.0
2025-11-17,1363.48,1377.55,1344.91,1354.04,11305955.0
2025-11-18,1350.51,1374.03,1348.1,1357.93,11535985.0
2025-11-19,1355.13,1363.86,1338.45,1344.8,9006130.0
2025-11-20,1362.85,1364.48,1327.29,1328.19,7747039.0
2025-11-21,1300.48,1311.32,1282.45,1285.83,10070649.0
2025-11-24,1295.88,1306.04,1273.49,1296.6,8813653.0
2025-11-25,1309.67,1323.21,1298.85,1302.17,8273023.0
2025-11-26,1296.46,1327.54,1293.18,1315.04,7815827.0
2025-11-27,1325.85,1351.44,1308.85,1310.7,8030489.0
2025-11-28,1307.96,1329.33,1303.2,1327.15,8824692.0
2025-12-01,1329.42,1341.95,1310.42,1336.76,11191986.0
2025-12-02,1334.0,1335.75,1315.46,1320.16,7621464.0
2025-12-03,1317.58,1324.71,1303.34,1308.37,7027058.0
2025-12-04,1303.99,1326.23,1294.76,1326.16,6778771.0
2025-12-05,1319.72,1330.59,1303.72,1326.1,7091686.0
2025-12-08,1325.97,1360.71,1325.74,1350.8,8311050.0
2025-12-09,1338.85,1358.9,1337.32,1347.11,7057057.0
2025-12-10,1337.52,1350.65,1317.71,1346.7,8273640.0
2025-12-11,1349.67,1350.87,1325.83,1325.83,8124996.0
2025-12-12,1324.3,1351.56,1314.01,1348.88,12189711.0
2025-12-15,1333.36,1343.78,1318.53,1318.91,8470120.0
2025-12-16,1313.53,1317.15,1286.25,1293.38,7330726.0
2025-12-17,1294.7,1327.76,1289.24,1325.33,7738921.0
2025-12-18,1314.67,1323.68,1305.97,1305.97,6270465.0
2025-12-19,1314.75,1323.86,1306.8,1308.59,6436585.0
2025-12-22,1314.07,1338.14,1314.07,1335.25,8018670.0
2025-12-23,1333.54,1348.54,1331.39,1340.02,7627586.0
2025-12-24,1342.13,1352.74,1332.92,1352.13,7339090.0
2025-12-25,1347.78,1356.6,1339.97,1349.06,7262305.0
2025-12-26,1346.11,1356.11,1339.14,1345.83,8521601.0
2025-12-29,1345.98,1364.27,1341.94,1346.32,10390297.0
2025-12-30,1346.13,1367.01,1346.03,1359.87,7941505.0
2025-12-31,1367.17,1368.48,1342.68,1344.2,7306915.0
2026-01-05,1360.9,1403.53,1360.9,1403.41,10345466.0
2026-01-06,1401.79,1442.1,1400.4,1429.3,11820332.0
2026-01-07,1442.51,1452.04,1427.98,1443.39,12338548.0
2026-01-08,1441.19,1483.23,1441.19,1455.17,13482288.0
2026-01-09,1442.22,1477.24,1437.58,1475.97,13306405.0
2026-01-12,1490.5,1515.11,1478.85,1511.84,15675919.0
2026-01-13,1508.18,1511.65,1460.41,1469.57,15234747.0
2026-01-14,1479.3,1532.58,1479.3,1500.91,17779745.0
2026-01-15,1491.23,1504.84,1468.02,1493.95,14088173.0
2026-01-16,1509.7,1528.78,1495.68,1514.07,16765776.0
2026-01-19,1513.59,1525.12,1502.72,1506.86,12876257.0
2026-01-20,1508.37,1525.81,1473.19,1482.99,14030658.0
2026-01-21,1482.66,1546.05,1482.66,1535.39,14447414.0
2026-01-22,1563.38,1574.97,1530.25,1541.64,15212194.0
2026-01-23,1530.28,1553.71,1523.5,1553.71,21244687.0
2026-01-26,1556.57,1575.45,1529.32,1532.8,21231612.0
2026-01-27,1530.07,1562.58,1507.41,1555.98,19787281.0
2026-01-28,1566.19,1569.44,1535.9,1554.8,15543610.0
2026-01-29,1550.99,1560.64,1507.3,1507.64,16408344.0
2026-01-30,1501.51,1522.33,1465.32,1509.4,14865583.0
2026-02-02,1492.81,1508.54,1450.1,1450.9,13153967.0
2026-02-03,1475.57,1478.05,1430.0,1471.07,13891459.0
2026-02-04,1452.98,1455.12,1432.6,1453.48,15639050.0
2026-02-05,1423.66,1441.16,1416.26,1432.52,15199278.0
2026-02-06,1415.05,1440.81,1405.87,1422.41,13035099.0
2026-02-09,1453.54,1458.93,1441.9,1458.16,15747839.0
2026-02-10,1463.35,1485.97,1463.35,1471.5,11770391.0
2026-02-11,1462.0,1467.28,1453.01,1455.11,8978509.0
2026-02-12,1463.61,1481.98,1454.63,1480.99,10015209.0
2026-02-13,1470.26,1492.09,1466.71,1470.33,9896616.0
2026-02-24,1493.45,1493.77,1453.55,1465.37,10295969.0
2026-02-25,1468.51,1481.29,1454.41,1473.28,11075883.0
2026-02-26,1478.73,1494.75,1456.03,1485.86,11154134.0
2026-02-27,1468.08,1493.52,1463.73,1488.02,9999772.0
2026-03-02,1459.78,1486.55,1459.51,1464.77,13427348.0
2026-03-03,1467.76,1469.6,1385.59,1388.41,14302403.0
2026-03-04,1380.13,1407.0,1376.11,1381.56,10705585.0
2026-03-05,1418.88,1423.61,1397.76,1405.35,11006986.0
2026-03-06,1396.59,1422.0,1396.59,1414.39,9690549.0
2026-03-09,1373.82,1398.25,1351.88,1390.48,11840094.0
2026-03-10,1417.26,1424.72,1402.63,1420.54,12153403.0
2026-03-11,1421.35,1427.1,1400.45,1401.08,12973679.0
2026-03-12,1397.78,1412.53,1372.97,1383.65,11759193.0
2026-03-13,1374.65,1392.43,1365.62,1373.64,12002263.0
2026-03-16,1370.7,1386.55,1349.27,1384.99,10953762.0
2026-03-17,1386.26,1390.84,1354.15,1354.15,9184655.0
2026-03-18,1363.54,1373.86,1348.23,1372.58,9799866.0
2026-03-19,1348.55,1354.72,1333.68,1339.03,11052923.0
2026-03-20,1344.93,1347.37,1317.4,1318.31,14091098.0
2026-03-23,1292.89,1305.79,1254.85,1261.44,14248101.0
2026-03-24,1281.58,1291.92,1249.01,1290.79,11716630.0
2026-03-25,1299.63,1326.65,1299.63,1315.41,11005705.0
2026-03-26,1313.97,1316.46,1285.38,1288.81,8631770.0
2026-03-27,1265.53,1308.94,1265.53,1300.76,8603070.0
2026-03-30,1278.99,1294.54,1269.32,1289.78,9357204.0
2026-03-31,1283.9,1296.03,1256.33,1256.33,9583190.0
2026-04-01,1290.64,1302.87,1282.31,1298.2,9826461.0
2026-04-02,1294.63,1294.63,1254.62,1262.18,7588114.0
2026-04-03,1270.94,1272.84,1254.76,1256.21,6706421.0
2026-04-07,1261.71,1286.53,1261.71,1274.01,6322349.0
2026-04-08,1317.28,1352.69,1316.63,1352.69,11422568.0
2026-04-09,1335.29,1362.91,1333.01,1343.95,7846510.0
2026-04-10,1363.58,1382.94,1362.4,1364.49,8471659.0
2026-04-13,1358.46,1396.0,1358.46,1375.29,9018894.0
2026-04-14,1398.4,1409.85,1387.42,1405.07,9302659.0
2026-04-15,1415.39,1433.35,1399.75,1406.32,9547663.0
2026-04-16,1406.32,1424.17,1402.2,1422.23,10005771.0
2026-04-17,1414.87,1433.8,1413.58,1423.35,9635053.0
2026-04-20,1426.89,1451.39,1426.03,1450.52,11275846.0
2026-04-21,1445.2,1445.54,1415.6,1426.68,9651570.0
2026-04-22,1420.78,1451.46,1420.24,1451.14,9805961.0
2026-04-23,1466.12,1467.7,1419.01,1432.59,11446540.0
2026-04-24,1443.04,1472.96,1417.21,1453.69,11413406.0
2026-04-27,1478.31,1515.28,1466.66,1508.38,13560538.0
2026-04-28,1497.32,1525.34,1479.67,1488.66,11925508.0
2026-04-29,1474.12,1495.01,1451.71,1493.5,11457221.0
2026-04-30,1511.39,1580.52,1511.39,1571.07,15109612.0
2026-05-06,1634.31,1715.08,1631.65,1656.95,18301048.0
2026-05-07,1663.16,1682.22,1646.94,1678.89,13930063.0
2026-05-08,1653.31,1655.57,1625.61,1640.46,15005074.0
2026-05-11,1687.64,1727.3,1669.73,1716.69,18294058.0
2026-05-12,1708.21,1747.17,1687.96,1723.78,16927089.0
2026-05-13,1684.37,1771.49,1677.54,1770.15,17773247.0
2026-05-14,1792.34,1800.61,1723.7,1725.09,21071023.0
2026-05-15,1724.36,1769.8,1669.99,1696.26,21601214.0
2026-05-18,1690.38,1748.1,1684.9,1709.96,15913956.0
2026-05-19,1697.4,1776.26,1670.36,1775.13,17104368.0
2026-05-20,1764.21,1835.22,1764.21,1832.02,18452542.0
2026-05-21,1866.29,1892.6,1759.94,1764.17,21274038.0
2026-05-22,1790.74,1797.65,1747.14,1790.77,17603919.0
2026-05-25,1791.67,1899.97,1774.19,1896.04,21497937.0
2026-05-26,1877.39,1880.65,1824.32,1867.71,19408885.0
2026-05-27,1875.42,1901.97,1809.7,1815.45,21609699.0
2026-05-28,1805.11,1854.52,1796.04,1844.25,21540080.0
2026-05-29,1850.27,1855.26,1727.62,1751.32,23431374.0
2026-06-01,1751.23,1753.02,1662.82,1663.69,16941834.0
2026-06-02,1676.31,1710.98,1641.17,1690.56,15576220.0
2026-06-03,1697.66,1776.2,1697.36,1726.18,16825554.0
2026-06-04,1700.31,1759.98,1697.22,1738.06,14967701.0
2026-06-05,1706.53,1735.08,1659.48,1668.33,16835709.0
2026-06-08,1587.97,1634.03,1578.18,1596.57,15707499.0
2026-06-09,1630.23,1666.48,1607.58,1663.11,14098958.0
2026-06-10,1662.85,1722.33,1632.33,1652.22,15911725.0
2026-06-11,1644.6,1676.53,1631.94,1662.44,14220694.0
2026-06-12,1726.01,1730.89,1656.85,1663.22,21018567.0
2026-06-15,1687.67,1748.51,1658.32,1748.33,16140938.0
2026-06-16,1751.71,1766.14,1729.04,1758.42,15018218.0
2026-06-17,1729.23,1841.37,1725.9,1840.82,18018313.0
2026-06-18,1837.07,1937.3,1836.04,1911.51,17710999.0
2026-06-22,1922.47,1963.33,1879.59,1948.93,19191334.0
2026-06-23,1929.27,1982.91,1890.16,1916.21,18137295.0
2026-06-24,1896.34,1997.9,1886.74,1989.43,18532528.0
2026-06-25,2004.77,2076.88,2000.8,2066.33,18510032.0
2026-06-26,2034.43,2076.47,1976.92,2032.28,19695170.0
2026-06-29,2039.67,2127.8,2013.51,2126.01,20661484.0
2026-06-30,2132.88,2214.61,2113.95,2207.86,19617861.0
2026-07-01,2205.66,2255.25,2120.36,2153.04,22580954.0
2026-07-02,2059.9,2105.29,1978.32,1987.29,20913363.0
2026-07-03,1978.75,2039.31,1948.17,1975.6,17583808.0
2026-07-06,2015.18,2022.91,1913.82,1996.1,16511997.0
2026-07-07,1965.8,2039.6,1950.98,2001.59,13973250.0
2026-07-08,2022.45,2078.64,1961.64,2016.23,15720588.0
2026-07-09,2047.24,2188.98,2023.54,2185.83,18580605.0
2026-07-10,2190.18,2233.54,2064.98,2064.98,23073429.0
2026-07-13,2038.36,2110.18,1974.05,1994.32,18337937.0
2026-07-14,1994.44,2026.47,1895.56,2009.73,16013950.0
2026-07-15,2021.58,2028.65,1908.18,1924.27,14281933.0
2026-07-16,1869.94,1947.25,1828.57,1846.88,14226782.0
2026-07-17,1829.98,1844.38,1698.32,1715.4,16629024.0
2026-07-20,1764.59,1776.07,1646.39,1718.69,17984793.0
2026-07-21,1747.49,1904.86,1663.85,1903.16,19512745.0
2026-07-22,1874.78,1934.61,1836.11,1860.08,16238611.0
2026-07-23,1876.61,1876.99,1770.53,1789.69,11924269.0
2026-07-24,1766.26,1831.28,1748.8,1787.2,10177526.0
2026-07-27,1780.72,1816.43,1724.47,1807.95,10347297.0
2026-07-28,1755.87,1797.58,1675.99,1693.48,10883944.0
2026-07-29,1704.58,1711.58,1608.14,1678.74,14218535.0
2026-07-30,1653.47,1671.51,1562.0,1588.41,14695675.0
2026-07-31,1721.36,1731.21,1635.68,1635.96,14507410.0
2026-08-03,1619.29,1621.99,1549.74,1552.89,12334986.0
2026-08-04,1569.62,1631.01,1556.11,1616.36,11344343.0
2026-08-05,1615.26,1715.28,1615.26,1693.67,12956469.0
2026-08-06,1651.11,1727.73,1651.11,1701.29,12017178.0
2026-08-07,1697.37,1747.74,1686.66,1744.02,12141418.0
2026-08-10,1740.14,1752.93,1704.08,1737.77,10817174.0
2026-08-11,1713.26,1753.14,1699.92,1709.5,11830175.0
2026-08-12,1720.36,1747.94,1709.16,1736.99,9742544.0
2026-08-13,1763.46,1782.78,1715.34,1717.75,10577525.0
2026-08-14,1738.82,1741.35,1690.68,1717.68,8685139.0
2026-08-17,1721.55,1788.85,1718.61,1788.85,10847565.0
2026-08-18,1786.37,1798.78,1753.97,1790.87,11179921.0
2026-08-19,1738.91,1748.52,1653.67,1667.52,12227985.0
2026-08-20,1685.48,1694.36,1638.29,1652.97,9144025.0
2026-08-21,1649.28,1675.82,1640.62,1653.56,6975365.0
2026-08-24,1651.88,1651.96,1575.28,1602.34,8601909.0
2026-08-25,1584.52,1622.2,1564.77,1604.59,7171351.0
2026-08-26,1605.74,1644.72,1598.44,1632.02,7430315.0
2026-08-27,1646.84,1697.03,1637.33,1693.48,10107359.0
2026-08-28,1684.72,1711.99,1661.48,1662.15,8005009.0
2026-08-31,1623.2,1684.39,1620.36,1684.39,9696775.0
2026-09-01,1679.89,1684.02,1646.64,1647.53,7533502.0
2026-09-02,1623.53,1635.76,1607.19,1617.6,7081557.0
2026-09-03,1634.52,1636.32,1596.62,1611.17,6044152.0
2026-09-04,1627.95,1637.1,1566.87,1577.36,7539251.0
2026-09-07,1596.58,1626.76,1579.02,1615.53,7945384.0
2026-09-08,1614.19,1624.69,1585.12,1591.00,6759192
2026-09-09,1608.20,1609.70,1573.03,1580.06,5806336
2026-09-10,1569.46,1588.00,1562.34,1569.22,5799646
