date,index,open,high,low,close,volume,amount,outstanding_share,turnover
2024-06-03,938,115.71,122.43,115.68,121.37,7497803.0,1342741871.0,416594451.0,0.017997846543568098
2024-06-04,939,119.94,122.42,118.08,120.42,4756579.0,849754222.0,416594451.0,0.011417768500233816
2024-06-05,940,120.04,124.73,119.7,120.78,5790849.0,1054113402.0,416594451.0,0.01390044679207693
2024-06-06,941,124.06,124.65,115.68,116.26,8666051.0,1558513967.0,416594451.0,0.020802127774860832
2024-06-07,942,117.31,122.09,115.08,121.38,8287988.0,1461753551.0,416594451.0,0.019894619287667854
2024-06-11,943,122.72,127.75,121.39,127.69,9954727.0,1848778859.0,416594451.0,0.023895486308337793
2024-06-12,944,127.7,128.95,126.09,127.28,5338440.0,1014931367.0,416594451.0,0.012814476974394457
2024-06-13,945,129.43,136.13,128.55,131.12,9477745.0,1877335920.0,416594451.0,0.022750531067443333
2024-06-14,946,130.1,134.46,128.25,134.13,8214388.0,1617779423.0,416594451.0,0.01971794866753998
2024-06-17,947,132.78,143.37,132.08,141.49,10621894.0,2211612827.0,416594451.0,0.025496964672724363
2024-06-18,948,141.47,146.19,137.61,140.22,8565820.0,1803085227.0,416594451.0,0.020561531675322292
2024-06-19,949,139.89,148.87,139.89,145.73,9745096.0,2099253932.0,416594451.0,0.02339228469464179
2024-06-20,950,145.76,149.01,142.54,144.01,7996342.0,1733521794.0,416594451.0,0.019194547552914956
2024-06-21,951,141.42,145.86,137.94,144.37,6598157.0,1396022726.0,416594451.0,0.01583832185993279
2024-06-24,952,144.05,145.29,136.82,138.35,8288139.0,1737535849.0,416594451.0,0.019894981750489038
2024-06-25,953,137.49,137.67,131.44,132.24,9049890.0,1799750280.0,416594451.0,0.021723501065068197
2024-06-26,954,134.69,137.29,130.1,136.11,8004071.0,1601299512.0,416594451.0,0.019213100368444418
2024-06-27,955,133.11,137.48,132.56,133.19,5247623.0,1051639645.0,416594451.0,0.01259647839140325
2024-06-28,956,132.78,136.97,131.51,133.23,7357795.0,1471104173.0,416594451.0,0.017661769095431375
2024-07-01,957,133.79,137.81,132.11,137.37,6309305.0,1271717372.0,416594451.0,0.01514495688757986
2024-07-02,958,136.8,137.27,131.15,132.11,6655456.0,1325374774.0,416594451.0,0.015975863298284786
2024-07-03,959,131.55,132.78,125.77,131.1,6973556.0,1343316375.0,416594451.0,0.016739435638810272
2024-07-04,960,132.01,133.3,129.43,129.73,3936461.0,768920979.0,416594451.0,0.009449144102977982
2024-07-05,961,129.1,132.11,125.74,129.29,5311250.0,1019879414.0,416594451.0,0.012749209662420588
2024-07-08,962,128.42,131.36,126.78,129.09,4232957.0,819395548.0,416594451.0,0.010160857855497456
2024-07-09,963,128.42,139.95,128.22,139.04,8016332.0,1622167756.0,416594451.0,0.019242531869441536
2024-07-10,964,138.14,142.09,138.14,141.59,5777653.0,1211964475.0,416594451.0,0.0138687709020877
2024-07-11,965,143.17,144.18,133.38,135.23,8169273.0,1674155377.0,416594451.0,0.019609653898150458
2024-07-12,966,132.11,135.19,130.17,133.72,4187843.0,829793302.0,416594451.0,0.010052565486523966
2024-07-15,967,133.72,141.5,133.29,139.62,6481589.0,1340770891.0,416594451.0,0.015558510163641138
2024-07-16,968,139.49,167.54,139.49,167.54,19307399.0,4510843310.0,416594451.0,0.04634579014111736
2024-07-17,969,166.31,172.71,165.68,166.27,12151129.0,3062974086.0,416594451.0,0.02916776488700758
2024-07-18,970,163.63,172.66,153.24,170.33,15252206.0,3712619339.0,416594451.0,0.0366116398415494
2024-07-19,971,166.91,186.82,164.97,179.99,15485007.0,4094585529.0,416594451.0,0.0371704590947612
2024-07-22,972,179.72,182.99,174.69,177.86,10357001.0,2759444109.0,416594451.0,0.024861111268138326
2024-07-23,973,176.37,178.53,165.76,166.62,12188842.0,3099222547.0,417456753.0,0.029197855615956465
2024-07-24,974,166.98,181.73,166.98,175.19,13113571.0,3428381283.0,417456753.0,0.031413004834060024
2024-07-25,975,174.75,177.71,168.84,171.54,8636328.0,2219649543.0,417456753.0,0.02068795854405546
2024-07-26,976,171.88,172.34,165.71,168.14,8141284.0,2048184222.0,417456753.0,0.019502101574579152
2024-07-29,977,168.33,169.93,158.72,165.32,7919376.0,1943887553.0,417456753.0,0.018970530343774317
2024-07-30,978,165.32,169.49,162.96,163.9,7036312.0,1739502160.0,417456753.0,0.016855187871400897
2024-07-31,979,160.98,180.04,160.98,177.08,10858900.0,2804759461.0,417456753.0,0.026012035790447495
2024-08-01,980,179.72,182.4,172.18,173.02,8938306.0,2360243183.0,417456753.0,0.021411334074166958
2024-08-02,981,168.24,174.69,162.88,164.36,9828538.0,2446560657.0,417456753.0,0.023543847187447463
2024-08-05,982,158.92,165.3,152.65,154.03,11936345.0,2807448369.0,417456753.0,0.028593009729082044
2024-08-06,983,159.62,160.94,153.1,156.56,6835596.0,1592301660.0,417456753.0,0.016374381180509972
2024-08-07,984,156.24,158.93,150.08,153.9,6908984.0,1596991481.0,417456753.0,0.016550179031359448
2024-08-08,985,151.09,157.76,148.5,153.93,6795331.0,1557819401.0,417456753.0,0.016277928075582
2024-08-09,986,157.6,167.65,155.37,165.61,11154738.0,2706175472.0,417456753.0,0.026720703210183785
2024-08-12,987,163.57,166.31,159.68,161.65,5634015.0,1368129597.0,417456753.0,0.013496044702862909
2024-08-13,988,162.27,165.07,156.7,161.41,5429629.0,1300711271.0,417456753.0,0.013006446682154883
2024-08-14,989,162.29,169.26,161.62,162.07,6634197.0,1630482736.0,417456753.0,0.015891938391999136
2024-08-15,990,160.34,165.56,160.27,161.83,4768298.0,1158491545.0,417456753.0,0.011422256235486027
2024-08-16,991,163.75,168.32,161.62,164.03,6272523.0,1548297773.0,417456753.0,0.015025563618083332
2024-08-19,992,164.57,173.02,164.57,171.0,6580656.0,1667890014.0,417456753.0,0.015763683190435775
2024-08-20,993,171.75,172.73,165.36,166.3,5322463.0,1339860947.0,417456753.0,0.012749735060580036
2024-08-21,994,165.56,180.85,164.3,176.93,8292657.0,2146072076.0,417456753.0,0.01986470919539778
2024-08-22,995,176.37,179.69,173.52,174.82,5200055.0,1367354358.0,417456753.0,0.01245651187250048
2024-08-23,996,173.09,174.8,166.18,169.68,6407227.0,1619350617.0,417456753.0,0.015348241354236758
2024-08-26,997,168.99,170.48,163.22,165.79,4950499.0,1228548627.0,417456753.0,0.011858711026768323
2024-08-27,998,164.36,164.97,160.86,163.69,3704435.0,901860775.0,417456753.0,0.008873817403547908
2024-08-28,999,163.63,166.57,158.4,161.08,4640904.0,1114605924.0,417456753.0,0.011117089295235331
2024-08-29,1000,155.58,162.88,155.58,161.14,4538637.0,1080614756.0,417456753.0,0.010872113021010347
2024-08-30,1001,160.94,176.21,157.79,172.14,8468308.0,2137905933.0,417456753.0,0.02028547373864138
2024-09-02,1002,178.17,179.67,169.05,169.09,8010042.0,2079665248.0,417456753.0,0.019187716913037937
2024-09-03,1003,168.99,171.82,161.01,161.41,7419613.0,1817951529.0,417456753.0,0.017773369209336996
2024-09-04,1004,157.59,161.75,156.04,160.37,5639179.0,1333444699.0,417456753.0,0.013508414846507466
2024-09-05,1005,160.38,162.34,137.65,138.75,14630289.0,3212494378.0,417456753.0,0.03504623866990122
2024-09-06,1006,141.5,147.3,140.83,144.3,10617610.0,2287211711.0,417456753.0,0.025434035798194407
2024-09-09,1007,144.17,145.37,136.72,141.3,8461678.0,1777137356.0,417456753.0,0.02026959185398541
2024-09-10,1008,141.3,146.27,138.79,143.29,6627927.0,1411502924.0,417456753.0,0.01587691887212087
2024-09-11,1009,142.84,145.72,141.5,144.62,4309610.0,923740036.0,417456753.0,0.010323488526726503
2024-09-12,1010,147.52,148.2,143.51,143.84,4114397.0,891201831.0,417456753.0,0.009855864039645803
2024-09-13,1011,145.22,151.09,143.35,147.87,6755502.0,1493104038.0,417456753.0,0.016182519390218128
2024-09-18,1012,146.19,148.57,138.73,140.83,6156044.0,1311600263.0,417456753.0,0.014746543098800944
2024-09-19,1013,141.36,142.17,137.51,140.49,5023996.0,1049604956.0,417456753.0,0.012034769982508823
2024-09-20,1014,140.49,144.1,138.81,140.07,4061619.0,853971176.0,417456753.0,0.009729436572319625
2024-09-23,1015,141.85,147.87,140.83,142.58,6129867.0,1322572932.0,417456753.0,0.014683837202173611
2024-09-24,1016,143.06,152.49,141.16,148.74,8212051.0,1796282485.0,417456753.0,0.019671620930755432
2024-09-25,1017,151.72,156.64,148.73,148.88,7841332.0,1783599550.0,417456753.0,0.01878357924179993
2024-09-26,1018,148.79,150.21,144.51,150.21,7630675.0,1675712887.0,417456753.0,0.018278959305755918
2024-09-27,1019,149.54,164.3,145.8,161.59,7879335.0,1796877744.0,417456753.0,0.01887461382137469
2024-09-30,1020,171.67,193.91,163.61,193.91,16630413.0,4490414068.0,417456753.0,0.039837451138321864
2024-10-08,1021,232.69,232.69,217.95,232.69,13133511.0,4531495059.0,417456753.0,0.031460770260913706
2024-10-09,1022,234.04,278.3,202.74,249.13,29676382.0,10898439374.0,417456753.0,0.07108851823987622
2024-10-10,1023,249.46,254.83,207.89,232.83,17681233.0,6261550883.0,417456753.0,0.04235464601527239
2024-10-11,1024,225.66,242.76,222.64,223.31,13108216.0,4540002852.0,417456753.0,0.03140017715799174
2024-10-14,1025,225.4,251.4,225.4,250.87,13693642.0,4834791189.0,417456753.0,0.032802540386740374
2024-10-15,1026,246.78,253.82,238.43,238.43,11142218.0,4055340412.0,417456753.0,0.02669071207958157
2024-10-16,1027,229.35,237.74,226.66,229.47,7291461.0,2515727754.0,417456753.0,0.0174663865121377
2024-10-17,1028,238.87,251.41,237.04,240.14,10269502.0,3732763714.0,417456753.0,0.02460015780365158
2024-10-18,1029,241.42,288.16,239.42,288.16,14897077.0,5904655805.0,417456753.0,0.03568531804299259
2024-10-21,1030,304.45,337.53,281.32,297.75,22887318.0,10394616174.0,417456753.0,0.05482560249779934
2024-10-22,1031,288.37,297.77,278.76,282.32,15357904.0,6604328973.0,417456753.0,0.03678920963580627
2024-10-23,1032,277.63,288.25,272.04,280.98,12642831.0,5277811460.0,417456753.0,0.030285367068909292
2024-10-24,1033,272.26,290.37,272.26,285.14,10368887.0,4361931717.0,417456753.0,0.024838230368739538
2024-10-25,1034,287.02,298.08,276.76,282.92,10214642.0,4344517216.0,417456753.0,0.02446874299336104
2024-10-28,1035,285.01,293.46,280.06,291.51,9045071.0,3876068360.0,417456753.0,0.021667085117197758
2024-10-29,1036,289.03,318.8,288.89,291.05,11362978.0,5078813269.0,417456753.0,0.02721953332492863
2024-10-30,1037,285.01,303.74,282.32,298.59,10210706.0,4463581506.0,417456753.0,0.024459314471791525
2024-10-31,1038,319.21,323.61,302.44,304.19,13042572.0,6100933942.0,417456753.0,0.03124292973169367
2024-11-01,1039,299.09,309.68,275.61,275.62,13525364.0,5841907647.0,417456753.0,0.032399437553235606
2024-11-04,1040,274.2,279.57,270.11,275.58,8383317.0,3429092454.0,417456753.0,0.020081881391915104
2024-11-05,1041,272.89,301.1,272.34,293.63,11785153.0,5121353891.0,417456753.0,0.02823083568610998
2024-11-06,1042,295.74,315.44,294.54,305.79,11329626.0,5178228327.0,417456753.0,0.027139640019190205
2024-11-07,1043,302.74,327.25,298.42,319.21,11391909.0,5288087731.0,417456753.0,0.027288836312105363
2024-11-08,1044,327.26,330.63,281.65,289.03,21453800.0,9713509939.0,417456753.0,0.05139167074391536
2024-11-11,1045,281.66,300.43,278.64,288.7,15360887.0,6635052639.0,417456753.0,0.0367963552861726
2024-11-12,1046,285.01,297.83,275.62,283.66,11393018.0,4862060425.0,417456753.0,0.027291492874712223
2024-11-13,1047,283.9,329.19,278.3,317.87,16560079.0,7414351249.0,417456753.0,0.03966896901533654
2024-11-14,1048,314.69,331.87,311.84,314.51,10444713.0,5005409405.0,417456753.0,0.02501986834550021
2024-11-15,1049,318.47,323.9,301.77,304.24,9397802.0,4391637847.0,417456753.0,0.022512037312760875
2024-11-18,1050,301.77,319.45,295.45,300.87,8247691.0,3753337084.0,417456753.0,0.019756995043747682
2024-11-19,1051,301.77,311.83,285.01,309.15,9737149.0,4325527019.0,417456753.0,0.023324928702255297
2024-11-20,1052,305.79,321.65,301.11,318.54,9330080.0,4328962250.0,417456753.0,0.022349812125329303
2024-11-21,1053,318.53,352.07,315.61,344.9,12066333.0,6058022891.0,417456753.0,0.028904390486647606
2024-11-22,1054,342.01,349.75,328.6,329.94,8702758.0,4373599416.0,417456753.0,0.020847088800118176
2024-11-25,1055,335.21,337.7,314.51,327.92,9034201.0,4337897991.0,417456753.0,0.021641046491826663
2024-11-26,1056,324.57,331.88,319.74,325.85,4545327.0,2209649265.0,417456753.0,0.010888138633129263
2024-11-27,1057,323.23,358.77,321.89,358.47,9932091.0,5088377984.0,417456753.0,0.023791904020295008
2024-11-28,1058,355.42,394.78,353.41,366.17,10937412.0,6079438113.0,417456753.0,0.026200107966632892
2024-11-29,1059,363.47,395.66,362.38,376.21,9289018.0,5219224251.0,417456753.0,0.022251449840601813
2024-12-02,1060,376.21,391.99,359.23,376.88,8989705.0,5030552962.0,417456753.0,0.021534458205303007
2024-12-03,1061,372.85,395.63,371.06,382.24,7915956.0,4545547365.0,417456753.0,0.018962337878386172
2024-12-04,1062,392.15,396.33,362.13,370.57,8901721.0,4996846354.0,417456753.0,0.021323696253633246
2024-12-05,1063,368.83,384.16,365.81,382.32,5674763.0,3172809908.0,417456753.0,0.01359365481386763
2024-12-06,1064,382.31,386.27,367.49,371.25,6232280.0,3482705704.0,417456753.0,0.014929163213225108
2024-12-09,1065,368.16,373.46,345.45,361.45,8502600.0,4537704077.0,417456753.0,0.020367618774632685
2024-12-10,1066,374.2,378.82,353.18,361.07,9115789.0,4950728142.0,417456753.0,0.02183648709594596
2024-12-11,1067,356.05,370.7,349.57,365.34,6546419.0,3517091257.0,417456753.0,0.015681669904618837
2024-12-12,1068,368.83,386.93,364.94,386.93,8555301.0,4823535551.0,417456753.0,0.020493861791714744
2024-12-13,1069,383.88,402.35,374.33,380.9,11367277.0,6576691099.0,417456753.0,0.027229831397648993
2024-12-16,1070,384.93,398.34,375.54,385.76,7463902.0,4316876552.0,417456753.0,0.017879461636113477
2024-12-17,1071,380.08,395.66,375.54,382.24,5758896.0,3311232646.0,417456753.0,0.013795191857873718
2024-12-18,1072,380.83,414.55,375.72,414.13,8774587.0,5179522069.0,417456753.0,0.02101915213238867
2024-12-19,1073,406.38,439.24,399.81,426.52,8617152.0,5379397222.0,417456753.0,0.02064202324689667
2024-12-20,1074,425.81,453.84,423.15,453.29,9310919.0,6121082406.0,417456753.0,0.022303912760036248
2024-12-23,1075,453.29,469.42,425.83,435.05,10380437.0,6888866058.0,417456753.0,0.024865897905357398
2024-12-24,1076,439.58,443.94,415.81,442.13,7382927.0,4784588823.0,417456753.0,0.017685489447573987
2024-12-25,1077,436.56,447.02,425.18,444.01,6131874.0,3995053323.0,417456753.0,0.014688644885809286
2024-12-26,1078,441.93,443.27,429.84,436.72,6481692.0,4219457591.0,417456753.0,0.015526619113046184
2024-12-27,1079,435.72,448.1,434.55,437.3,6301000.0,4151232803.0,417456753.0,0.015093779067457078
2024-12-30,1080,439.25,466.66,435.22,458.36,7795859.0,5269180201.0,417456753.0,0.018674650593087903
2024-12-31,1081,458.69,461.37,441.26,441.26,7021055.0,4694180548.0,417456753.0,0.01681864037303045
2025-01-02,1082,437.91,445.95,422.48,432.95,7975382.0,5128937886.0,417456753.0,0.0191046903486072
2025-01-03,1083,429.11,432.53,413.2,416.44,6615237.0,4164652837.0,417456753.0,0.015846520513706962
2025-01-06,1084,419.62,435.89,411.62,435.54,7142193.0,4525444814.0,417456753.0,0.0171088213298109
2025-01-07,1085,429.51,481.49,427.17,481.49,8730409.0,5905819223.0,417456753.0,0.020913325601418644
2025-01-08,1086,470.09,492.89,468.48,486.86,8169427.0,5825786932.0,417456753.0,0.01956951694107581
2025-01-09,1087,486.19,490.86,473.55,477.66,5382326.0,3868372943.0,417456753.0,0.012893134345822883
2025-01-10,1088,482.83,521.57,482.83,489.52,9438041.0,7034599855.0,417456753.0,0.022608428135788235
2025-01-13,1089,474.12,483.54,447.57,482.16,9307636.0,6466985233.0,417456753.0,0.02229604847235517
2025-01-14,1090,480.15,480.82,455.47,465.4,8829242.0,6136445405.0,417456753.0,0.021150075873847464
2025-01-15,1091,449.97,481.49,444.01,466.71,9377400.0,6463773008.0,417456753.0,0.022463165184442472
2025-01-16,1092,461.37,466.07,388.95,398.34,19429203.0,12218742013.0,417456753.0,0.04654183423881515
2025-01-17,1093,386.94,406.3,382.24,397.0,12396309.0,7282220872.0,417456753.0,0.02969483404188697
2025-01-20,1094,396.33,424.38,390.42,414.58,11701286.0,7132068377.0,417456753.0,0.028029935833856302
2025-01-21,1095,414.59,425.15,408.4,419.13,8515231.0,5291827352.0,417456753.0,0.02039787580104136
2025-01-22,1096,410.42,435.87,410.42,429.94,8375100.0,5353629840.0,417456753.0,0.020062197915864114
2025-01-23,1097,435.89,440.63,415.94,416.44,6703529.0,4271994200.0,417456753.0,0.016058020266353196
2025-01-24,1098,420.86,427.84,407.26,411.07,6893564.0,4282386858.0,417456753.0,0.01651324107338132
2025-01-27,1099,390.3,399.64,369.96,383.58,11869330.0,6809918284.0,417456753.0,0.028432478130255567
2025-02-05,1100,397.67,405.71,375.56,386.27,12450812.0,7347175023.0,417456753.0,0.029825393673772956
2025-02-06,1101,386.27,394.95,375.54,378.21,10417804.0,5951745801.0,417456753.0,0.024955408973824887
2025-02-07,1102,376.88,409.07,376.88,401.62,12645400.0,7504342769.0,417456753.0,0.030291520999781264
2025-02-10,1103,409.06,439.84,403.7,437.21,11763601.0,7416175393.0,417456753.0,0.02817920878141837
2025-02-11,1104,437.23,467.07,429.86,447.85,9148212.0,6086293220.0,417456753.0,0.02191415502146638
2025-02-12,1105,446.29,453.31,434.42,439.91,7100796.0,4674492828.0,417456753.0,0.017009656566748604
2025-02-13,1106,442.6,450.8,423.81,427.84,7012988.0,4600340561.0,417456753.0,0.016799316215636833
2025-02-14,1107,426.51,439.24,406.38,419.76,9937854.0,6194892871.0,417456753.0,0.023805709043111346
2025-02-17,1108,429.12,443.27,422.48,443.15,9249959.0,6011369687.0,417456753.0,0.022157885657679132
2025-02-18,1109,443.15,443.19,419.8,421.21,7036589.0,4491054704.0,417456753.0,0.016855851413188183
2025-02-19,1110,421.47,426.42,411.75,419.47,6238696.0,3893878133.0,417456753.0,0.014944532469929885
2025-02-20,1111,422.48,427.11,409.06,414.77,6110473.0,3788676000.0,417456753.0,0.014637379695232766
2025-02-21,1112,432.54,497.73,422.48,497.73,16532611.0,11299483415.0,417456753.0,0.03960317058279807
2025-02-24,1113,498.93,533.67,495.01,523.31,12757989.0,9825925748.0,417456753.0,0.030561223188549067
2025-02-25,1114,523.07,549.14,503.96,530.03,10938062.0,8579508874.0,417456753.0,0.026201665014148185
2025-02-26,1115,523.83,545.2,511.62,533.13,7406488.0,5859100447.0,417456753.0,0.017741928826816702
2025-02-27,1116,528.48,540.49,514.35,533.8,8093575.0,6375685065.0,417456753.0,0.019387816682414526
2025-02-28,1117,523.07,533.8,486.19,493.19,12112043.0,9101646591.0,417456753.0,0.029013886858838284
2025-03-03,1118,482.83,493.19,459.76,464.77,11198360.0,7869313117.0,417456753.0,0.02682519786666381
2025-03-04,1119,462.72,472.75,441.26,459.74,9416223.0,6425763811.0,417456753.0,0.022556164039344215
2025-03-05,1120,461.37,481.95,461.37,477.07,7981845.0,5646797900.0,417456753.0,0.019120172191824623
2025-03-06,1121,489.54,521.57,489.54,519.72,10219925.0,7795445081.0,417456753.0,0.02448139819647378
2025-03-07,1122,513.02,518.38,500.94,502.95,5784099.0,4387785908.0,417456753.0,0.013855564578685831
2025-03-10,1123,502.95,529.77,493.0,522.4,7594983.0,5799739510.0,417456753.0,0.018193460628962446
2025-03-11,1124,506.31,535.74,500.27,531.12,6657398.0,5132347889.0,417456753.0,0.015947515406464153
2025-03-12,1125,531.04,548.51,519.05,519.05,6351507.0,5048943539.0,417456753.0,0.015214766450310602
2025-03-13,1126,523.27,528.43,495.55,497.58,6254585.0,4749108078.0,417456753.0,0.01498259389757674
2025-03-14,1127,500.27,521.72,500.27,508.32,6813236.0,5170917504.0,417456753.0,0.01632081874598397
2025-03-17,1128,506.23,506.89,487.71,504.09,4730941.0,3513671654.0,417456753.0,0.011332769121595693
2025-03-18,1129,502.28,509.66,495.24,502.95,3860211.0,2892885682.0,417456753.0,0.009246972224689344
2025-03-19,1130,497.74,502.15,469.42,472.04,8511634.0,6120351963.0,417456753.0,0.020389259339637512
2025-03-20,1131,469.42,477.47,465.38,471.86,4317047.0,3042228071.0,417456753.0,0.010341303545759146
2025-03-21,1132,476.25,476.25,443.51,459.4,9645653.0,6546979147.0,417456753.0,0.02310575390308754
2025-03-24,1133,455.34,466.27,450.31,458.81,4801276.0,3279822078.0,417456753.0,0.011501253640038732
2025-03-25,1134,460.03,460.04,426.1,430.76,7042105.0,4590157645.0,417456753.0,0.01686906475794871
2025-03-26,1135,430.76,437.9,429.19,431.2,4082371.0,2639326368.0,417456753.0,0.00977914711083857
2025-03-27,1136,433.13,445.88,426.77,428.01,6087813.0,3950878501.0,417456753.0,0.014583098623392014
2025-03-28,1137,425.83,430.28,418.46,420.47,4347659.0,2740476048.0,417456753.0,0.010414633297356193
2025-03-31,1138,419.52,425.6,409.74,417.79,5318559.0,3301846503.0,417456753.0,0.012740383193657428
2025-04-01,1139,425.29,434.52,421.84,424.45,5739758.0,3655499619.0,417456753.0,0.013749347588108127
2025-04-02,1140,423.82,432.54,419.8,422.04,3404978.0,2158505450.0,417456753.0,0.008156480822338021
2025-04-03,1141,415.1,432.54,415.1,427.84,6038431.0,3854330169.0,417456753.0,0.014464806130468801
2025-04-07,1142,402.34,412.42,356.95,379.0,12378667.0,7160071802.0,417456753.0,0.02965257337686426
2025-04-08,1143,385.6,393.14,372.58,379.53,8197315.0,4692949641.0,417456753.0,0.019636321465854933
2025-04-09,1144,372.21,423.82,368.83,412.88,11674879.0,7042986547.0,417456753.0,0.02796667898195433
2025-04-10,1145,422.48,422.48,399.01,404.3,9443309.0,5718532098.0,417456753.0,0.022621047407035237
2025-04-11,1146,405.71,424.36,397.67,412.41,8772481.0,5366853257.0,417456753.0,0.021014107298439128
2025-04-14,1147,412.69,440.96,405.71,427.64,8796254.0,5542328237.0,417456753.0,0.0210710545147176
2025-04-15,1148,422.81,425.72,412.08,415.69,5295079.0,3303581375.0,417456753.0,0.012684137846489694
2025-04-16,1149,442.6,447.28,425.84,433.21,9020370.0,5842501237.0,417456753.0,0.02160791491615899
2025-04-17,1150,432.54,460.22,429.22,454.0,7267329.0,4865875412.0,417456753.0,0.017408579326539244
2025-04-18,1151,449.3,454.21,444.68,448.99,4168728.0,2788430620.0,417456753.0,0.009986011652804667
2025-04-21,1152,463.39,487.15,460.04,466.07,8338982.0,5874523608.0,417456753.0,0.019975678774083697
2025-04-22,1153,465.3,477.47,458.02,466.05,5217223.0,3631341478.0,417456753.0,0.012497637090565882
2025-04-23,1154,460.21,465.12,450.56,459.5,5529172.0,3776308239.0,417456753.0,0.01324489772956194
2025-04-24,1155,459.5,465.99,455.34,464.03,4357585.0,2994192381.0,417456753.0,0.010438410610643541
2025-04-25,1156,460.68,472.17,452.66,462.69,4606187.0,3179592576.0,417456753.0,0.011033926189714794
2025-04-28,1157,462.49,482.83,457.07,476.66,5642771.0,3990661134.0,417456753.0,0.013517019330622734
2025-04-29,1158,474.79,476.75,468.19,472.77,2999326.0,2113383326.0,417456753.0,0.007184758608995361
2025-04-30,1159,471.46,483.37,470.09,471.84,3879427.0,2752633897.0,417456753.0,0.00929300334015677
2025-05-06,1160,469.42,477.47,458.02,474.26,5592320.0,3906746224.0,417456753.0,0.013396166093401296
2025-05-07,1161,485.61,497.53,478.13,483.52,6351008.0,4615103908.0,417456753.0,0.015213571116910402
2025-05-08,1162,476.13,482.69,470.09,471.59,4257149.0,3009953482.0,417456753.0,0.010197820419496245
2025-05-09,1163,469.54,472.76,463.79,469.42,3006966.0,2101663219.0,417456753.0,0.007203059905944317
2025-05-12,1164,467.32,470.31,452.66,452.92,6276828.0,4291521771.0,417456753.0,0.015035876063549988
2025-05-13,1165,454.89,462.34,453.53,454.86,3602389.0,2457040047.0,417456753.0,0.00862937052547812
2025-05-14,1166,468.75,472.77,452.76,458.69,4638890.0,3188759568.0,417456753.0,0.011112264843395647
2025-05-15,1167,456.68,459.95,449.36,454.0,3478600.0,2352332807.0,417456753.0,0.008332839210293
2025-05-16,1168,445.95,451.3,439.97,447.96,3606054.0,2403096936.0,417456753.0,0.008638149878006644
2025-05-19,1169,448.04,451.91,441.26,450.6,3336174.0,2225971773.0,417456753.0,0.00799166374965792
2025-05-20,1170,450.11,460.7,448.86,451.32,3696608.0,2508631959.0,417456753.0,0.00885506815600609
2025-05-21,1171,451.23,453.98,445.36,446.95,2488220.0,1662137116.0,417456753.0,0.00596042579768736
2025-05-22,1172,446.95,449.22,440.25,443.71,2969543.0,1968237437.0,417456753.0,0.007113414691844738
2025-05-23,1173,441.46,450.58,435.89,441.66,3277702.0,2167972382.0,417456753.0,0.007851596546097794
2025-05-26,1174,441.73,446.08,432.54,436.56,3239864.0,2112861446.0,417456753.0,0.0077609572170461456
2025-05-27,1175,434.7,437.74,411.75,411.75,6511507.0,4086021050.0,417456753.0,0.015598039684843714
2025-05-28,1176,413.49,415.77,405.38,409.06,4548820.0,2778767635.0,417456753.0,0.010896505966930663
2025-05-29,1177,412.42,415.1,407.73,411.01,4357991.0,2675026744.0,417456753.0,0.01043938316647617
2025-05-30,1178,406.38,407.57,390.96,404.82,5861370.0,3476241875.0,417456753.0,0.014040663991845882
2025-06-03,1179,401.69,406.82,399.01,399.58,3535249.0,2120590464.0,417456753.0,0.008468539494437164
2025-06-04,1180,403.7,416.67,401.64,407.39,4895133.0,2991239102.0,417456753.0,0.011726084114873572
2025-06-05,1181,407.73,421.8,405.76,415.68,5687781.0,3516353406.0,417456753.0,0.01362483888241233
2025-06-06,1182,415.77,417.26,406.38,409.07,4102179.0,2515114397.0,417456753.0,0.009826596337273768
2025-06-09,1183,407.73,412.98,401.03,411.27,4047532.0,2461805721.0,417456753.0,0.0096956917594767
2025-06-10,1184,411.27,413.55,400.68,403.63,4297078.0,2608659981.0,417456753.0,0.010293468650631698
2025-06-11,1185,403.7,407.66,400.67,402.5,3091870.0,1862825897.0,417456753.0,0.007406443847849313
2025-06-12,1186,400.74,410.87,395.67,405.58,3868410.0,2337517107.0,417456753.0,0.00926661258250145
2025-06-13,1187,399.35,407.65,397.44,405.65,4045764.0,2436393743.0,417456753.0,0.009691456590235108
2025-06-16,1188,401.02,413.09,400.25,400.72,4566639.0,2756462869.0,417456753.0,0.010939190627969072
2025-06-17,1189,400.35,402.09,381.09,384.46,6567375.0,3789592646.0,417456753.0,0.015731869116511813
2025-06-18,1190,385.6,394.29,383.67,391.57,4089360.0,2376488060.0,417456753.0,0.009795888964814517
2025-06-19,1191,390.29,397.6,388.98,390.34,3371745.0,1975021981.0,417456753.0,0.008076872576067777
2025-06-20,1192,389.95,391.63,380.31,384.91,3719260.0,2137606874.0,417456753.0,0.008909330064185116
2025-06-23,1193,383.32,385.62,375.99,380.9,4549745.0,2578692432.0,417456753.0,0.010898721765317807
2025-06-24,1194,385.06,413.48,384.93,407.22,8834966.0,5313919552.0,417456753.0,0.021163787473812885
2025-06-25,1195,407.95,414.89,400.02,409.81,9328802.0,5655340828.0,417456753.0,0.02234675073036847
2025-06-26,1196,409.74,426.7,407.06,409.4,9013879.0,5590356367.0,417456753.0,0.021592366000125526
2025-06-27,1197,407.73,408.18,390.81,392.64,8132858.0,4807503075.0,417456753.0,0.01948191744786555
2025-06-30,1198,392.68,411.04,392.68,403.37,7249424.0,4363268287.0,417456753.0,0.017365688656137274
2025-07-01,1199,401.61,401.61,375.98,377.55,10423790.0,5924880801.0,418350224.0,0.02491642026705357
2025-07-02,1200,375.68,375.68,363.41,365.55,6409804.0,3509933369.0,418350224.0,0.015321622010174901
2025-07-03,1201,366.15,371.25,364.81,367.02,3972289.0,2173734826.0,418350224.0,0.009495128177581661
2025-07-04,1202,365.48,374.18,361.23,367.13,5685933.0,3111587176.0,418350224.0,0.01359132294859247
2025-07-07,1203,364.81,371.42,362.8,363.05,3331055.0,1810291915.0,418350224.0,0.007962359785900342
2025-07-08,1204,362.13,365.68,360.85,363.98,3952781.0,2143484029.0,418350224.0,0.009448497391028049
2025-07-09,1205,364.81,365.33,357.77,358.77,4906959.0,2643083782.0,418350224.0,0.011729308886422396
2025-07-10,1206,358.11,360.7,349.16,351.06,8581516.0,4522151657.0,418350224.0,0.020512755838753897
2025-07-11,1207,350.72,375.51,350.72,371.5,11643672.0,6359225561.0,418350224.0,0.027832355122630457
2025-07-14,1208,372.18,382.24,371.51,378.93,6511493.0,3678055659.0,418350224.0,0.015564693470798764
2025-07-15,1209,378.22,378.22,366.66,370.91,5968589.0,3309396823.0,418350224.0,0.01426696738185564
2025-07-16,1210,367.55,397.73,367.55,389.08,9712272.0,5629778216.0,418350224.0,0.023215649096915508
2025-07-17,1211,385.6,392.3,375.02,390.56,7973717.0,4557378595.0,418350224.0,0.01905990852296042
2025-07-18,1212,389.32,395.64,387.63,390.71,5115645.0,2984533701.0,418350224.0,0.012228139741596027
2025-07-21,1213,393.64,402.07,389.0,390.29,5957641.0,3509550816.0,418350224.0,0.014240797920548024
2025-07-22,1214,390.22,403.09,389.02,398.29,6563220.0,3894927712.0,418350224.0,0.015688338677691253
2025-07-23,1215,397.8,404.37,393.33,399.38,5448653.0,3236985175.0,418350224.0,0.013024142661866963
2025-07-24,1216,396.66,405.68,396.66,402.52,4916621.0,2941834944.0,418350224.0,0.011752404368259643
2025-07-25,1217,402.05,468.09,402.05,451.52,12739273.0,8133258858.0,418350224.0,0.030451215917121154
2025-07-28,1218,451.32,461.84,438.59,455.34,9507983.0,6379660931.0,418350224.0,0.022727328574347793
2025-07-29,1219,453.33,481.49,451.32,476.65,11410381.0,7988279230.0,418350224.0,0.027274709909083258
2025-07-30,1220,469.42,474.79,456.01,459.16,7653196.0,5304272237.0,418350224.0,0.018293753799926257
2025-07-31,1221,459.36,492.89,456.02,475.79,11769078.0,8333907585.0,418350224.0,0.028132118318167795
2025-08-01,1222,469.42,480.15,456.01,462.11,7183598.0,4998268095.0,418350224.0,0.017171254102161065
2025-08-04,1223,461.09,469.39,452.77,462.09,5776109.0,3987683051.0,418350224.0,0.013806874404828811
2025-08-05,1224,460.03,469.35,457.74,466.07,4878823.0,3379825557.0,418350224.0,0.01166205423138485
2025-08-06,1225,463.96,467.0,459.36,465.63,4339978.0,2997970928.0,418350224.0,0.010374030539541435
2025-08-07,1226,469.76,490.21,460.04,471.43,10824428.0,7687346630.0,418350224.0,0.025874081998818292
2025-08-08,1227,463.39,471.39,449.3,464.59,6525331.0,4496880601.0,418350224.0,0.015597771019718636
2025-08-11,1228,464.39,477.33,463.12,474.38,5559427.0,3916076012.0,418350224.0,0.013288930377147354
2025-08-12,1229,471.1,569.26,466.78,569.26,19162193.0,15126074903.0,418350224.0,0.04580418964948373
2025-08-13,1230,556.6,582.08,549.89,576.72,13468386.0,11355310256.0,418350224.0,0.032194045150075026
2025-08-14,1231,580.07,660.54,580.07,636.4,15071068.0,14035314030.0,418350224.0,0.03602500282155938
2025-08-15,1232,618.97,627.01,606.77,619.44,11039869.0,10171678360.0,418350224.0,0.026389059612407426
2025-08-18,1233,637.26,662.55,620.62,637.07,11542302.0,11085893402.0,418350224.0,0.027590046181019852
2025-08-19,1234,629.7,671.34,622.27,626.33,10546957.0,10074664704.0,418350224.0,0.025210831487447703
2025-08-20,1235,617.03,688.71,603.54,679.32,12705950.0,12383503093.0,418350224.0,0.030371562559507556
2025-08-21,1236,684.01,724.37,674.34,694.74,11402797.0,11930000150.0,418350224.0,0.02725658155736998
2025-08-22,1237,720.9,833.69,720.9,833.69,14116082.0,16488719338.0,418350224.0,0.033742259930043685
2025-08-25,1238,885.87,932.81,848.98,928.74,18763905.0,24989985400.0,418350224.0,0.04485214522079472
2025-08-26,1239,878.49,903.97,864.41,891.23,11813228.0,15643165298.0,418350224.0,0.02823765190573915
2025-08-27,1240,924.68,982.42,899.29,920.13,17895090.0,25003097032.0,418350224.0,0.04277538046686931
2025-08-28,1241,952.25,1070.2,932.81,1064.86,17827045.0,26023907975.0,418350224.0,0.04261272966355577
2025-08-29,1242,992.49,1029.35,952.25,1000.87,17863773.0,26507283491.0,418350224.0,0.04270052213477481
2025-09-01,1243,979.08,1011.67,911.18,971.29,17538116.0,25070934112.0,418350224.0,0.04192209061659305
2025-09-02,1244,973.04,1032.73,959.63,992.49,17337645.0,25731181437.0,418350224.0,0.04144289641876707
2025-09-03,1245,951.58,965.0,919.4,942.2,14149206.0,19901150240.0,418350224.0,0.033821437609652144
2025-09-04,1246,922.08,931.47,792.65,806.06,22165387.0,28013149023.0,418350224.0,0.05298284960401981
2025-09-05,1247,818.13,878.59,785.95,859.35,20003878.0,24705957244.0,418350224.0,0.047816104432156344
2025-09-08,1248,834.9,843.61,793.32,813.29,14072803.0,17136817058.0,418350224.0,0.03363880833012294
2025-09-09,1249,791.32,849.65,791.32,823.55,10358154.0,12767436237.0,418350224.0,0.024759527796978063
2025-09-10,1250,850.32,888.55,829.39,853.68,13858537.0,17662160171.0,418350224.0,0.03312663936807166
2025-09-11,1251,868.43,963.3,855.69,930.12,19093243.0,25996861983.0,418350224.0,0.04563937558690061
2025-09-12,1252,930.12,1020.8,920.07,997.86,19741149.0,28695031003.0,418350224.0,0.047188092338633476
2025-09-15,1253,1009.26,1025.62,946.29,965.67,11449132.0,16564077105.0,418350224.0,0.02736733804163088
2025-09-16,1254,984.44,1024.68,957.98,965.73,13680274.0,20074698247.0,418350224.0,0.03270052987948203
2025-09-17,1255,947.76,985.8,920.23,967.01,9861747.0,14146955670.0,418350224.0,0.023572945427656804
2025-09-18,1256,1011.27,1017.97,926.18,952.92,17199485.0,25149758553.0,418350224.0,0.04111264680474989
2025-09-19,1257,933.48,952.25,899.95,904.8,12655224.0,17405922549.0,418350224.0,0.030250310084691145
2025-09-22,1258,890.55,958.89,872.45,937.5,13435968.0,18462164260.0,418350224.0,0.03211655505173101
2025-09-23,1259,938.84,955.61,880.72,905.57,12818062.0,17429935879.0,418350224.0,0.030639548552028502
2025-09-24,1260,891.9,938.84,891.9,921.41,10089718.0,13721388643.0,418350224.0,0.024117874023177287
2025-09-25,1261,918.32,948.9,905.31,929.92,9030112.0,12516091788.0,418350224.0,0.02158505357941436
2025-09-26,1262,915.37,932.14,894.58,897.94,7552099.0,10227301335.0,418350224.0,0.018052097421609126
2025-09-29,1263,885.19,897.92,852.34,887.54,9029805.0,11815948745.0,418350224.0,0.021584319744501916
2025-09-30,1264,930.8,938.17,884.01,888.55,8653981.0,11699849210.0,418350224.0,0.020685971952533244
2025-10-09,1265,912.35,942.82,893.24,893.77,11833823.0,16137619926.0,418350224.0,0.028286880993757996
2025-10-10,1266,873.12,874.67,832.21,836.29,10821300.0,13767648794.0,418350224.0,0.02586660500987326
2025-10-13,1267,811.43,857.03,811.43,846.37,8775278.0,11019557222.0,418350224.0,0.020975913233884154
2025-10-14,1268,853.0,853.0,798.02,802.04,10587600.0,12861254895.0,418350224.0,0.025307982146556707
2025-10-15,1269,810.09,836.23,798.02,832.89,7080698.0,8637499885.0,418350224.0,0.01692528793769691
2025-10-16,1270,844.96,877.12,844.96,854.35,9666790.0,12409422159.0,418350224.0,0.023106931574154003
2025-10-17,1271,841.57,864.59,816.95,836.7,8481374.0,10607162139.0,418350224.0,0.020273382236793064
2025-10-20,1272,853.75,894.56,832.55,859.12,12807107.0,16518765341.0,418350224.0,0.030613362358328747
2025-10-21,1273,859.12,924.09,834.9,918.03,14612563.0,19240518795.0,418350224.0,0.034929019184653284
2025-10-22,1274,899.28,984.44,897.94,958.63,14133562.0,19814513226.0,418350224.0,0.03378404310356004
2025-10-23,1275,944.88,950.24,915.37,938.11,7924208.0,11008098775.0,418350224.0,0.018941565094034704
2025-10-24,1276,955.61,1038.09,941.53,1022.67,15956560.0,23402505412.0,418350224.0,0.038141631304588475
2025-10-27,1277,1046.14,1046.15,1001.21,1026.48,12235606.0,18757215645.0,418350224.0,0.029247279666808543
2025-10-28,1278,1009.26,1028.56,977.07,991.54,10431090.0,15591302965.0,418350224.0,0.02493386976171429
2025-10-29,1279,979.08,1026.61,960.97,979.75,10122854.0,14915634309.0,418350224.0,0.024197080386886564
2025-10-30,1280,965.67,1005.88,938.85,953.6,11736477.0,16889724409.0,418350224.0,0.028054190787286395
2025-10-31,1281,944.18,948.23,922.08,922.08,8516738.0,11831070790.0,418350224.0,0.02035791428188646
2025-11-03,1282,895.25,912.46,895.25,903.03,6378888.0,8590648848.0,418350224.0,0.015247722205115874
2025-11-04,1283,918.72,932.71,889.22,898.34,7150162.0,9736393898.0,418350224.0,0.017091330635931486
2025-11-05,1284,868.43,915.37,865.82,903.97,6769887.0,9005687036.0,418350224.0,0.016182343432903243
2025-11-06,1285,929.45,993.08,919.55,992.49,13478595.0,19250016672.0,418350224.0,0.03221844814884096
2025-11-07,1286,976.09,985.03,959.01,960.64,6644428.0,9618929569.0,418350224.0,0.015882453549253987
2025-11-10,1287,958.98,972.37,896.6,933.14,8934859.0,12282433932.0,418350224.0,0.021357366358192745
2025-11-11,1288,937.5,940.85,871.19,891.9,9017681.0,12109374239.0,418350224.0,0.02155533924131471
2025-11-12,1289,879.83,922.08,877.15,915.89,6721232.0,9031583735.0,418350224.0,0.01606604135581866
2025-11-13,1290,906.65,930.12,891.23,928.72,6150783.0,8363426246.0,418350224.0,0.014702473303802989
2025-11-14,1291,905.31,915.46,888.08,888.55,6273792.0,8403397057.0,418350224.0,0.014996506850203097
2025-11-17,1292,883.15,899.95,860.64,873.86,6749279.0,8840817365.0,418350224.0,0.01613308327044185
2025-11-18,1293,875.77,901.58,865.74,889.69,6003436.0,7979099417.0,418350224.0,0.014350263620272377
2025-11-19,1294,885.19,905.31,885.19,893.24,4241304.0,5664290197.0,418350224.0,0.010138165959246624
2025-11-20,1295,912.7,915.76,885.19,886.74,3887485.0,5185546030.0,418350224.0,0.009292417637142223
2025-11-21,1296,865.28,870.44,831.55,837.58,7257306.0,9176505152.0,418350224.0,0.017347441410716206
2025-11-24,1297,840.18,855.41,816.79,846.29,5921422.0,7394380933.0,418350224.0,0.014154222133271763
2025-11-25,1298,850.32,861.96,834.23,844.96,5877103.0,7414400485.0,418350224.0,0.014048284577947304
2025-11-26,1299,834.9,898.71,827.53,881.61,9147290.0,11889049610.0,418350224.0,0.021865149043161503
2025-11-27,1300,912.02,930.93,880.5,883.42,8936417.0,12117075987.0,418350224.0,0.02136109051061486
2025-11-28,1301,878.49,903.3,865.75,892.57,5854639.0,7708418732.0,418350224.0,0.013994587941226965
2025-12-01,1302,890.52,926.77,866.55,913.66,7368403.0,9888480775.0,418350224.0,0.01761300120637679
2025-12-02,1303,918.72,923.42,886.83,891.05,4640631.0,6242939888.0,418350224.0,0.01109269395299762
2025-12-03,1304,893.91,912.02,885.26,893.44,4491965.0,6005556710.0,418350224.0,0.010737331408719408
2025-12-04,1305,886.01,918.26,866.75,918.05,7052731.0,9414092024.0,418350224.0,0.01685843725041247
2025-12-05,1306,898.27,936.38,886.54,908.67,8802266.0,11982010116.0,418350224.0,0.02104042377661067
2025-12-08,1307,895.25,966.87,893.93,950.78,9874431.0,13837959654.0,418350224.0,0.023603264522215242
2025-12-09,1308,922.08,977.45,917.38,962.98,9059417.0,12892588911.0,418350224.0,0.021655102543939358
2025-12-10,1309,962.98,973.51,919.4,952.84,6296651.0,8864636275.0,418350224.0,0.015051147671908502
2025-12-11,1310,945.55,950.24,922.75,926.79,6207259.0,8619204100.0,418350224.0,0.014837470243591886
2025-12-12,1311,926.79,944.21,891.77,901.29,9173113.0,12503100255.0,418350224.0,0.021926874837767507
2025-12-15,1312,882.52,923.95,882.52,893.17,6410876.0,8667825206.0,418350224.0,0.01532418445651412
2025-12-16,1313,884.59,893.24,846.76,854.29,7394627.0,9503366290.0,418350224.0,0.017675685528018268
2025-12-17,1314,851.74,885.19,847.31,882.24,6313657.0,8165521986.0,418350224.0,0.015091797823442782
2025-12-18,1315,871.78,878.33,858.38,863.06,3886562.0,5022391299.0,418350224.0,0.009290211351721422
2025-12-19,1316,871.78,872.45,847.64,850.32,4326554.0,5527000531.0,418350224.0,0.010341942592099581
2025-12-22,1317,855.02,870.21,843.62,861.57,6476694.0,8285582166.0,418350224.0,0.015481511968785272
2025-12-23,1318,857.16,905.31,855.08,895.94,9143503.0,12143932520.0,418350224.0,0.021856096819013536
2025-12-24,1319,895.25,901.96,872.45,889.35,5928662.0,7830827375.0,418350224.0,0.014171528207428424
2025-12-25,1320,881.84,894.58,878.49,884.8,4051027.0,5343991086.0,418350224.0,0.00968333890506056
2025-12-26,1321,873.12,894.68,865.14,874.39,4784797.0,6276085535.0,418350224.0,0.011437299959471278
2025-12-29,1322,878.47,937.5,877.15,911.01,9835262.0,13413872870.0,418350224.0,0.023509637226822665
2025-12-30,1323,911.27,965.0,911.27,949.44,9135367.0,12869406686.0,418350224.0,0.0218366489986629
2025-12-31,1324,956.28,960.3,904.08,909.03,7026742.0,9747441408.0,418350224.0,0.016796314659078562
2026-01-05,1325,922.08,941.18,903.15,932.14,6551502.0,9038942469.0,418350224.0,0.015660328653248193
2026-01-06,1326,925.43,958.96,914.07,927.51,6960013.0,9668802273.0,418350224.0,0.016636809545487418
2026-01-07,1327,918.72,938.8,909.93,935.41,6836643.0,9416481263.0,418350224.0,0.01634191308572121
2026-01-08,1328,944.88,996.51,939.51,968.35,14922062.0,21582860951.0,418350224.0,0.03566882756109149
2026-01-09,1329,952.25,1013.95,932.81,999.87,10220498.0,14899518827.0,418350224.0,0.024430482915194996
2026-01-12,1330,1029.0,1039.43,981.09,1012.6,9484444.0,14379497916.0,418350224.0,0.022671062320263034
2026-01-13,1331,995.84,1019.32,938.84,944.27,10002988.0,14468557793.0,418350224.0,0.023910559684557502
2026-01-14,1332,952.25,972.36,930.86,965.08,8947825.0,12769174184.0,418350224.0,0.02138835952912027
2026-01-15,1333,952.93,968.35,933.78,948.9,5783870.0,8160415979.0,418350224.0,0.013825425847029067
2026-01-16,1334,952.25,969.02,944.23,954.97,7225559.0,10308466086.0,418350224.0,0.017271555231675936
2026-01-19,1335,953.6,978.13,944.21,952.03,6911905.0,9918274016.0,418350224.0,0.016521814985331524
2026-01-20,1336,950.24,955.61,892.58,900.65,8737401.0,11952219696.0,418350224.0,0.020885374260012347
2026-01-21,1337,895.49,930.8,895.2,907.91,7575012.0,10345072403.0,418350224.0,0.018106867321768184
2026-01-22,1338,901.29,917.38,893.91,907.32,5935032.0,8030782537.0,418350224.0,0.014186754684276206
2026-01-23,1339,896.59,907.32,885.19,895.25,6351127.0,8480917290.0,418350224.0,0.015181363928228709
2026-01-26,1340,888.55,891.85,869.1,871.78,6787046.0,8871288504.0,418350224.0,0.016223359306722876
2026-01-27,1341,871.78,883.77,856.06,872.38,6338380.0,8235075320.0,418350224.0,0.015150894242141005
2026-01-28,1342,878.41,878.49,857.7,860.23,6981286.0,9013149130.0,418350224.0,0.01668765928520215
2026-01-29,1343,859.79,866.5,838.26,839.6,7158157.0,9051850983.0,418350224.0,0.017110441418097578
2026-01-30,1344,839.59,856.94,831.61,844.21,6349543.0,8018391889.0,418350224.0,0.015177577626921505
2026-02-02,1345,837.58,854.08,826.85,832.89,6669029.0,8357731143.0,418350224.0,0.01594125834626062
2026-02-03,1346,841.61,843.47,712.85,756.44,22614455.0,25622515727.0,418350224.0,0.05405627558597889
2026-02-04,1347,737.66,743.43,713.5,716.2,11735129.0,12657885600.0,418350224.0,0.028050968606628496
2026-02-05,1348,704.14,719.54,695.44,709.72,7942115.0,8357564076.0,418350224.0,0.018984368943471632
2026-02-06,1349,699.14,712.64,681.04,695.41,7981348.0,8272185155.0,418350224.0,0.019078149220735207
2026-02-09,1350,710.84,741.65,708.16,728.81,9653639.0,10462460032.0,418350224.0,0.023075496190005627
2026-02-10,1351,741.02,769.85,732.02,738.27,9660120.0,10796371349.0,418350224.0,0.02309098799478592
2026-02-11,1352,730.21,739.67,719.56,723.51,5527311.0,5983828108.0,418350224.0,0.013212162162007112
2026-02-12,1353,724.24,751.07,711.73,746.04,8685714.0,9502364159.0,418350224.0,0.02076182466678923
2026-02-13,1354,737.66,766.5,733.04,751.53,7056945.0,7918250312.0,418350224.0,0.016868510150481
2026-02-24,1355,761.98,765.83,717.68,718.58,8187709.0,8894584851.0,418350224.0,0.019571422531376486
2026-02-25,1356,724.24,743.7,720.23,726.03,5760623.0,6266293048.0,418350224.0,0.013769857572730736
2026-02-26,1357,734.41,797.27,716.7,783.8,14083847.0,16034677283.0,418350224.0,0.03366520726423706
2026-02-27,1358,767.85,812.85,765.38,789.97,12151165.0,14322223946.0,418350224.0,0.029045436820418675
2026-03-02,1359,771.19,810.46,766.54,799.29,8821975.0,10389211104.0,418350224.0,0.021087535021852885
2026-03-03,1360,802.71,803.97,757.77,759.83,7537116.0,8732618337.0,418350224.0,0.018016282931403425
2026-03-04,1361,752.42,776.56,744.37,749.12,5898695.0,6656512148.0,418350224.0,0.014099896836675292
2026-03-05,1362,770.31,802.05,752.43,783.26,8539945.0,9922297387.0,418350224.0,0.02041338694251542
2026-03-06,1363,777.9,786.84,769.89,774.46,4523467.0,5238659046.0,418350224.0,0.01081263195403476
2026-03-09,1364,751.07,760.3,732.96,755.09,6025840.0,6690959588.0,418350224.0,0.014403816836488654
2026-03-10,1365,770.51,777.9,761.14,769.25,5020293.0,5750878845.0,418350224.0,0.012000215876542712
2026-03-11,1366,774.55,777.23,733.2,736.99,7621059.0,8594431103.0,418350224.0,0.018216935387609594
2026-03-12,1367,736.99,751.88,722.82,736.99,6262527.0,6863561917.0,418350224.0,0.014969579650565695
2026-03-13,1368,745.11,755.8,727.58,735.05,9290621.0,10301354225.0,418350224.0,0.02220775911428698
2026-03-16,1369,729.66,733.04,702.09,730.94,6695672.0,7211654650.0,418350224.0,0.01600494422108879
2026-03-17,1370,730.87,751.07,718.22,724.24,5532089.0,6045178216.0,418350224.0,0.013223583214813817
2026-03-18,1371,726.42,729.61,702.9,714.86,6839317.0,7258997345.0,418350224.0,0.016348304859518853
2026-03-19,1372,700.79,706.0,692.18,695.43,4885275.0,5089266821.0,418350224.0,0.011677476716254848
2026-03-20,1373,696.88,714.63,671.28,687.37,10195162.0,10508394228.0,418350224.0,0.024369921217013618
2026-03-23,1374,672.28,684.35,649.14,651.36,8151520.0,8094829806.0,418350224.0,0.019484918454352254
2026-03-24,1375,660.54,695.95,650.5,689.71,9059606.0,9111327946.0,418350224.0,0.02165555431852715
2026-03-25,1376,690.72,712.11,685.99,696.76,8971388.0,9359463115.0,418350224.0,0.021444683151406654
2026-03-26,1377,697.43,716.66,682.79,687.3,4994724.0,5183511265.0,418350224.0,0.011939097228737231
2026-03-27,1378,673.96,696.12,673.96,686.7,5042257.0,5154200457.0,418350224.0,0.012052717342395877
2026-03-30,1379,673.67,680.66,667.21,676.94,5226918.0,5249779442.0,418350224.0,0.012494120237401856
2026-03-31,1380,671.31,684.0,659.2,659.2,5075376.0,5072933425.0,418350224.0,0.012131883070295666
2026-04-01,1381,675.97,713.52,675.97,705.07,10000913.0,10410610082.0,418350224.0,0.023905599725458734
2026-04-02,1382,700.79,706.45,668.5,669.92,7091466.0,7184207986.0,418350224.0,0.01695102713749234
2026-04-03,1383,677.31,697.43,669.93,687.84,6224472.0,6355115333.0,418350224.0,0.014878615195865176
2026-04-07,1384,686.03,768.51,684.69,750.4,14082900.0,15532637045.0,418350224.0,0.03366294361061463
2026-04-08,1385,777.29,783.92,763.15,780.58,10483254.0,12135960241.0,418350224.0,0.02505855954794469
2026-04-09,1386,777.9,819.62,771.86,803.38,9750872.0,11687631029.0,418350224.0,0.023307916287861243
2026-04-10,1387,808.08,819.62,797.28,811.9,9003652.0,10839608534.0,418350224.0,0.021521805137123578
2026-04-13,1388,806.07,840.0,806.01,817.88,7879142.0,9684560234.0,418350224.0,0.01883384195343469
2026-04-14,1389,821.48,837.45,808.81,832.87,7703170.0,9413266659.0,418350224.0,0.018413208737758438
2026-04-15,1390,832.89,890.03,830.93,854.35,12429888.0,16061962461.0,418350224.0,0.029711680039640663
2026-04-16,1391,858.37,881.84,853.02,876.48,7796484.0,10107382521.0,421685170.0,0.018488874057392152
2026-04-17,1392,871.7,904.96,865.08,894.58,7210520.0,9612455944.0,421685170.0,0.017099297089342744
2026-04-20,1393,899.28,924.22,889.33,924.22,7519583.0,10224177313.0,421685170.0,0.017832220658838917
2026-04-21,1394,912.69,917.46,877.15,891.9,8179094.0,10897674222.0,421685170.0,0.01939620973628264
2026-04-22,1395,883.85,898.59,877.2,896.59,6808209.0,9042046567.0,421685170.0,0.016145241721448256
2026-04-23,1396,895.9,911.97,869.1,887.21,7718789.0,10258176454.0,421685170.0,0.018304625225497022
2026-04-24,1397,884.95,945.27,859.43,906.99,12407144.0,16760993798.0,421685170.0,0.029422765804166175
2026-04-27,1398,905.35,929.45,899.47,909.82,7093204.0,9653255998.0,421685170.0,0.016821089534640263
2026-04-28,1399,907.85,951.5,907.85,921.74,7453538.0,10382787206.0,421685170.0,0.017675599073118935
2026-04-29,1400,916.04,952.25,903.21,949.99,9086007.0,12679634307.0,421685170.0,0.021546897179239195
2026-04-30,1401,989.14,1140.0,989.14,1140.0,17884265.0,28465682091.0,421685170.0,0.042411415606576824
2026-05-06,1402,1196.88,1318.4,1187.63,1223.85,19780525.0,36853365889.0,421685170.0,0.04690827756641287
2026-05-07,1403,1223.81,1264.44,1202.26,1252.68,10998270.0,20370937034.0,421685170.0,0.0260817092524264
2026-05-08,1404,1217.03,1220.0,1158.01,1182.53,19102442.0,22579188932.0,628292969.0,0.030403717600729668
2026-05-11,1405,1201.0,1205.99,1158.03,1200.0,23172174.0,27508753618.0,628292969.0,0.03688116076944353
2026-05-12,1406,1199.99,1293.33,1189.81,1277.87,20958058.0,26179370124.0,628292969.0,0.03335714234293779
2026-05-13,1407,1239.0,1316.88,1236.0,1316.88,15877771.0,20435334731.0,628292969.0,0.02527128550439023
2026-05-14,1408,1320.0,1350.0,1232.32,1260.58,18113864.0,23168939110.0,628292969.0,0.028830282835776887
2026-05-15,1409,1234.88,1276.89,1195.88,1209.0,16174997.0,19897266825.0,628292969.0,0.025744354621291328
2026-05-18,1410,1200.0,1260.0,1183.04,1216.99,12505636.0,15362333167.0,628292969.0,0.01990414761429552
2026-05-19,1411,1216.89,1326.0,1175.0,1319.2,18635194.0,23213525760.0,628292969.0,0.02966003905735256
2026-05-20,1412,1300.0,1396.0,1291.99,1362.41,18374265.0,25016102648.0,628292969.0,0.029244740760420638
2026-05-21,1413,1370.04,1386.0,1285.0,1290.9,15339509.0,20529652609.0,628292969.0,0.024414580071482544
2026-05-22,1414,1300.5,1319.99,1270.43,1286.0,11223994.0,14472861259.0,628292969.0,0.01786426803066771
2026-05-25,1415,1321.01,1435.0,1321.01,1406.5,17338398.0,24028347135.0,628292969.0,0.02759604015240858
2026-05-26,1416,1383.01,1448.01,1375.0,1410.96,15397469.0,21675499047.0,628292969.0,0.024506830029479447
2026-05-27,1417,1385.0,1412.99,1334.0,1340.0,13802949.0,18926941351.0,628292969.0,0.021968969383771665
2026-05-28,1418,1361.0,1404.99,1349.01,1391.5,12671712.0,17472983177.0,628292969.0,0.020168476531208804
2026-05-29,1419,1400.0,1414.0,1295.0,1310.0,14502989.0,19414820750.0,628292969.0,0.02308316297583779
2026-06-01,1420,1326.0,1326.0,1238.0,1238.0,13489609.0,17200897814.0,628292969.0,0.02147025299593954
2026-06-02,1421,1246.0,1319.58,1245.0,1300.0,12433895.0,16088931664.0,628292969.0,0.01978996362125453
2026-06-03,1422,1292.3,1428.01,1291.0,1378.1,16559805.0,22683725029.0,628292969.0,0.02635682049149272
2026-06-04,1423,1365.0,1400.0,1347.0,1358.9,8841560.0,12121114904.0,628292969.0,0.01407235228825233
2026-06-05,1424,1342.0,1407.77,1287.34,1299.2,11635451.0,15620599199.0,628292969.0,0.018519148827208985
2026-06-08,1425,1239.3,1298.88,1230.08,1250.36,11417055.0,14376345578.0,628292969.0,0.018171546656286074
2026-06-09,1426,1279.0,1285.8,1239.02,1270.01,10673185.0,13514130551.0,628292969.0,0.0169875926146167
2026-06-10,1427,1300.0,1349.9,1224.17,1231.0,13832746.0,17771830139.0,628292969.0,0.022016394711556926
2026-06-11,1428,1221.96,1255.0,1199.0,1219.5,11181993.0,13632001124.0,628292969.0,0.0177974186434036
2026-06-12,1429,1258.0,1260.0,1202.0,1240.0,14976597.0,18376258023.0,628292969.0,0.02383696418541332
2026-06-15,1430,1253.0,1345.99,1238.88,1335.0,15437304.0,20204543688.0,628292969.0,0.02457023198042504
2026-06-16,1431,1335.5,1335.91,1297.79,1306.99,9967179.0,13096230889.0,628292969.0,0.01586390345233992
2026-06-17,1432,1290.4,1329.87,1271.1,1320.0,13322575.0,17255115422.0,628292969.0,0.02120439931263977
2026-06-18,1433,1319.72,1540.0,1313.2,1507.46,22169416.0,32153278755.0,628292969.0,0.035285156915387986
2026-06-22,1434,1480.0,1494.94,1420.0,1456.99,15035673.0,21882369235.0,628292969.0,0.02393099038483749
2026-06-23,1435,1453.0,1506.0,1394.84,1413.0,13837563.0,20001635530.0,628292969.0,0.0220240615170723
2026-06-24,1436,1402.0,1468.88,1378.0,1453.0,14065644.0,20184662912.0,628292969.0,0.022387078471349246
2026-06-25,1437,1460.0,1536.25,1436.0,1505.0,15982184.0,23799059014.0,628292969.0,0.02543747071599014
2026-06-26,1438,1482.0,1518.98,1415.0,1458.0,12435236.0,18243658225.0,628292969.0,0.01979209797587278
2026-06-29,1439,1462.33,1541.94,1420.0,1482.0,15117765.0,22434932060.0,628292969.0,0.024061649176277827
2026-06-30,1440,1488.41,1620.0,1488.37,1595.55,16221628.0,25487017441.0,628292969.0,0.025818573182218755
2026-07-01,1441,1560.0,1588.97,1470.01,1485.33,12580240.0,19179504251.0,628292969.0,0.020022888398739985
2026-07-02,1442,1410.0,1448.66,1348.0,1372.0,14056428.0,19615355231.0,628292969.0,0.022372410155046634
2026-07-03,1443,1344.14,1412.0,1340.0,1353.0,10192184.0,14021878020.0,628292969.0,0.016222024601392604
2026-07-06,1444,1383.0,1389.86,1291.0,1369.75,10368377.0,14045400474.0,628292969.0,0.01650245587898661
2026-07-07,1445,1355.0,1439.98,1346.06,1388.0,11875332.0,16641769701.0,628292969.0,0.018900946828835197
2026-07-08,1446,1423.0,1479.31,1400.01,1413.55,11717727.0,16775188064.0,628292969.0,0.01865010047565883
2026-07-09,1447,1442.7,1548.0,1393.0,1535.01,16544902.0,24579250089.0,628292969.0,0.02633310066533627
2026-07-10,1448,1542.98,1569.97,1400.0,1400.0,13195045.0,19901970613.0,628292969.0,0.021001420755991304
2026-07-13,1449,1421.4,1504.96,1363.0,1390.0,16476372.0,23601713850.0,628292969.0,0.026224027345434133
2026-07-14,1450,1410.0,1425.98,1315.0,1411.0,13659840.0,18832581270.0,628292969.0,0.02174119506977962
2026-07-15,1451,1420.0,1425.0,1334.0,1347.46,9470250.0,12981052461.0,628292969.0,0.01507298420842268
2026-07-16,1452,1305.9,1357.77,1261.0,1279.22,13208718.0,17259534161.0,628292969.0,0.02102318289670372
2026-07-17,1453,1268.0,1278.0,1156.0,1190.58,16650126.0,20207709790.0,628292969.0,0.026500576676037894
2026-07-20,1454,1240.0,1278.53,1167.0,1209.0,16139997.0,19752324179.0,628292969.0,0.025688648124916388
2026-07-21,1455,1260.0,1357.46,1208.0,1350.02,17184383.0,22090557774.0,628292969.0,0.027350907694146106
2026-07-22,1456,1320.66,1382.8,1285.0,1310.0,13275708.0,17766965741.0,628292969.0,0.02112980513076536
2026-07-23,1457,1336.0,1336.0,1233.0,1249.0,10861225.0,13758460664.0,628292969.0,0.01728687974542653
2026-07-24,1458,1235.98,1265.0,1210.0,1225.0,8586383.0,10630781334.0,628292969.0,0.013666208956096085
2026-07-27,1459,1239.0,1248.0,1180.0,1241.02,8493639.0,10348113108.0,628292969.0,0.013518596290387581
2026-07-28,1460,1202.61,1226.0,1091.0,1128.0,14442171.0,16618447772.0,628292969.0,0.022986364184508327
2026-07-29,1461,1153.0,1166.66,1071.91,1146.9,14246485.0,15992045405.0,628292969.0,0.022674907571661844
2026-07-30,1462,1115.0,1136.0,1010.83,1042.43,18860403.0,19917927252.0,628292969.0,0.030018484895698395
2026-07-31,1463,1139.5,1179.5,1101.58,1106.0,16267445.0,18552276984.0,628292969.0,0.02589149616920192
2026-08-03,1464,1100.0,1105.0,1015.0,1028.0,13977138.0,14599925220.0,628292969.0,0.022246211066544657
2026-08-04,1465,1041.0,1097.87,1019.0,1078.21,17629941.0,18603024973.0,628292969.0,0.02806006412591257
2026-08-05,1466,1088.0,1161.94,1080.01,1136.9,18193148.0,20557102477.0,628292969.0,0.02895647237459377
2026-08-06,1467,1103.0,1185.0,1095.0,1168.15,12478455.0,14303868410.0,628292969.0,0.019860885949210743
2026-08-07,1468,1168.15,1210.0,1145.02,1199.93,15948922.0,18752905260.0,628292969.0,0.02538453044506376
2026-08-10,1469,1163.0,1213.0,1110.01,1124.0,20711014.0,23751647076.0,628292969.0,0.0329639436089249
2026-08-11,1470,1100.0,1123.99,1070.0,1090.64,13416047.0,14751222439.0,628292969.0,0.021353170673472872
2026-08-12,1471,1095.98,1134.55,1092.0,1105.38,10307738.0,11460557563.0,628292969.0,0.016405941986595746
2026-08-13,1472,1130.0,1170.0,1100.55,1105.5,12991822.0,14834774792.0,628292969.0,0.020677968147054023
2026-08-14,1473,1119.99,1123.3,1072.5,1093.0,10131668.0,11077385737.0,628292969.0,0.016125706477546145
2026-08-17,1474,1096.0,1156.68,1085.7,1156.0,13999152.0,15838555864.0,628292969.0,0.022281248861150314
2026-08-18,1475,1150.0,1170.0,1134.12,1162.5,10883232.0,12569910354.0,628292969.0,0.017321906398732913
2026-08-19,1476,1130.56,1138.0,1038.39,1050.49,15746396.0,17003021919.0,628292969.0,0.02506218719121143
2026-08-20,1477,1060.02,1068.9,995.0,1010.88,14855370.0,15191095235.0,628854008.0,0.02362292330336869
2026-08-21,1478,999.98,1061.47,996.0,1035.0,12033293.0,12446848997.0,628854008.0,0.0191352728088202
2026-08-24,1479,1035.0,1039.0,950.0,969.05,17280561.0,16886554338.0,628854008.0,0.02747944798023773
2026-08-25,1480,970.0,1029.24,953.0,1010.48,12571975.0,12588517790.0,628854008.0,0.01999188180414682
2026-08-26,1481,1005.0,1036.85,1001.12,1020.0,9728315.0,9952518620.0,628854008.0,0.015469910148048226
2026-08-27,1482,1045.5,1055.0,1033.18,1048.0,9138437.0,9532759814.0,628854008.0,0.014531889570146462
2026-08-28,1483,1050.0,1090.71,1042.01,1046.63,10860437.0,11636724830.0,628854008.0,0.017270203993038715
2026-08-31,1484,1015.5,1115.0,1015.0,1112.18,12195617.0,13143617812.0,628854008.0,0.01939339949313005
2026-09-01,1485,1112.18,1140.96,1100.0,1109.0,9597923.0,10731344641.0,628854008.0,0.015262561545127338
2026-09-02,1486,1087.81,1130.0,1084.9,1108.0,7713243.0,8524081542.0,628854008.0,0.012265554328787866
2026-09-03,1487,1126.0,1129.86,1085.0,1099.99,6509888.0,7167392161.0,628854008.0,0.01035198617991475
2026-09-04,1488,1115.0,1120.0,1063.41,1072.0,8282775.0,9047857130.0,628854008.0,0.013171220815372461
2026-09-07,1489,1077.75,1104.99,1050.0,1092.38,10202939.0,11026357487.0,628854008.0,0.016224654482920937
2026-09-08,1490,1093.0,1100.5,1050.56,1058.99,8629463.0,9288970928.0,628854008.0,0.013722522064294453
2026-09-09,1491,1067.0,1070.19,1045.99,1054.96,6545301.0,6913648256.0,628854008.0,0.010408299727335124
2026-09-10,1492,1049.0,1058.9,1031.13,1043.84,5679008.0,5938529252.0,628854008.0,0.009030725617956148
2026-09-11,1493,1020.99,1047.33,1006.0,1040.0,10764829.0,11057459706.0,628854008.0,0.017118168705382568
